name,tech_score,confidence,city,region,country,address,lat,lng,website,phone,careers_url,careers_provider,careers_api_url,careers_confidence,careers_last_checked,careers_notes,categories,sources,source_ids,notes
Xora Software Systems Pvt Ltd,100.0,high,Bengaluru,Karnataka,India,"72, Intermediate Ring Road, 560071",12.9575682,77.6416592,,,,,,,,,office=it,openstreetmap,"{""openstreetmap"": ""node:1902205307""}","matched: software, technology, systems, office=it"
Quadkast Technologies,100.0,high,Chennai,Tamil Nadu,India,"Plot 12C, 1, 3rd Cross St, South Phase, Guindy Industrial Estate, Guindy, Chennai, Tamil Nadu 600032",13.0160677,80.2003626,http://quadkast.com/,,https://www.quadkast.com/careers,company_website,https://www.quadkast.com/_next/static/chunks/app/careers/page-0165fe271a2b5e08.js,medium,2026-06-12T19:01:30+00:00,careers page found on company website,office=it | description=Software Company,openstreetmap,"{""openstreetmap"": ""node:7162410756""}","matched: software, technologies, office=it"
WePop Info Solutions,100.0,high,Chennai,Tamil Nadu,India,"plot No 11, Balamurugan Garden Street, thoraipakkam,chennai., 600097",12.9445206,80.2397508,,,,,,,,,"building=yes | description=Wepop Info Solution is leading Mobile App Development Company in Chennai, We are Indian based Software Development for Mobile App Development, Augmented Reality, Virtual Reality, Digital Marketing, SEO, SMO, SMM, SEM, ASO, Web Design and Development.",openstreetmap,"{""openstreetmap"": ""way:354854200""}","matched: software, app development, mobile app, solutions, digital"
Proponent Technologies Private Limited,100.0,high,Dehradun,Uttarakhand,India,,30.2908822,78.0508691,https://proponenttechnologies.com/,,,,,,,,"description=Proponent Technologies Pvt. Ltd. is an offshore software and web development company. We specialize in creating smart user interfaces and offer website and mobile app development, digital marketing, and IT consulting.",openstreetmap,"{""openstreetmap"": ""node:11542645031""}","matched: software, technologies, app development, mobile app, web development, digital"
SPARC PVT LTD,100.0,high,Dehradun,Uttarakhand,India,,30.3616873,78.086204,,,,,,,,,"office=it | description=GIS, Software Development, Business Intelligence, Artificial Intelligence, IoT and Customized GIS based IT Solutions and Services",openstreetmap,"{""openstreetmap"": ""node:6123254070""}","matched: software, artificial intelligence, solutions, office=it"
Absolute Online Web | Website Designers in Hyderabad | Digital Marketing in Hyderabad | SEO Services in Hyderabad,100.0,high,Hyderabad,Telangana,India,"16-2-45/B, Sayeedabad Road Jeevan Yaar Jung Colony, Akbarbagh, New Malakpet, Hyderabad, 500059",17.3647284,78.5063426,https://www.aoplweb.com/,+91 8885411511,,,,none,2026-06-12T18:59:00+00:00,homepage fetch failed: ConnectTimeout; https://www.aoplweb.com/jobs: ConnectTimeout; https://www.aoplweb.com/jobs/: ConnectTimeout; https://www.aoplweb.com/career: ConnectTimeout; no careers page detected,"office=it | description=Absolute Online Web is an innovative web Hosting, web designing and web development company based out of Hyderabad. Absolute Online Web is providing an array of services like web services, digital marketing, search engine optimization, software developmen",openstreetmap,"{""openstreetmap"": ""node:9770198992""}","matched: software, web development, digital, office=it"
A R Infotech,100.0,high,Jaipur,Rajasthan,India,"13/516,, Kaveri Path, Mansarover Sector 1, Jaipur, 302020",26.8755265,75.7562018,https://www.arinfotech.co.in/,+91-9829321136,https://www.arinfotech.co.in/career.html,company_website,https://www.arinfotech.co.in/career.html,medium,2026-06-12T19:00:02+00:00,careers page found on company website,"building=office | description=A R Infotech has been in the market for 15 years, established in 2006, providing fully satisfied information technology solutions and digital marketing services to all customers. We are one of the best and reputed website development and digital marketing",openstreetmap,"{""openstreetmap"": ""way:476530739""}","matched: information technology, technology, infotech, solutions, digital"
System Logic Software Solution Pvt Ltd -Website Design & Web Development Company | Mobile App Development Company in Jaipur,100.0,high,Jaipur,Rajasthan,India,"Plot number 5/73 Bika Lines, Chitrakoot, Vaishali Nagar, Jaipur, 302021",26.8982244,75.7340816,https://maps.app.goo.gl/LQx8Qg1RwnEAT4xF8,,https://jobs.google.com/about/,company_website,https://www.google.com/search?q=jobs+near+me,medium,2026-06-12T19:00:07+00:00,careers page found on company website,"description=System Logic Software Solution Pvt Ltd is a leading IT company in Jaipur, providing complete IT solutions since 2014. We specialize in mobile app development, website development, design, and digital marketing. Our team consists of highly skilled professi",openstreetmap,"{""openstreetmap"": ""node:12582083508""}","matched: software, app development, mobile app, web development, solutions, digital"
Prismberry Technologies - Cloud & Software Company in Noida,100.0,high,Noida,Uttar Pradesh,India,"C-79, C Block, Sector 2, Noida, 201301",28.5833691,77.315307,https://www.prismberry.com/,9999000981,https://prismberry.com/careers,company_website,https://prismberry.com/careers/,medium,2026-06-12T19:00:09+00:00,careers page found on company website,"building=commercial | description=Prismberry Technologies, the best software company in Noida, is your next-generation technology partner. We specialize in software design and development, focusing on AI, Product Engineering, Cloud Technologies, Data Analytics, Mobile Application Developm",openstreetmap,"{""openstreetmap"": ""way:352263710""}","matched: software, technology, technologies, data analytics, cloud"
Bugbattlers Technologies | Android App | iOS App | Mobile App Development,100.0,high,Pune,Maharashtra,India,"2nd floor, Paud Road,Anant Manohar Apartment, Pune, 411038",18.5077618,73.7922724,https://bugbattlers.com/,7972812221,,,,none,2026-06-12T19:00:17+00:00,https://bugbattlers.com/jobs: HTTPError; https://bugbattlers.com/jobs/: HTTPError; https://bugbattlers.com/career: HTTPError; no careers page detected,office=it | building=yes,openstreetmap,"{""openstreetmap"": ""way:360505163""}","matched: technologies, app development, mobile app, office=it"
Fintalk Software Labs Pvt. Ltd.,100.0,high,Pune,Maharashtra,India,"A-4, Kiran Suyog, Laxman Nagar, Balewadi, Moze college ground, Pune, 411045",18.5740173,73.7696176,https://fintalklabs.com,,https://republik62tante.com/,company_website,https://smapi.xystem138.com/api/opgateway/v1/op/demo/LaunchGame?opId=l22trgIDR&amp;Currency=IDR&amp;GameCode=30004&amp;lang=en-us&#39,medium,2026-06-12T19:00:21+00:00,careers page found on company website,"office=company | description=Software company in Pune. Solutions in Artificial Intelligence, Data Analytics, Machine Learning, Internet of Things & Embedded Software",openstreetmap,"{""openstreetmap"": ""node:7147895840""}","matched: software, artificial intelligence, machine learning, data analytics, solutions, labs, office=company; negative hints: college"
Web Brace Technologies,100.0,high,Pune,Maharashtra,India,,18.4658435,73.8496259,,,,,,,,,"description='Web Brace Technologies providing all kind of Digital Services like web designing, web development, Digital Marketing, SEO, SMO, Mobile app development etc..'",openstreetmap,"{""openstreetmap"": ""node:7025744210""}","matched: technologies, app development, mobile app, web development, digital"
Upsurge Infotech - SAP | Software Testing | Data Analytics | Python | Digital Marketing |Agentic AI Training classes Near you,98.0,high,Mumbai,Maharashtra,India,"3rd Floor, 2A/20, Vivina CHS Limited, S.V. Road, Super Shopping Centre, Andheri West, Mumbai, 400058",19.1188368,72.845929,https://upsurgeinfotech.com/,098191 57317,,,,none,2026-06-12T19:00:25+00:00,homepage fetch failed: ConnectionError; https://upsurgeinfotech.com/jobs: ConnectionError; https://upsurgeinfotech.com/jobs/: ConnectionError; https://upsurgeinfotech.com/career: ConnectionError; no careers page detected,,openstreetmap,"{""openstreetmap"": ""node:13881352301""}","matched: software, infotech, data analytics, digital"
NASTAF Technologies PVT LTD,97.0,high,Chennai,Tamil Nadu,India,"II Floor, Swathi Complex, No. 34, Flat No 2, Nandanam, Chennai, Tamil Nadu, Chennai, 600017",13.0312301,80.2394047,https://nastaf.com/,,,,,none,2026-06-12T19:01:27+00:00,homepage fetch failed: SSLError; https://nastaf.com/jobs: SSLError; https://nastaf.com/jobs/: SSLError; https://nastaf.com/career: SSLError; no careers page detected,office=IT Software Company,openstreetmap,"{""openstreetmap"": ""node:13077992493""}","matched: software, technologies, office=it"
SpatioWorld Technologies,97.0,high,Pune,Maharashtra,India,"Office No. 1028A, 10th Floor, Geras Imperium Rise, Rajiv Gandhi Infotech Park, MIDC, Mulshi, Hinjawadi Phase 2, Pune, 411057",18.5962067,73.7178382,https://spatioworld.com,+91 8956588558,https://spatioworld.com/jobs,company_website,https://fonts.googleapis.com,medium,2026-06-12T19:01:32+00:00,careers page found on company website,office=it,openstreetmap,"{""openstreetmap"": ""node:12281630915""}","matched: technologies, infotech, office=it"
Cron24 Technologies,93.0,high,Madurai,Tamil Nadu,India,"Technology Business Incubator, TCE Campus, Thiruparankundram, Madurai - 625015",9.885968,78.0762394,https://cron24.com,+91 93602 39309,,,,,,,office=it,openstreetmap,"{""openstreetmap"": ""node:7981200683""}","matched: technology, technologies, office=it"
Maventus Software Technologies Private. Ltd.,92.0,high,Hyderabad,Telangana,India,,17.4371861,78.3945689,,,,,,,,,office=it,openstreetmap,"{""openstreetmap"": ""node:7021303667""}","matched: software, technologies, office=it"
Atyantik Technologies Private Limited,92.0,high,Vadodara,Gujarat,India,"304, Privilege Avenue, Dr. Vikram Sarabhai campus, Vadodara, Gujarat, 390007",22.3175363,73.166643,https://www.atyantik.com,+918347435435,,,,,,,"description=Atyantik Technologies is an IT software services company based in Vadodara, Gujarat. Established in 2015, it services the needs of both large and mid-sized enterprises. The company is involved in data processing and is known for its proficiency in the IT",openstreetmap,"{""openstreetmap"": ""way:1184434974""}","matched: software, it services, technologies"
BrillMindz,91.0,high,Bengaluru,Karnataka,India,"#572, 1st Floor, 6th F Cross Rd, 6th Block, 6th Cross Road, Bengaluru, 560095",12.9372774,77.6266203,https://brillmindz.com/,91 9538448421,,,,none,2026-06-12T19:01:36+00:00,https://pepeneropizzerianh.com/jobs: HTTPError; https://pepeneropizzerianh.com/jobs/: HTTPError; https://pepeneropizzerianh.com/career: HTTPError; no careers page detected,office=it | description=Mobile App Development Company,openstreetmap,"{""openstreetmap"": ""node:7165561635""}","matched: app development, mobile app, office=it"
Planvisage Software Solutions,91.0,high,Bengaluru,Karnataka,India,"35/1, 2nd Floor, Cunningham Hallmark, Cunningham Road, Bengaluru, 560001",12.9864281,77.5952553,https://planvisage.com/,+91 80 4113 5997,https://www.planvisage.com/aboutus,company_website,https://panorama.wixapps.net/api/v1/bulklog,medium,2026-06-12T19:02:47+00:00,careers page found on company website,office=it | description=Supply chain solutions company,openstreetmap,"{""openstreetmap"": ""node:13469785380""}","matched: software, solutions, office=it"
Robert Bosch Engineering and Business Solutions Limited,91.0,high,Bengaluru,Karnataka,India,"Campus 1B EcoSpace Varthur Hobli Sarjapura Villas,, Service Rd, Adarsh Palm Retreat, Bellandur, Belandur, Bangalore, 560103",12.9265276,77.6798083,https://www.bosch-india-software.com,080665 75757,https://www.bosch.in/careers/,company_website,https://www.bosch.in/careers/,medium,2026-06-12T19:02:49+00:00,careers page found on company website,office=it,openstreetmap,"{""openstreetmap"": ""node:3551347251""}","matched: software, solutions, office=it"
Immo Information Technology,90.0,high,Panaji/Goa,Goa,India,"Belgaum - Panaji Highway, Merces",15.492543,73.8511974,,,,,,,,,office=it,openstreetmap,"{""openstreetmap"": ""node:5848315621""}","matched: information technology, technology, office=it"
Conversantech,89.0,high,Mumbai,Maharashtra,India,"D57 Mewawala Apartments, St. Mary road, Vile Parle West, 400056",19.0988742,72.8411616,https://www.conversantech.com,,,,,none,2026-06-12T19:01:39+00:00,homepage fetch failed: ConnectTimeout; https://www.conversantech.com/jobs: ConnectTimeout; https://www.conversantech.com/jobs/: ConnectTimeout; https://www.conversantech.com/career: ConnectTimeout; no careers page detected,office=it | description=IT & Web Development Company In Mumbai.,openstreetmap,"{""openstreetmap"": ""node:11505778319""}","matched: technologies, web development, office=it"
Foradian Technologies,88.0,high,Bengaluru,Karnataka,India,"#2569/665, 27th Main Rd, 1st Sector, HSR Layout, Bengaluru, 560102",12.9159814,77.6516057,https://www.foradian.com/,+91 8067393000,,,,none,2026-06-12T19:02:41+00:00,https://www.foradian.com/jobs: HTTPError; https://www.foradian.com/jobs/: HTTPError; https://www.foradian.com/career: HTTPError; no careers page detected,office=company | description=Foradian Technologies is a privately held software provider of ERP Solutions for education institutions,openstreetmap,"{""openstreetmap"": ""node:4313884779""}","matched: software, technologies, solutions, office=company"
Samaj Infotech,88.0,high,Gandhinagar,Gujarat,India,"236, 2nd Floor, Radhe Square, Nr. Reliance Cross roads, Kudasan, Urjanagar 1, Gandhinagar, 382421",23.1846955,72.6297076,https://www.samajinfotech.com,+919824303899,,,,none,2026-06-12T19:02:43+00:00,https://www.samajinfotech.com/jobs: HTTPError; https://www.samajinfotech.com/jobs/: HTTPError; https://www.samajinfotech.com/career: HTTPError; no careers page detected,description=Website | Game | Animation | Software & App Development Company,openstreetmap,"{""openstreetmap"": ""node:5865313367""}","matched: software, infotech, app development"
Vyomnet Technologies (OPC) Private Limited,88.0,high,New Delhi,Delhi,India,"201 A, Second Floor, Shakti Mandir Marg, Delhi, 110007",28.6806605,77.1989865,https://vyomnet.tech,+91 11 4106 5220,,,,none,2026-06-12T19:02:45+00:00,https://vyomnet.tech/jobs: HTTPError; https://vyomnet.tech/jobs/: HTTPError; https://vyomnet.tech/career: HTTPError; no careers page detected,"office=company | description=Internet enabled applications development company. We build websites, ecommerce sites, web applications, mobile apps, custom software solutions for individuals and enterprises.  We are an ISO 9001:2005 and ISO 27001:2013 certified company.",openstreetmap,"{""openstreetmap"": ""node:9066810595""}","matched: software, technologies, solutions, office=company"
Sensation Software Solutions Pvt. Ltd.,87.0,high,Chandigarh-Mohali,Chandigarh/Punjab,India,"F-7, Phase-8, Industrial Area, Mohali, 160072",30.7104382,76.7064411,https://www.sensationsolutions.com/,+911725095622,,,,none,2026-06-12T19:02:57+00:00,homepage fetch failed: HTTPError; https://www.sensationsolutions.com/jobs: HTTPError; https://www.sensationsolutions.com/jobs/: HTTPError; https://www.sensationsolutions.com/career: HTTPError; no careers page detected,office=it,openstreetmap,"{""openstreetmap"": ""node:8240314954""}","matched: software, solutions, office=it"
Pynesec Technologies Private Limited - Cyber security Services Company,87.0,high,Chennai,Tamil Nadu,India,"4/2, Samayapuram Nagar Main Road, porur, 600116",13.0380062,80.1512771,https://www.pynesec.com/,+919043111754,,,,none,2026-06-12T19:02:58+00:00,https://www.pynesec.com/jobs: HTTPError; https://www.pynesec.com/jobs/: HTTPError; https://www.pynesec.com/career: HTTPError; no careers page detected,office=it,openstreetmap,"{""openstreetmap"": ""node:12027874068""}","matched: technologies, cyber security, office=it"
Atclicks,87.0,high,Kochi,Kerala,India,"George Varghese Lane, Kadavanthra, Kochi, 682020",9.9643304,76.3025558,https://www.atclicks.com/,+91 484 404 2070,,,,none,2026-06-12T19:03:02+00:00,https://www.atclicks.com/jobs: HTTPError; https://www.atclicks.com/jobs/: HTTPError; https://www.atclicks.com/career: HTTPError; no careers page detected,office=it,openstreetmap,"{""openstreetmap"": ""node:5867424640""}","matched: software, solutions, office=it"
Department of Information Technology,87.0,high,Mangaluru,Karnataka,India,,13.0112342,74.7922643,,,,,,,,,,openstreetmap,"{""openstreetmap"": ""node:3655381894""}","matched: information technology, technology, artificial intelligence, labs"
Beelogical Software Solutions,87.0,high,Pune,Maharashtra,India,"plot no 12, Kshipra Sahanivas Galli 1, Pune, 411052",18.4925793,73.8206499,https://bee-logical.com/,+91 96658 62273,,,,,,,"office=it | description=Plot no. 12, Purvakarta Bungalow, Kshipra Society, Near Idea Showroom, Lane Number 1, Chintamani Society, Kshipra Sahaniwas, Karve Nagar, Kshipra Society, Karve Nagar, Pune, Maharashtra 411052",openstreetmap,"{""openstreetmap"": ""node:4646616232""}","matched: software, solutions, office=it"
BFSI Software,85.0,high,Bengaluru,Karnataka,India,,12.9810579,77.6405905,,,,,,,,,office=information technology,openstreetmap,"{""openstreetmap"": ""node:3725658266""}","matched: software, information technology, technology"
Ahmedabad Technologies - CCTV,83.0,high,Ahmedabad,Gujarat,India,"Danilimda Cross Road, Ahmedabad, 380028",22.9971605,72.5784693,https://ahmedabadcctv.in,+91 9484830629,,,,,,,"office=it | description=We're a local company in Ahmedabad that provides affordable CCTV surveillance, maintenance, and access control systems to homes and businesses across Ahmedabad and neighbouring areas. Our experienced CCTV technicians near you will work with you to fully u",openstreetmap,"{""openstreetmap"": ""node:11236499287""}","matched: technologies, systems, office=it"
Persistent Systems Limited,83.0,high,Panaji/Goa,Goa,India,"L-44, Unit 1, Software Technology Park, Verna Industrial Estate, 403722",15.3660665,73.9328877,,,,,,,,,office=company,openstreetmap,"{""openstreetmap"": ""node:5257979363""}","matched: software, technology, systems, office=company"
Accord Software & Systems Pvt Ltd,82.0,high,Bengaluru,Karnataka,India,,12.9705486,77.6457156,,,,,,,,,office=it,openstreetmap,"{""openstreetmap"": ""node:3851862910""}","matched: software, systems, office=it"
Arasu Infotech,81.0,high,Chennai,Tamil Nadu,India,"No 45, 1st and 2nd floor, Om sakthi nagar, Kasi Towers, Mettukuppam, Vanagaram, Chennai, 600095",13.0456588,80.1499119,arasuinfotechservices.com,9943400155,,,,,,,office=it | description=Digital marketing company with a strong international presence. Our Digital Marketing Consultants use their knowledge and expertise to make a difference for businesses all around the world.,openstreetmap,"{""openstreetmap"": ""node:10698896818""}","matched: infotech, digital, office=it"
RideNext Software solutions,80.0,high,Bengaluru,Karnataka,India,,12.9156771,77.6445738,,,,,,,,,office=it,openstreetmap,"{""openstreetmap"": ""node:11533032808""}","matched: software, solutions, office=it"
Tayana Software Solutions Pvt Ltd.,80.0,high,Bengaluru,Karnataka,India,,12.9710313,77.6182045,,,,,,,,,office=it,openstreetmap,"{""openstreetmap"": ""node:3806272639""}","matched: software, solutions, office=it"
PLLC software Solutions,80.0,high,Hyderabad,Telangana,India,,17.3680701,78.5403041,,,,,,,,,office=it,openstreetmap,"{""openstreetmap"": ""node:7152903470""}","matched: software, solutions, office=it"
Prime Software Solutions Pvt Ltd,80.0,high,Hyderabad,Telangana,India,,17.4425246,78.3873128,,,,,,,,,office=it,openstreetmap,"{""openstreetmap"": ""node:7021303621""}","matched: software, solutions, office=it"
Sneha Software Solutions,80.0,high,Hyderabad,Telangana,India,,17.4346899,78.3919878,,,,,,,,,office=it,openstreetmap,"{""openstreetmap"": ""node:7025820839""}","matched: software, solutions, office=it"
Dx Global Software Solutions Pvt Ltd,80.0,high,Kochi,Kerala,India,,10.0006936,76.2792703,,,,,,,,,office=it,openstreetmap,"{""openstreetmap"": ""node:12012807827""}","matched: software, solutions, office=it"
Internet Marketing Services in Hyderabad | Book a service,79.0,high,Hyderabad,Telangana,India,"Cyber Pearl B-Block,, HiTech City, Madhapur, Hyderabad, Telangana 500081, Hyderabad, 500081",17.4457128,78.3761857,https://aoplweb.in/,+91 9849720320,,,,,,,"office=it | description=Absolute Online Web is an innovative web Hosting, web designing and web development company based out of Hyderabad. Absolute Online Web is providing an array of services like web designing services, digital marketing services, search engine optimization.",openstreetmap,"{""openstreetmap"": ""node:9773299678""}","matched: web development, digital, office=it"
Sine90 Software Labs Pvt Ltd,78.0,high,Hyderabad,Telangana,India,,17.4427508,78.3861477,,,,,,,,,office=it,openstreetmap,"{""openstreetmap"": ""node:7021303618""}","matched: software, labs, office=it"
Raysoft Infotech Private Limited,76.0,high,Chennai,Tamil Nadu,India,"18/19, 1st STreet, Kalyan Nagar, Mudichur Road, Chennai, 600045",12.9246286,80.1087409,https://raysoftinfotech.com/,+91 9445890714,,,,,,,"building=office | description=At Raysoft, our commitment is to offer focused data-driven online marketing services including Website Development, SEO, SMM, SEM, RPA and Software Development. | building=commercial | description=Online Marketing and Business Process Outsourcing Services",openstreetmap,"{""openstreetmap"": ""way:1135948237""}","matched: software, infotech, digital"
"Feyman technologies- software,web,mobile applications development",76.0,high,Raipur,Chhattisgarh,India,"moudhapara,raipur, raipur, 492001",21.2461635,81.6375802,www.feyntch.com,+91 9826117457,,,,,,,office=company,openstreetmap,"{""openstreetmap"": ""node:4445270472""}","matched: software, technologies, office=company"
Tech Decade,75.0,high,Ahmedabad,Gujarat,India,"science city, Ahmedabad, 380060",23.0799028,72.5016478,https://www.techdecade.com,+91 6354995516,,,,,,,office=it,openstreetmap,"{""openstreetmap"": ""node:13146961826""}","matched: software, office=it"
BEO Software Pvt Ltd,75.0,high,Kochi,Kerala,India,"PJAntony Road, Cochin, 682025",10.0066183,76.3058725,https://beo-software.in,+91 484 234 1197,,,,,,,office=it | building=yes,openstreetmap,"{""openstreetmap"": ""way:801726059""}","matched: software, office=it"
Barcode Wala ( Retail System ),75.0,high,Patna,Bihar,India,"Road, Road Number 12, Patna, 800016",25.6048774,85.1662571,https://rspatna.com/,9334493507,,,,,,,"office=it | description=Barcode Related All Setup for Fuly Business Automation
Software and Hardware , Anti-Theft Solution
Call for any Need : 9334493507 ashok",openstreetmap,"{""openstreetmap"": ""node:11072536178""}","matched: software, office=it"
manpushp software,75.0,high,Raipur,Chhattisgarh,India,"Behind Gokul Chandrama Mandir, Purohitbada, Budhapara, Raipur, Chhattisgarh, Raipur, 492001",21.236837,81.6331762,https://www.manpushpsoftware.com/,+91 9303128798,,,,,,,office=it,openstreetmap,"{""openstreetmap"": ""node:4445309614""}","matched: software, office=it"
Xxat software,75.0,high,Raipur,Chhattisgarh,India,"330, samata colony main road,samata colony, raipur, 492001",21.2462632,81.6223527,https://www.xxatsolution.com/,+91 7489162331,,,,,,,office=it,openstreetmap,"{""openstreetmap"": ""node:4445372675""}","matched: software, office=it"
CodeRythm Technologies,74.0,high,Bengaluru,Karnataka,India,"1st Cross Rd, Sundar Nagar, Mathikere, Bangalore, 560054",13.0399458,77.5577474,https://coderythm.com/,+91 80 2345 0822,,,,,,,,openstreetmap,"{""openstreetmap"": ""node:2859824390""}","matched: software, technologies, startup"
Cognizant Technology Solutions,74.0,high,Chennai,Tamil Nadu,India,"Elcot SEZ, Chennai City Corporation Limits, 600119",12.9134678,80.2187913,,,,,,,,,office=it,openstreetmap,"{""openstreetmap"": ""way:468136482""}","matched: technology, solutions, office=it"
Ion Digital Zone I,74.0,high,Nagpur,Maharashtra,India,"Nrupali Infotech, Plot 128, Bombay Truck Terminus, Wadi",21.1496188,79.0055472,,,,,,,,,office=it,openstreetmap,"{""openstreetmap"": ""node:6223674238""}","matched: infotech, digital, office=it"
Cognizant Technology Solutions,74.0,high,Pune,Maharashtra,India,,18.5831786,73.7332672,,,,,,,,,office=it | building=yes,openstreetmap,"{""openstreetmap"": ""way:359537088""}","matched: technology, solutions, office=it"
Infycons Creative Software,73.0,high,Bengaluru,Karnataka,India,"7/1, I Floor, 80 Feet Road, Indiranagar, 560038",12.9808923,77.6458843,https://infycons.com/,,,,,,,,office=it,openstreetmap,"{""openstreetmap"": ""node:2377834239""}","matched: software, office=it"
Nilenso Software,73.0,high,Bengaluru,Karnataka,India,"105, 10th Cross, Bengaluru, 560038",12.9816173,77.6385578,https://nilenso.com/,,,,,,,,office=it,openstreetmap,"{""openstreetmap"": ""node:4030163472""}","matched: software, office=it"
Nagarro Software Pvt Ltd,73.0,high,Gurugram,Haryana,India,"13, Sub.Major Laxmi Chand Rd, Gurgaon",28.491745,77.0742923,https://www.nagarro.com,,,,,,,,office=it | building=yes,openstreetmap,"{""openstreetmap"": ""way:142938989""}","matched: software, office=it"
BluWebMedia IT Services Pvt. Ltd.,73.0,high,Kolkata,West Bengal,India,"704, Shaila Towers J - 1/16, EP Block, Sector V, Salt Lake City, 700091",22.5706444,88.4355904,https://www.bluwebmedia.co.in,+916289187548,,,,,,,office=it,openstreetmap,"{""openstreetmap"": ""node:6847500326""}","matched: it services, office=it"
ESDS Software Solution Pvt Ltd,73.0,high,Nashik,Maharashtra,India,"Plot No. B- 24 & 25,, NICE Industrial Area, Nashik, 422007",19.9960502,73.7473064,https://www.esds.co.in/,,,,,,,,office=it,openstreetmap,"{""openstreetmap"": ""node:2839142996""}","matched: software, office=it"
VMware Software India Pvt. Ltd.,73.0,high,Pune,Maharashtra,India,"5th - 8th floor, Tower B, Panchshil Business Park, Baner-Balewadi link road, Pune, 411045",18.5711146,73.7734771,https://www.vmware.com/in.html,,,,,,,,office=it,openstreetmap,"{""openstreetmap"": ""node:11052203032""}","matched: software, office=it"
Here Technologies,71.0,high,Mumbai,Maharashtra,India,,19.1765057,72.9929043,https://www.here.com/,,https://www.here.com/about/careers,icims,https://www.here.com/about/careers,high,2026-06-12T20:06:45+00:00,detected ATS/provider,office=it,openstreetmap,"{""openstreetmap"": ""node:9866414039""}","matched: technologies, office=it"
Solnet System pvt.ltd,71.0,high,Mumbai,Maharashtra,India,"118, Station Road, Mumbai, 400104",19.1656159,72.8476432,https://solnetindia.com/,,,,,,,,office=it | building=rolex shopping center,openstreetmap,"{""openstreetmap"": ""node:13762502878""}","matched: it services, office=it"
QBUrst Technologies,71.0,high,Thiruvananthapuram,Kerala,India,"Vazhuthacaud, SH 2, Thiruvananthapuram, 695014",8.4988326,76.9577955,https://www.qburst.com/,,https://www.qburst.com/en-jp/company/career/,company_website,https://storage.googleapis.com/qb-revamp-stg/v2/Logo_and_Wordmark_1e2d2c081b/Logo_and_Wordmark_1e2d2c081b.svg,medium,2026-06-12T20:57:30+00:00,careers page found on company website,office=it,openstreetmap,"{""openstreetmap"": ""node:2630867641""}","matched: technologies, office=it"
TrackoBit,70.0,high,Noida,Uttar Pradesh,India,"A-57, Sector 4, Noida, Noida, 201301",28.5822487,77.319968,https://trackobit.com/,9310402061,,,,,,,"office=company | description=TrackoBit is the fastest growing Telematics software company based out in India. Our expertise lies in building real-time platforms backed by robust infrastructure that scales on the cloud. We manage millions of real-time connections, process data into me",openstreetmap,"{""openstreetmap"": ""node:9597000226""}","matched: software, cloud, office=company"
Zenkins Technologies Private Limited,69.0,high,Ahmedabad,Gujarat,India,"B 612, The Gateway, Gangotri, to, Sardar Patel Ring Rd, Nikol, Ahmedabad, 380049",23.0430456,72.6790066,https://zenkins.com/,+91 7069018504,,,,,,,office=it,openstreetmap,"{""openstreetmap"": ""node:13576170081""}","matched: technologies, office=it"
Amiti Software Technologies Ltd.,69.0,high,Bengaluru,Karnataka,India,,12.8923066,77.5976171,,,,,,,,,office=company,openstreetmap,"{""openstreetmap"": ""node:2963780092""}","matched: software, technologies, office=company"
MIMSYS Technologies Pvt. Ltd.,69.0,high,Bengaluru,Karnataka,India,"100, 5th cross road",12.9102888,77.6146442,https://www.mimsystech.com/,+91-80-40906043,,,,,,,"office=it | description=IT office in BTM Layout, Bangalore",openstreetmap,"{""openstreetmap"": ""node:7214407985""}","matched: technologies, office=it"
Sourcebits (Ascendum Digital),69.0,high,Bengaluru,Karnataka,India,"2nd Floor, A Block, Salarpuria Aura,, Marathahalli-Sarjapur Outer Ring Road, Bengaluru, Karnataka 560103",12.936467,77.6909742,https://www.ascendum.com/,+9180 6750 0800,,,,,,,office=it,openstreetmap,"{""openstreetmap"": ""node:8402628125""}","matched: solutions, digital, office=it"
Sunsoft Technologies,69.0,high,Bengaluru,Karnataka,India,"14, 1 Main Road, bangalore, 560072",12.9221739,77.5762688,http://sunsofttechnology.com,9844202861,,,,,,,office=it,openstreetmap,"{""openstreetmap"": ""node:3208809160""}","matched: technologies, office=it"
VirtuBox Infotech Pvt Ltd,69.0,high,Bengaluru,Karnataka,India,"33, 5th Cross Rd, Jakasandra Block, Koramangala 3 Block, Koramangala, Bengaluru, 560034",12.9292846,77.6308206,https://www.virtubox.io/,07022559390,,,,,,,office=it,openstreetmap,"{""openstreetmap"": ""node:11953294206""}","matched: infotech, office=it"
Altruist Technologies Private Limited,69.0,high,Chandigarh-Mohali,Chandigarh/Punjab,India,"Plot No. 2, Sector-22, HSIIDC IT Park, Panchkula, 134109",30.6922739,76.880183,https://www.altruistindia.com/home,+91 172 2970008,,,,,,,office=it | building=yes,openstreetmap,"{""openstreetmap"": ""way:1059370655""}","matched: technologies, office=it"
Blaze Dream Technologies Pvt Ltd,69.0,high,Chennai,Tamil Nadu,India,"Pycrofts Garden Road, 600006",13.0637732,80.2497868,https://www.blazedream.com/,+914442047468,,,,,,,office=it,openstreetmap,"{""openstreetmap"": ""node:4221573010""}","matched: technologies, office=it"
Nesh Technologies,69.0,high,Chennai,Tamil Nadu,India,"Type II/8, Dr.VSI Estate, SH 49A, Thiruvanmiyur, chennai, 600041",12.9829772,80.2517272,https://nesh.live,9790706090,,,,,,,office=it | building=commercial,openstreetmap,"{""openstreetmap"": ""way:354740888""}","matched: technologies, office=it"
ByVal Technologies India Private Limited,69.0,high,Coimbatore,Tamil Nadu,India,"No 13/42A, Harisudhan Buildings, Tex Park Road, Coimbatore, 641014",11.0451877,77.0352632,https://byval.in,+91 82484 74232,,,,,,,office=it,openstreetmap,"{""openstreetmap"": ""node:10576951708""}","matched: technologies, office=it"
Impiger Technologies,69.0,high,Coimbatore,Tamil Nadu,India,"Elysium Central, 3rd Floor, Puliyakulam Road, Sungam Junction, Coimbatore – 641 045",10.9997692,76.9859178,https://www.impigertech.com/,+91 422 647 9994,,,,,,,"office=it | description=Impiger is Specialised in Delivering Custom Mobile Apps for Businesses on iOS-iPhone & iPad, Android, Windows mobile at Competitive Costs.",openstreetmap,"{""openstreetmap"": ""node:4576658600""}","matched: technologies, office=it"
GlobalLogic Technologies,69.0,high,Hyderabad,Telangana,India,"Plot No 590A, Road no 31, Jubilee Hills, Hyderabad, 500033",17.4373998,78.405784,https://www.globallogic.com/,040-30419999,,,,,,,office=it | building=yes | amenity=parking,openstreetmap,"{""openstreetmap"": ""way:595462424""}","matched: technologies, office=it"
wilshire software technologies,69.0,high,Hyderabad,Telangana,India,,17.4106612,78.4885353,,,,,,,,,office=company,openstreetmap,"{""openstreetmap"": ""way:265629199""}","matched: software, technologies, office=company"
Maptrax Technologies,69.0,high,Indore,Madhya Pradesh,India,"10,, Rajgarh Kothi, Indore, 452001",22.7174492,75.8863856,https://www.maptrax.in/,+91-9713275229,,,,,,,office=it,openstreetmap,"{""openstreetmap"": ""node:3059469034""}","matched: technologies, office=it"
Nehvij Technologies Private Limited,69.0,high,Indore,Madhya Pradesh,India,"EA122, Scheme No. 94, Service Road, Indore, 452010",22.7670673,75.9083048,,,,,,,,,building=yes | description=Nehvij Technologies is an Indian Game and Software development company that caters to the need of the top esteemed clients. We are a full-fledged digital service agency we wanted to serve your customers with an uninterrupted seamless experience.,openstreetmap,"{""openstreetmap"": ""way:702536116""}","matched: software, technologies, digital"
Electron Technology,69.0,high,Jaipur,Rajasthan,India,"Plot No. - 171, Mohan Naqgar, Triveni nagar, Jaipur, 302018",26.8678695,75.7746005,https://electrontechnology.co.in/,+917062626015,,,,,,,office=it,openstreetmap,"{""openstreetmap"": ""node:11506042825""}","matched: technology, office=it"
RasuKoo Digital Solutions,69.0,high,Jaipur,Rajasthan,India,"D-20/21, Saket Colony, Adarsh Nagar, Jaipur, 302004",26.902074,75.835389,https://www.rasukoo.com/,+917820919773,,,,,,,office=it,openstreetmap,"{""openstreetmap"": ""node:11752620034""}","matched: solutions, digital, office=it"
Caspar Technologies,69.0,high,Kochi,Kerala,India,"7A, Chakolas heights, Seaport Airport Road, Chittethukara",9.9946529,76.3519924,https://caspardigital.com/,+91-4842-989024,,,,,,,office=it,openstreetmap,"{""openstreetmap"": ""node:11346674209""}","matched: technologies, office=it"
inTEUtion Technologies,69.0,high,Kochi,Kerala,India,"2nd Floor, Tower 1, TransAsia Corporate Park, Seaport Airport Road, Kochi, 682037",9.9957535,76.3517371,https://inteution.com/,+91-8592-859274,,,,,,,office=it,openstreetmap,"{""openstreetmap"": ""node:13326395522""}","matched: technologies, office=it"
Toobler Technologies.,69.0,high,Kochi,Kerala,India,"1st Floor,, Lulu Cyber Tower-1, Infopark, Kakkanad, Kerala, 682042",10.0101913,76.3657203,https://www.toobler.com,"+91 484 4034359, +1 415 202 5304",,,,,,,office=it,openstreetmap,"{""openstreetmap"": ""node:11255249316""}","matched: technologies, office=it"
Zeazonz Technologies Pvt Ltd,69.0,high,Kochi,Kerala,India,"eazonz IT Center, XVII / 331B,C, Ettumanoor - Ernakulam Road, Udayamperoor, 682307",9.9007112,76.3676393,https://sg.zeazonz.com/,+91-85929 27999,,,,,,,office=it,openstreetmap,"{""openstreetmap"": ""node:7028116472""}","matched: technologies, office=it"
VibeGeo Technologies Pvt. Ltd.,69.0,high,Kolkata,West Bengal,India,"151, Sardarpara, Kaikhali, Kolkata, 700052",22.6304542,88.4370013,https://www.vibegeo.com,+919830426829,,,,,,,office=it,openstreetmap,"{""openstreetmap"": ""node:12839811295""}","matched: technologies, office=it"
Virtubox Infotech Pvt Ltd,69.0,high,Kolkata,West Bengal,India,"Gobindapur Rd, Jodhpur Gardens, Jodhpur Park, kolkata, 700045",22.5042691,88.359248,https://www.virtubox.io/,09007114888,,,,,,,office=it,openstreetmap,"{""openstreetmap"": ""node:11953292031""}","matched: infotech, office=it"
Nebula Infotech,69.0,high,New Delhi,Delhi,India,"S. G. Shopping Mall, 210, D. C. Chowk, Rajapur, Sector 9, D.C. Chowk, Rohini, 110085",28.7178084,77.1260903,https://www.nebulainfotech.com/,+91- 9818089933,,,,,,,office=it,openstreetmap,"{""openstreetmap"": ""node:13179918519""}","matched: infotech, office=it"
Shilsha Technologies,69.0,high,Noida,Uttar Pradesh,India,"H-15, Sector 63, Noida, 201301",28.6302852,77.3788993,https://www.shilshatech.com,+911204120113,,,,,,,office=it,openstreetmap,"{""openstreetmap"": ""node:11928073807""}","matched: technologies, office=it"
VirtuBox Infotech Private Limited,69.0,high,Noida,Uttar Pradesh,India,"C-67, Sector 57, Noida, 201301",28.6086692,77.3512408,https://www.virtubox.io,+91 78387 23175,,,,,,,office=it | building=yes,openstreetmap,"{""openstreetmap"": ""way:351079187""}","matched: infotech, office=it"
KH Technologies Private Limited,69.0,high,Pune,Maharashtra,India,"101, Wisteria Commercial Complex, Keshavnagar, Mundhwa Road, Pune, 411036",18.5291334,73.9444213,https://khtechnologies.in/,+919890295287,,,,,,,office=it,openstreetmap,"{""openstreetmap"": ""node:11387884822""}","matched: technologies, office=it"
Raykor Technologies Pvt. Ltd.,69.0,high,Pune,Maharashtra,India,"3rd Floor, Adams Court, Baner Rd, Pashan, Pune, 411045",18.55474,73.7989087,https://raykor.com/,+91 98230 13435,,,,,,,office=it,openstreetmap,"{""openstreetmap"": ""node:13130965760""}","matched: technologies, office=it"
Geeni Infotech,69.0,high,Surat,Gujarat,India,"221, Surat Kadodara Road, Opp Landmark Textile Market, Surat, 395010",21.1897313,72.8756583,https://geeniinfotech.com,9913878358,,,,,,,office=it,openstreetmap,"{""openstreetmap"": ""node:10581651894""}","matched: infotech, office=it"
ITKX Technologies,69.0,high,Tiruchirappalli,Tamil Nadu,India,"19, Bishop Main Road, Tiruchirappalli, 620017",10.8155971,78.6782841,https://itkx.tech,+919442260944,,,,,,,office=it,openstreetmap,"{""openstreetmap"": ""node:12566963690""}","matched: technologies, office=it"
Amber Road Software Pvt Ltd,68.0,high,Bengaluru,Karnataka,India,,12.9589625,77.6481159,,,,,,,,,office=it,openstreetmap,"{""openstreetmap"": ""node:3797621999""}","matched: software, office=it"
Deem Software India Pvt Ltd,68.0,high,Bengaluru,Karnataka,India,,12.9758285,77.5973875,,,,,,,,,office=it,openstreetmap,"{""openstreetmap"": ""node:4308190000""}","matched: software, office=it"
Encore Software Ltd,68.0,high,Bengaluru,Karnataka,India,,12.9739664,77.609047,,,,,,,,,office=it,openstreetmap,"{""openstreetmap"": ""node:3808148481""}","matched: software, office=it"
Fair Isaac India Software Pvt Ltd;FICO,68.0,high,Bengaluru,Karnataka,India,,12.9591403,77.6481642,,,,,,,,,office=it,openstreetmap,"{""openstreetmap"": ""node:3797621212""}","matched: software, office=it"
Quest Software,68.0,high,Bengaluru,Karnataka,India,,12.9302731,77.6842752,,,,,,,,,office=it,openstreetmap,"{""openstreetmap"": ""node:3797601044""}","matched: software, office=it"
Sahaj Software,68.0,high,Bengaluru,Karnataka,India,,12.9249246,77.6278552,,,,,,,,,office=it,openstreetmap,"{""openstreetmap"": ""node:7164279510""}","matched: software, office=it"
SLK Software,68.0,high,Bengaluru,Karnataka,India,,13.1069406,77.5770654,,,,,,,,,office=it,openstreetmap,"{""openstreetmap"": ""node:3641313740""}","matched: software, office=it"
Sonata Software,68.0,high,Bengaluru,Karnataka,India,"Rashtriya Vidyalaya Road, Bangalore, 560004",12.9396802,77.5804066,,,,,,,,,office=it | building=yes,openstreetmap,"{""openstreetmap"": ""way:338246704""}","matched: software, office=it"
Trigent Software,68.0,high,Bengaluru,Karnataka,India,,12.9833443,77.5854818,,,,,,,,,office=it,openstreetmap,"{""openstreetmap"": ""node:1557198926""}","matched: software, office=it"
AJATUS SOFTWARE,68.0,high,Bhubaneswar,Odisha,India,"4th Floor, Acharya Vihar, Bhubaneswar, 751013",20.2991399,85.8309663,,,,,,,,,office=it,openstreetmap,"{""openstreetmap"": ""node:4808015698""}","matched: software, office=it"
Prince Info City I,68.0,high,Chennai,Tamil Nadu,India,"286/1 & 286/2, Old Mahabalipuram Road, Kandanchavadi, Chennai, 600096",12.9687342,80.2480129,,,,,,,,,office=it | building=yes,openstreetmap,"{""openstreetmap"": ""way:767761372""}","matched: software, office=it"
Spritle Software,68.0,high,Chennai,Tamil Nadu,India,"Chakrapani St, Chennai",13.0473124,80.1982133,,,,,,,,,office=it,openstreetmap,"{""openstreetmap"": ""node:3605191046""}","matched: software, office=it"
Yatharthriti IT Services Private Ltd | Learning Management System|LMS Platform | LMS Software|LMS Provider| Moodle LMS| Elearning Solution,68.0,high,Faridabad,Haryana,India,"A22, Second Floor, Above Monte Carlo Showroom, Nehru Ground, NIT, Faridabad, 121001",28.3906154,77.3020554,https://www.yatharthriti.com/moodle-lms.html,0129-4086849,,,,,,,description=Yatharthriti IT Services Pvt Ltd is a growing organization and given best to all the clients. Our work process is mainly focused on providing the best deliverables to all the clients. We have already completed many projects ranging from website developmen,openstreetmap,"{""openstreetmap"": ""way:352287112""}","matched: software, it services"
Find logics software,68.0,high,Hyderabad,Telangana,India,,17.4890374,78.3929332,,,,,,,,,office=it,openstreetmap,"{""openstreetmap"": ""node:7246498934""}","matched: software, office=it"
Sonata Software,68.0,high,Hyderabad,Telangana,India,,17.4063575,78.3211639,,,,,,,,,office=it | building=construction,openstreetmap,"{""openstreetmap"": ""way:773660988""}","matched: software, office=it"
Votigo Software Pvt Ltd,68.0,high,Hyderabad,Telangana,India,,17.4385983,78.3871502,,,,,,,,,office=it,openstreetmap,"{""openstreetmap"": ""node:7021303666""}","matched: software, office=it"
Airo Global Software Pvt Ltd,68.0,high,Kochi,Kerala,India,,10.0109014,76.3607928,,,,,,,,,office=it | description=Software services,openstreetmap,"{""openstreetmap"": ""node:6853038183""}","matched: software, office=it"
BEO Software,68.0,high,Kochi,Kerala,India,,10.0017701,76.3610225,,,,,,,,,office=it,openstreetmap,"{""openstreetmap"": ""node:11116280475""}","matched: software, office=it"
Debyez Technologies Pvt Ltd,68.0,high,Kochi,Kerala,India,"Floor-1, Maker Village, ISC, Kerala Technology Innovation Zone, Kinfra Hi-Tech Park Road, Ernakulam, 683503",10.0558322,76.3548938,https://debyez.com/,,,,,,,,office=company,openstreetmap,"{""openstreetmap"": ""node:13335257238""}","matched: technology, technologies, office=company"
IBS Software,68.0,high,Kochi,Kerala,India,,10.0086702,76.3639272,,,,,,,,,office=it,openstreetmap,"{""openstreetmap"": ""node:13255367682""}","matched: software, office=it"
Kott Software,68.0,high,Kochi,Kerala,India,,9.9577287,76.2893187,,,,,,,,,office=it,openstreetmap,"{""openstreetmap"": ""node:11311448042""}","matched: software, office=it"
Lal's Software Services,68.0,high,Kochi,Kerala,India,,9.9630497,76.2996134,,,,,,,,,office=it,openstreetmap,"{""openstreetmap"": ""node:11288395396""}","matched: software, office=it"
Peacon Software,68.0,high,Kolkata,West Bengal,India,,22.5777071,88.4822576,,,,,,,,,office=it | building=yes,openstreetmap,"{""openstreetmap"": ""way:358879056""}","matched: software, office=it"
Dream Steps Technologies Pvt Ltd,68.0,high,Noida,Uttar Pradesh,India,"D-5, Basement, Sector-10, Noida, 201301",28.5899865,77.3352358,https://www.thedreamsteps.com,(0120) 454-3040,,,,,,,"building=commercial | description=We offer a myriad of services related to graphic design, website design, web development, mobile application development and SEO & Digital marketing at cost-effective prices.",openstreetmap,"{""openstreetmap"": ""way:352782029""}","matched: technologies, web development, digital"
Cloud Micro Solutions,68.0,high,Pune,Maharashtra,India,"s.no.99, Lane no. 8, Pune, 412105",18.6234607,73.9276539,,,,,,,,,office=it,openstreetmap,"{""openstreetmap"": ""node:10936347832""}","matched: cloud, solutions, office=it"
Cognizant,68.0,high,Pune,Maharashtra,India,,18.5842873,73.7344129,,,,,,,,,office=it | building=yes | industrial=software,openstreetmap,"{""openstreetmap"": ""way:359537074""}","matched: software, office=it"
Screen-Magic Mobile Media Pvt Ltd.,68.0,high,Pune,Maharashtra,India,"A1/B, Abhimanashree Society, Pashan Road, 411007",18.5405299,73.8191862,,,,,,,,,office=it,openstreetmap,"{""openstreetmap"": ""node:1827284985""}","matched: software, office=it"
IBS Software Services Registered Office,68.0,high,Thiruvananthapuram,Kerala,India,,8.5602259,76.8800026,,,,,,,,,office=it,openstreetmap,"{""openstreetmap"": ""node:3671997331""}","matched: software, office=it"
"Ente Technologies, Inc.",67.0,high,Bengaluru,Karnataka,India,"No. 72, 12, GoodWorks Brightfield, Nallurahalli Main Rd, near Palm Meadows, Siddapura, Whitefield, Bengaluru, 560066",12.9568206,77.731064,https://ente.io,,,,,,,,office=it,openstreetmap,"{""openstreetmap"": ""node:13004157194""}","matched: technologies, office=it"
Fenopix Technologies Pvt Ltd,67.0,high,Bengaluru,Karnataka,India,"#15, 4th Floor, Cross Road A, Austin Town, Bengaluru, 560047",12.9633004,77.6136776,https://canvasjs.com,,,,,,,,office=it | building=yes,openstreetmap,"{""openstreetmap"": ""way:1300695633""}","matched: technologies, office=it"
HEN Technologies,67.0,high,Bengaluru,Karnataka,India,"RMZ MILLENIA, Halasuru, Bengaluru, Karnataka 560103",12.9259103,77.6745439,https://www.hentechnologies.com,,,,,,,,office=it,openstreetmap,"{""openstreetmap"": ""node:13644641641""}","matched: technologies, office=it"
Juspay Technologies Private Limited,67.0,high,Bengaluru,Karnataka,India,"444, 18th Main Road, Koramangala 6th Block, Bangalore, 560095",12.9400559,77.6229137,https://www.juspay.in/,,,,,,,,office=it | building=commercial,openstreetmap,"{""openstreetmap"": ""way:1168771886""}","matched: technologies, office=it"
TruEstate (IQOL Technologies),67.0,high,Bengaluru,Karnataka,India,"1579, 27th Main Rd, Sector 2, HSR Layout, Bengaluru, 560102",12.9050747,77.6509159,https://truestate.in/,,,,,,,,office=it | building=yes,openstreetmap,"{""openstreetmap"": ""way:1037897709""}","matched: technologies, office=it"
Unmukti Technology Private Limited,67.0,high,Gurugram,Haryana,India,"311;312, Ocus Quantum, Sector 51, Gurugram, 122003",28.4247411,77.0681415,https://unmukti.in,,,,,,,,office=it | description=Specializes in Network Appliances and Devices,openstreetmap,"{""openstreetmap"": ""node:11064365899""}","matched: technology, office=it"
CA Technologies,67.0,high,Hyderabad,Telangana,India,"115, IT Park Area, 500019",17.4252488,78.3371948,,,,,,,,,building=office,openstreetmap,"{""openstreetmap"": ""node:1708979372""}","matched: software, technologies, computer"
Graylogic Technologies (P) Ltd,67.0,high,Hyderabad,Telangana,India,,17.4368217,78.5171502,https://www.graylogictech.com/,,,,,,,,office=it,openstreetmap,"{""openstreetmap"": ""node:1341929876""}","matched: technologies, office=it"
Pramati Technologies Pvt. Ltd.,67.0,high,Hyderabad,Telangana,India,"Road Number 1, Banjara Hills, Hyderabad, 500034",17.4233406,78.4493438,https://www.pramati.com/,,,,,,,,office=it,openstreetmap,"{""openstreetmap"": ""node:6115279982""}","matched: technologies, office=it"
Optratec Technologies Pvt. Ltd.,67.0,high,Jaipur,Rajasthan,India,"Sector 3, Near Satkar Shopping Complex, Malviya Nagar, JMC-2, Jaipur, 302014",26.8502252,75.8176572,https://www.optratec.com,,,,,,,,office=it,openstreetmap,"{""openstreetmap"": ""node:3334071027""}","matched: technologies, office=it"
e com Developers,67.0,high,Kochi,Kerala,India,"Gr Flr, Anand Estate, Chittoor Road, Ernakulam, 682035",9.9804056,76.2846481,http://ecom-developers.net,+919895322827,,,,,,,office=it,openstreetmap,"{""openstreetmap"": ""node:3543492069""}","matched: mobile app, office=it"
Rawdata Technologies,67.0,high,Kochi,Kerala,India,"2nd Floor, CM Complex Annexe, Palarivattom, Kalavath Road, Kochi, 682025",10.0003739,76.3120698,https://rawdatatech.com/,,,,,none,2026-06-12T20:06:42+00:00,https://rawdatatech.com/jobs: HTTPError; https://rawdatatech.com/jobs/: HTTPError; https://rawdatatech.com/career: HTTPError; no careers page detected,office=it,openstreetmap,"{""openstreetmap"": ""node:11347269511""}","matched: technologies, office=it"
eSuccess AI Technology,67.0,high,Noida,Uttar Pradesh,India,"1st Floor, Building No 94, Above Lotus Mall, Shambhu Dayal Bagh, New Delhi, 110020",28.5551813,77.2644387,https://www.esuccess.ai/,,,,,,,,office=it,openstreetmap,"{""openstreetmap"": ""node:11442865497""}","matched: technology, office=it"
CODIGO INFOTECH LLP,67.0,high,Surat,Gujarat,India,"205, Royal Square, Surat, 394105",21.233615,72.8642049,https://codigo.co.in,,,,,none,2026-06-12T20:55:59+00:00,homepage fetch failed: ConnectTimeout; https://codigo.co.in/jobs: ConnectTimeout; https://codigo.co.in/jobs/: ConnectTimeout; https://codigo.co.in/career: ConnectTimeout; no careers page detected,office=it,openstreetmap,"{""openstreetmap"": ""node:11409367177""}","matched: infotech, office=it"
CMS IT Services,66.0,high,Bengaluru,Karnataka,India,,12.9586455,77.5663726,,,,,,,,,office=it,openstreetmap,"{""openstreetmap"": ""node:11178142853""}","matched: it services, office=it"
InteGen IT Services Pvt. Ltd.,66.0,high,Hyderabad,Telangana,India,,17.4499208,78.3874684,,,,,,,,,office=it,openstreetmap,"{""openstreetmap"": ""node:7021303650""}","matched: it services, office=it"
Strstosphere it services pvtltd,66.0,high,Hyderabad,Telangana,India,,17.4901036,78.3937711,,,,,,,,,office=it,openstreetmap,"{""openstreetmap"": ""node:7246482632""}","matched: it services, office=it"
Vinsys IT Services India Pvt Ltd.,66.0,high,Hyderabad,Telangana,India,,17.441144,78.3925285,,,,,,,,,office=it,openstreetmap,"{""openstreetmap"": ""node:7025820890""}","matched: it services, office=it"
Glitch Probe Infotech,66.0,high,Jaipur,Rajasthan,India,"1st floor, 112-113 , Above Govindam Sweets, Near Akshaya Patra Chauraha, Jagatpura, Jaipur, Raj. 302017, Jaipur, 302017",26.803444,75.858034,https://glitchprobe.com/,,https://glitchprobe.com/career,company_website,https://glitchprobe.com/career,medium,2026-06-12T21:35:46+00:00,careers page found on company website,,openstreetmap,"{""openstreetmap"": ""node:12635158696""}","matched: software, infotech"
Solarman Technology Project Pvt Ltd,66.0,high,New Delhi,Delhi,India,,28.6532815,77.1417728,https://solarmantech.in/,,,,,,,,"description=Solarman Technology Project Pvt Ltd is a leading IT outsourcing company in India, offering comprehensive web solutions such as website designing, web development, SEO, and SMO services.",openstreetmap,"{""openstreetmap"": ""node:12198749838""}","matched: technology, web development, solutions"
Appetenza Technologies,66.0,high,Noida,Uttar Pradesh,India,"C-28, New Ashok Nagar, New Delhi, 110096",28.5943466,77.3061377,https://www.appetenza.com/,,https://www.appetenza.com/careers,company_website,https://www.appetenza.com/careers,medium,2026-06-12T21:35:53+00:00,careers page found on company website,description=Software company,openstreetmap,"{""openstreetmap"": ""node:13250978174""}","matched: software, technologies"
University Center For Computer Science And Information Technology,65.0,high,Jaipur,Rajasthan,India,,26.8863912,75.8157242,,,,,,,,,building=yes,openstreetmap,"{""openstreetmap"": ""way:758921508""}","matched: information technology, technology, computer"
Stellar Information Technology Private Limited,65.0,high,Noida,Uttar Pradesh,India,"88, New Delhi, 110019",28.5484727,77.2534986,,,,,,,,,craft=electronics_repair | description=A data recovery center for laptop and desktop hard disks. Does not operate on phones.,openstreetmap,"{""openstreetmap"": ""node:12656926935""}","matched: information technology, technology, computer"
Computer Engineering And Information Technology,65.0,high,Pune,Maharashtra,India,,18.530667,73.8554642,,,,,,,,,building=yes,openstreetmap,"{""openstreetmap"": ""way:118011625""}","matched: information technology, technology, computer"
Kapstone Cybersecurity Private Limited – an iC Consult Company,65.0,high,Pune,Maharashtra,India,"Office No. 301, 3rd Floor, “Tech Summit”, Survey No. 87, Plot No.110, Priyanka Park, Baner Road, Baner, Pune, Maharashtra 411045",18.5639224,73.7744021,https://ic-consult.com/,,https://careers.ic-consult.com/en/,company_website,https://careers.ic-consult.com/en//current-jobs/favorites/,medium,2026-06-12T22:12:47+00:00,careers page found on company website,office=it,openstreetmap,"{""openstreetmap"": ""node:12179203327""}","matched: cybersecurity, office=it"
Digital India Solutions,64.0,high,Bengaluru,Karnataka,India,,12.9586032,77.5649044,,+91 96205 69054,,,,,,,office=it | craft=electronics_repair,openstreetmap,"{""openstreetmap"": ""node:11178143835""}","matched: solutions, digital, office=it"
ObjectFrontier Software,64.0,high,Chennai,Tamil Nadu,India,"Taramani Road, Chennai, 600113",12.9855145,80.2458023,https://www.objectfrontier.com/,(+91) 44-3061-2100,,,,,,,"office=company | description=OFS delivers digital value to businesses by building innovative software, web-based or mobile, that will engage their customers & employees. www.objectfrontier.com",openstreetmap,"{""openstreetmap"": ""node:5250282011""}","matched: software, digital, office=company"
Digital Nirvana Information Systems Ltd,64.0,high,Hyderabad,Telangana,India,"Quena Square, Banjara Hills Road No. 1, Hyderabad",17.4177629,78.4562139,,,,,,,,,office=it | building=yes,openstreetmap,"{""openstreetmap"": ""way:360200240""}","matched: systems, digital, office=it"
Mac Systems & Solutions,64.0,high,Kochi,Kerala,India,,9.9680412,76.2843888,,,,,,,,,office=it,openstreetmap,"{""openstreetmap"": ""node:5240494517""}","matched: systems, solutions, office=it"
CA Technologies Pvt Ltd,62.0,high,Bengaluru,Karnataka,India,,12.9590619,77.6481266,,,,,,,,,office=it,openstreetmap,"{""openstreetmap"": ""node:3797621547""}","matched: technologies, office=it"
Consilient Technologies Pvt Ltd.,62.0,high,Bengaluru,Karnataka,India,,12.9740397,77.6090319,,,,,,,,,office=it,openstreetmap,"{""openstreetmap"": ""node:3808148479""}","matched: technologies, office=it"
EDS Technologies Pvt Ltd,62.0,high,Bengaluru,Karnataka,India,,12.9743428,77.6147338,,,,,,,,,office=it,openstreetmap,"{""openstreetmap"": ""node:3844336212""}","matched: technologies, office=it"
Ilantus Technologies Pvt Ltd,62.0,high,Bengaluru,Karnataka,India,,12.9730408,77.6154753,,,,,,,,,office=it,openstreetmap,"{""openstreetmap"": ""node:3844308320""}","matched: technologies, office=it"
Intel Technology India Private Limited,62.0,high,Bengaluru,Karnataka,India,Old Airport Road,12.959454,77.6476653,,,,,,,,,office=it,openstreetmap,"{""openstreetmap"": ""node:3797621208""}","matched: technology, office=it"
Intel Technology India Pvt Ltd,62.0,high,Bengaluru,Karnataka,India,"I T P L Main Road, Bangalore, 560 037",12.958131,77.7165083,,,,,,,,,office=it,openstreetmap,"{""openstreetmap"": ""node:3496894402""}","matched: technology, office=it"
Intertec Technologies Limited,62.0,high,Bengaluru,Karnataka,India,,12.9486863,77.5702487,,,,,,,,,office=it,openstreetmap,"{""openstreetmap"": ""node:11178135454""}","matched: technologies, office=it"
Maintec Technologies Pvt Ltd,62.0,high,Bengaluru,Karnataka,India,,13.0047554,77.6628908,,,,,,,,,office=it,openstreetmap,"{""openstreetmap"": ""node:6489821532""}","matched: technologies, office=it"
MDB Technologies Pvt Ltd,62.0,high,Bengaluru,Karnataka,India,,12.9321109,77.6860904,,,,,,,,,office=it,openstreetmap,"{""openstreetmap"": ""node:3784933467""}","matched: technologies, office=it"
Mobiveil Technologies India Pvt Ltd,62.0,high,Bengaluru,Karnataka,India,,12.9701273,77.6445989,,,,,,,,,office=it,openstreetmap,"{""openstreetmap"": ""node:3851909920""}","matched: technologies, office=it"
Neev Information Technologies Pvt. Ltd,62.0,high,Bengaluru,Karnataka,India,,12.974423,77.6147592,,,,,,,,,office=it,openstreetmap,"{""openstreetmap"": ""node:3844330644""}","matched: technologies, office=it"
Oracle Technology Park,62.0,high,Bengaluru,Karnataka,India,,12.9343075,77.6022511,,,,,,,,,office=it | building=office,openstreetmap,"{""openstreetmap"": ""way:131609429""}","matched: technology, office=it"
Outsource Infotech,62.0,high,Bengaluru,Karnataka,India,,13.0255001,77.6530008,,,,,,,,,office=it,openstreetmap,"{""openstreetmap"": ""node:6508404389""}","matched: infotech, office=it"
Practo Technologies Private Limited,62.0,high,Bengaluru,Karnataka,India,"26, Bannerghatta Road, Bangalore, 560076",12.9103811,77.5996971,,,,,,,,,office=it | building=yes,openstreetmap,"{""openstreetmap"": ""way:376371832""}","matched: technologies, office=it"
Razorfish Technologies India,62.0,high,Bengaluru,Karnataka,India,,12.9744246,77.6147307,,,,,,,,,office=it,openstreetmap,"{""openstreetmap"": ""node:3844330643""}","matched: technologies, office=it"
Smartplay Technologies,62.0,high,Bengaluru,Karnataka,India,,12.9592995,77.6526428,,,,,,,,,office=it,openstreetmap,"{""openstreetmap"": ""node:3803142909""}","matched: technologies, office=it"
Surabhi Technologies,62.0,high,Bengaluru,Karnataka,India,,12.9391131,77.552163,,,,,,,,,office=it,openstreetmap,"{""openstreetmap"": ""node:5304601952""}","matched: technologies, office=it"
Techshire Technologies Ltd,62.0,high,Bengaluru,Karnataka,India,,12.9758075,77.6022732,,,,,,,,,office=it,openstreetmap,"{""openstreetmap"": ""node:3760604212""}","matched: technologies, office=it"
Unizen Technologies,62.0,high,Bengaluru,Karnataka,India,,12.9174115,77.6278614,,,,,,,,,office=it | building=yes,openstreetmap,"{""openstreetmap"": ""way:347544364""}","matched: technologies, office=it"
VAS technologies,62.0,high,Bengaluru,Karnataka,India,,12.9512091,77.6993732,,,,,,,,,office=it,openstreetmap,"{""openstreetmap"": ""node:3541784358""}","matched: technologies, office=it"
Zigma Technologies,62.0,high,Bengaluru,Karnataka,India,"3rd Cross Road, DLF Main Road, Nyanappanahalli, BTM 4th Stage, 560076",12.877246,77.6135418,,,,,,,,,office=it,openstreetmap,"{""openstreetmap"": ""node:13882537347""}","matched: technologies, office=it"
EON INFOTECH LTD.,62.0,high,Chandigarh-Mohali,Chandigarh/Punjab,India,"C180, Phase 8B, Industrial Area, Mohali, 160071",30.7137636,76.6895554,,,,,,,,,office=it | building=office,openstreetmap,"{""openstreetmap"": ""node:1830613521""}","matched: infotech, office=it"
Kasadara Technology Solutions Pvt Ltd,62.0,high,Coimbatore,Tamil Nadu,India,"25, Avinashi Road, Coimbatore, 641014",11.0401626,77.0394971,https://www.kasadara.com,+91994467585,https://kasadara.com/awsm_job_openings-sitemap.xml,company_website,https://kasadara.com/careers/jobs/,medium,2026-06-12T22:50:57+00:00,careers page found on company website,office=company,openstreetmap,"{""openstreetmap"": ""node:9881512548""}","matched: technology, solutions, office=company"
"Thoughtworks
Technologies (India) Private Limited",62.0,high,Coimbatore,Tamil Nadu,India,,11.0811525,76.9891271,,,,,,,,,office=it,openstreetmap,"{""openstreetmap"": ""node:13666396973""}","matched: technologies, office=it"
I innovation technologies,62.0,high,Guwahati,Assam,India,,26.177444,91.7566091,,,,,,,,,office=it,openstreetmap,"{""openstreetmap"": ""node:12595800188""}","matched: technologies, office=it"
Arbiva Technologies Pvt Ltd,62.0,high,Hyderabad,Telangana,India,,17.4401774,78.3934036,,,,,,,,,office=it,openstreetmap,"{""openstreetmap"": ""node:7025820868""}","matched: technologies, office=it"
Athena Technology Solution,62.0,high,Hyderabad,Telangana,India,,17.436618,78.3956996,,,,,,,,,office=it,openstreetmap,"{""openstreetmap"": ""node:7025820841""}","matched: technology, office=it"
Choral Technologies,62.0,high,Hyderabad,Telangana,India,,17.4401776,78.3937366,,,,,,,,,office=it,openstreetmap,"{""openstreetmap"": ""node:7025820867""}","matched: technologies, office=it"
collabra technologies,62.0,high,Hyderabad,Telangana,India,,17.4891624,78.3928739,,,,,,,,,office=it,openstreetmap,"{""openstreetmap"": ""node:7246498937""}","matched: technologies, office=it"
Cyient Technologies pvt ltd,62.0,high,Hyderabad,Telangana,India,"Lancohills Road, Hyderabad",17.4118924,78.3706293,,,,,,,,,office=it,openstreetmap,"{""openstreetmap"": ""node:7244175920""}","matched: technologies, office=it"
Delta Technologies & Management Pvt Ltd,62.0,high,Hyderabad,Telangana,India,,17.438977,78.3867579,,,,,,,,,office=it,openstreetmap,"{""openstreetmap"": ""node:6633198227""}","matched: technologies, office=it"
eSKAR Technologies,62.0,high,Hyderabad,Telangana,India,,17.4875728,78.3949419,,,,,,,,,office=it,openstreetmap,"{""openstreetmap"": ""node:6288921960""}","matched: technologies, office=it"
Global Logic Technologies,62.0,high,Hyderabad,Telangana,India,,17.4434326,78.3865148,,,,,,,,,office=it,openstreetmap,"{""openstreetmap"": ""node:7021303624""}","matched: technologies, office=it"
Golden Sun Technology Pvt Ltd,62.0,high,Hyderabad,Telangana,India,,17.4509776,78.3860316,,,,,,,,,office=it,openstreetmap,"{""openstreetmap"": ""node:7021303670""}","matched: technology, office=it"
Gvr infra technologies,62.0,high,Hyderabad,Telangana,India,,17.4487778,78.3893735,,,,,,,,,office=it,openstreetmap,"{""openstreetmap"": ""node:6935384866""}","matched: technologies, office=it"
Inforaise Technologies Pvt Ltd,62.0,high,Hyderabad,Telangana,India,,17.4453459,78.3980738,,,,,,,,,office=it,openstreetmap,"{""openstreetmap"": ""node:7025820781""}","matched: technologies, office=it"
Ingresos Technologies,62.0,high,Hyderabad,Telangana,India,,17.4415909,78.390402,,,,,,,,,office=it,openstreetmap,"{""openstreetmap"": ""node:7025820898""}","matched: technologies, office=it"
Kclink Technologies Pvt.Ltd,62.0,high,Hyderabad,Telangana,India,,17.4488994,78.3917543,,,,,,,,,office=it,openstreetmap,"{""openstreetmap"": ""node:7025820820""}","matched: technologies, office=it"
NCentric Technologies India pvt ltd,62.0,high,Hyderabad,Telangana,India,,17.4498239,78.3925588,,,,,,,,,office=it,openstreetmap,"{""openstreetmap"": ""node:7025820817""}","matched: technologies, office=it"
Oakton consulting technology,62.0,high,Hyderabad,Telangana,India,,17.4339834,78.4058605,,,,,,,,,office=it,openstreetmap,"{""openstreetmap"": ""node:7021286921""}","matched: technology, office=it"
Ray Business Technologies Pvt Ltd.,62.0,high,Hyderabad,Telangana,India,,17.438123,78.3937226,,,,,,,,,office=it,openstreetmap,"{""openstreetmap"": ""node:7025820748""}","matched: technologies, office=it"
Saky Technologies Pvt Ltd,62.0,high,Hyderabad,Telangana,India,,17.446079,78.3998989,,,,,,,,,office=it,openstreetmap,"{""openstreetmap"": ""node:7025820775""}","matched: technologies, office=it"
Shore Infotech India pvt,62.0,high,Hyderabad,Telangana,India,,17.4368017,78.3962956,,,,,,,,,office=it,openstreetmap,"{""openstreetmap"": ""node:7025820845""}","matched: infotech, office=it"
Trigeo Technologies,62.0,high,Hyderabad,Telangana,India,,17.4516375,78.3921952,,,,,,,,,office=it,openstreetmap,"{""openstreetmap"": ""node:6866164616""}","matched: technologies, office=it"
ZF Technology Centre,62.0,high,Hyderabad,Telangana,India,,17.4265082,78.340219,,,,,,,,,office=it,openstreetmap,"{""openstreetmap"": ""node:11447371963""}","matched: technology, office=it"
CCS Technologies,62.0,high,Kochi,Kerala,India,,9.9580213,76.2953345,,,,,,,,,office=it,openstreetmap,"{""openstreetmap"": ""node:11240672973""}","matched: technologies, office=it"
Ennovetia Technologies Pvt LTD,62.0,high,Kochi,Kerala,India,,9.9976462,76.2803327,,,,,,,,,office=it,openstreetmap,"{""openstreetmap"": ""node:12012831777""}","matched: technologies, office=it"
EQS Web Technologies,62.0,high,Kochi,Kerala,India,"Mahatma Gandhi Road, Kochi, 682035",9.984347,76.2817018,,,,,,,,,office=it,openstreetmap,"{""openstreetmap"": ""node:6039158632""}","matched: technologies, office=it"
KFin Technologies,62.0,high,Kochi,Kerala,India,,9.9559006,76.2948755,,,,,,,,,office=it,openstreetmap,"{""openstreetmap"": ""node:11120408552""}","matched: technologies, office=it"
KPIT Technologies Limited,62.0,high,Kochi,Kerala,India,"4th Floor, Tower 2, TransAsia Corporate",9.9958515,76.3519337,,,,,,,,,office=it,openstreetmap,"{""openstreetmap"": ""node:13326395523""}","matched: technologies, office=it"
Netstratum Technologies Pvt. Ltd,62.0,high,Kochi,Kerala,India,,9.9791404,76.3175848,,,,,,,,,office=it,openstreetmap,"{""openstreetmap"": ""node:4323160503""}","matched: technologies, office=it"
Paradigm Technologies,62.0,high,Kochi,Kerala,India,,9.9565305,76.3101646,,,,,,,,,office=it,openstreetmap,"{""openstreetmap"": ""node:11167358823""}","matched: technologies, office=it"
Sidmee Technologies Pvt LTD,62.0,high,Kochi,Kerala,India,,10.0008483,76.2793125,,,,,,,,,office=it,openstreetmap,"{""openstreetmap"": ""node:12012807826""}","matched: technologies, office=it"
Soften Technologies,62.0,high,Kochi,Kerala,India,,9.9627524,76.3012542,,,,,,,,,office=it,openstreetmap,"{""openstreetmap"": ""node:12025361139""}","matched: technologies, office=it"
Touchline Technologies,62.0,high,Kochi,Kerala,India,,9.9576447,76.2919039,,,,,,,,,office=it,openstreetmap,"{""openstreetmap"": ""node:11258075591""}","matched: technologies, office=it"
WEBEL TECHNOLOGY LIMITED,62.0,high,Kolkata,West Bengal,India,,22.5795052,88.4383938,,,,,,,,,office=it | building=yes,openstreetmap,"{""openstreetmap"": ""way:362948078""}","matched: technology, office=it"
Humanware Technology,62.0,high,Mumbai,Maharashtra,India,"201, plot 60, Mayuresh Chambers, Sakharam Patil Marg Railway Flyover, Navi Mumbai, 400614",19.0169252,73.0373322,,,,,,,,,office=it company,openstreetmap,"{""openstreetmap"": ""node:12956428322""}","matched: technology, office=it"
STPI Infotech Tower,62.0,high,Nagpur,Maharashtra,India,"South Ambazari Road, Nagpur, 440022",21.1214034,79.0488308,,,,,,,,,office=it | building=yes,openstreetmap,"{""openstreetmap"": ""way:477500068""}","matched: infotech, office=it"
Tenwave Infotech Pvt ltd,62.0,high,New Delhi,Delhi,India,"D-112, Chattatpur enclave, 60 Feet road, New Delhi, 110074",28.5027027,77.1842295,,,,,,,,,office=it | building=office,openstreetmap,"{""openstreetmap"": ""way:350807800""}","matched: infotech, office=it"
KFin Technologies Limited,62.0,high,Noida,Uttar Pradesh,India,,28.5709215,77.3243069,,,,,,,,,office=it,openstreetmap,"{""openstreetmap"": ""node:13028354601""}","matched: technologies, office=it"
Famic Technologies Pvt Ltd,62.0,high,Pune,Maharashtra,India,"Office No. 301,Pentagon Tower - 1, Magarpatta City, Pune, 411013",18.512855,73.92451,https://www.famictech.com/,,,,,,,,description=Software company,openstreetmap,"{""openstreetmap"": ""way:256431155""}","matched: software, technologies"
Futurism Technologies,62.0,high,Pune,Maharashtra,India,,18.5837179,73.7356215,,,,,,,,,office=it,openstreetmap,"{""openstreetmap"": ""node:11337775147""}","matched: technologies, office=it"
HCL Technologies Limited (Amber Fort),62.0,high,Pune,Maharashtra,India,,18.5927565,73.7320379,,,,,,,,,office=it,openstreetmap,"{""openstreetmap"": ""node:10716128584""}","matched: technologies, office=it"
Infosys Technologies Pvt Ltd,62.0,high,Pune,Maharashtra,India,,18.5940112,73.7080573,,,,,,,,,office=it,openstreetmap,"{""openstreetmap"": ""node:5518855982""}","matched: technologies, office=it"
Marathe Infotech Private Limited,62.0,high,Pune,Maharashtra,India,16,18.5668003,73.7704958,,,,,,,,,office=it | building=yes,openstreetmap,"{""openstreetmap"": ""way:359719207""}","matched: infotech, office=it"
Storynest Technologies Private Limited,62.0,high,Pune,Maharashtra,India,,18.5582113,73.7959274,,,,,,,,,office=it,openstreetmap,"{""openstreetmap"": ""node:12806062635""}","matched: technologies, office=it"
Tata Technologies Ltd,62.0,high,Pune,Maharashtra,India,,18.5853971,73.7333248,,,,,,,,,office=yes | office=it,openstreetmap,"{""openstreetmap"": ""way:60976164""}","matched: technologies, office=it"
aquila technologies,62.0,high,Thiruvananthapuram,Kerala,India,,8.5610884,76.9337292,,,,,,,,,office=it | building=yes,openstreetmap,"{""openstreetmap"": ""way:763017725""}","matched: technologies, office=it"
Ergonomics Communication and Information Technologies (P) Ltd,62.0,high,Thiruvananthapuram,Kerala,India,,8.5017883,76.9664298,,,,,,,,,office=it,openstreetmap,"{""openstreetmap"": ""node:2037781410""}","matched: technologies, office=it"
Kerala State Information Technology Mission,62.0,high,Thiruvananthapuram,Kerala,India,"Saankethika, Vrindavan Gardens, Pattom, Thiruvananthapuram, 695004",8.5164389,76.9419566,https://itmission.kerala.gov.in/,+91-4712318007,,,,,,,office=government | building=yes,openstreetmap,"{""openstreetmap"": ""way:802621710""}","matched: information technology, technology"
DBA Technologies,62.0,high,Vijayawada,Andhra Pradesh,India,,16.511743,80.6388733,,,,,,,,,office=it,openstreetmap,"{""openstreetmap"": ""node:12852970962""}","matched: technologies, office=it"
Pennant Technologies,62.0,high,Visakhapatnam,Andhra Pradesh,India,,17.8114054,83.3896596,,,,,,,,,office=it,openstreetmap,"{""openstreetmap"": ""node:11896309765""}","matched: technologies, office=it"
ACL Digital,61.0,high,Bengaluru,Karnataka,India,"4/1, Tower D, Bannerghatta Main Road, IBC Knowledge Park, Bengaluru, 560029",12.9329349,77.6037016,https://www.acldigital.com,+918040343000,https://www.acldigital.com/video/exceptional-growth-and-rewarding-career,company_website,https://www.acldigital.com/careers/,medium,2026-06-12T22:51:17+00:00,careers page found on company website,office=it,openstreetmap,"{""openstreetmap"": ""node:12638219052""}","matched: digital, office=it"
Novyukthi Solutions Private Limited,61.0,high,Bengaluru,Karnataka,India,"161, 2nd Cross, Bengaluru Central City Corporation, 560020",12.9960675,77.5795878,https://www.novyukthi.com,+91-9900-034649,https://www.novyukthi.com/jobs,company_website,,low,2026-06-12T23:31:42+00:00,careers page found on company website,office=it,openstreetmap,"{""openstreetmap"": ""node:13374150598""}","matched: solutions, office=it"
AuroIN LLC,61.0,high,Bhubaneswar,Odisha,India,"TCS Footpath, Bhubaneswar Municipal Corporation",20.3491353,85.8077574,,,,,,,,,"building=yes | description=Full-Service Digital Marketing and SEO service provider in NYC with expertise in Responsive Web, Mobile App Development, Video production, SMO, and PPC.",openstreetmap,"{""openstreetmap"": ""way:693559155""}","matched: app development, mobile app, digital"
Sab Hi Digital,61.0,high,Chandigarh-Mohali,Chandigarh/Punjab,India,"SCO 54-55-56, 3rd & 4th Floor Sector - 17 A, Jan Marg, Chandigarh, 160017",30.7438912,76.7840603,https://www.sabhidigital.in/,+918398060443,https://www.sabhidigital.in/carrer,company_website,https://framerusercontent.com/assets/Ii21jnSJkulBKsHHXKlapi7fv9w.woff2,medium,2026-06-12T23:31:46+00:00,careers page found on company website,office=it,openstreetmap,"{""openstreetmap"": ""node:9123608211""}","matched: digital, office=it"
Atlyx,60.0,high,Ahmedabad,Gujarat,India,"1st Florr, RE 11,, Ambli Bopal Road, Ahmedabad, 380058",23.0263028,72.5028547,https://theatlyx.com/,+919824132089,,,,none,2026-06-12T22:13:02+00:00,https://theatlyx.com/jobs: HTTPError; https://theatlyx.com/jobs/: HTTPError; https://theatlyx.com/career: HTTPError; no careers page detected,"office=advertising_agency | description=""ATLYX is a creative-technology studio built for brands that don’t want to be “seen” — they want to be experienced.

We design and build immersive brand moments, high-performing digital products, and intelligent marketing systems that turn attention into",openstreetmap,"{""openstreetmap"": ""node:13316001429""}","matched: technology, systems, digital"
Net Solutions,60.0,high,Chandigarh-Mohali,Chandigarh/Punjab,India,"15, Rajiv Gandhi Chandigarh Technology Park, Chandigarh, 160101",30.7268559,76.8410494,https://www.netsolutions.com/,,https://www.netsolutions.com/careers/,company_website,https://www.netsolutions.com/careers/,medium,2026-06-13T02:20:35+00:00,careers page found on company website,"description=Net Solutions is a digital experience agency that helps brands leverage design, engineering and AI to build consumer-focused products and platforms. Established in the year 2000, our global clients include leading brands and startups, including Harvard B",openstreetmap,"{""openstreetmap"": ""node:13301446745""}","matched: technology, solutions, digital"
SBSOL Digital Pvt. Ltd.,59.0,high,Kochi,Kerala,India,"2nd & 3rd Floor, PPJC Towers, Kalavath Road, Palarivattom, 682025",10.0034384,76.3093921,https://www.sbsoldigital.com/,,https://careers.sbsoldigital.com/,company_website,https://ajax.googleapis.com/ajax/libs/jquery/3.2.1/jquery.min.js,medium,2026-06-13T06:42:51+00:00,careers page found on company website,office=it,openstreetmap,"{""openstreetmap"": ""node:9992466634""}","matched: digital, office=it"
ITECONIC Solutions LLP,59.0,high,Noida,Uttar Pradesh,India,,28.6116357,77.3777841,https://iteconic.com/,,https://iteconic.com/jobs,company_website,,low,2026-06-13T06:42:55+00:00,careers page found on company website,office=it,openstreetmap,"{""openstreetmap"": ""node:11670008960""}","matched: solutions, office=it"
miracle software systems,59.0,high,Visakhapatnam,Andhra Pradesh,India,,17.8027448,83.3950801,,,,,,,,,office=company | building=yes,openstreetmap,"{""openstreetmap"": ""way:454334775""}","matched: software, systems, office=company"
Ignis Technology Solutions Pvt Ltd,58.0,high,Bengaluru,Karnataka,India,"#17/17, 30th Main road, 7th Cross, Banashankari 2nd Stage, Bangalore, 560085",12.9291956,77.5624757,www.ignistech.com/,080 2679 2906,,,,,,,office=company,openstreetmap,"{""openstreetmap"": ""node:3257577969""}","matched: technology, solutions, office=company"
OneCity Technologies Pvt Ltd,58.0,high,Mangaluru,Karnataka,India,"D.No. 16-3-138 / 24, 1st Floor, Mohtisham Emporium Complex, Old Pumpwell Road, Kankanady, Mangalore, 575002",12.8676561,74.8588179,https://www.onecity.co.in/,+91 9902330233,,,,,,,"office=consulting | description=Website Designing, Web Applications, eCommerce Websites, Ecommerce Business Planning, Dropshipping E-commerce, Social Media Marketing, Digital Marketing, Graphic Designing and more.",openstreetmap,"{""openstreetmap"": ""node:7921961777""}","matched: technologies, solutions, digital"
Ambara Software Technologies,57.0,high,Bengaluru,Karnataka,India,,13.026214,77.6358131,,,,,,,,,,openstreetmap,"{""openstreetmap"": ""node:454091337""}","matched: software, technologies"
Connectivity IT Solutions Private Limited,57.0,high,Bengaluru,Karnataka,India,"1877, 31st Cross Road, Banashankari 2nd stage,Bangalore, 560070",12.9196631,77.5682271,https://www.cosol.in,08026716555,,,,,,,office=it | building=yes,openstreetmap,"{""openstreetmap"": ""way:1271217728""}","matched: solutions, office=it"
CourseCube Private Limited( BTM Layout),57.0,high,Bengaluru,Karnataka,India,"2, Outer Ring Road, Bengaluru, 560076",12.9163603,77.604733,,,,,,,,,"office=educational_institution | description=CourseCube is a premier Company for Job oriented training and skill upliftment programs. We offer training on in-demand and trending technologies like Java, Python, Spring, Hibernate, Software Testing,Selenium with placements",openstreetmap,"{""openstreetmap"": ""node:11629963582""}","matched: software, technologies"
Infanion Software Solutions,57.0,high,Bengaluru,Karnataka,India,,12.9793697,77.7119958,,,,,,,,,office=company,openstreetmap,"{""openstreetmap"": ""node:12981491771""}","matched: software, solutions, office=company"
Nucleon Technologies,57.0,high,Bengaluru,Karnataka,India,"667, 15 th Cross, RHCS Layout, Annapoorneshwari Nagar, Nagarbhavi 2nd Stage, Bangalore, 560091",12.9761014,77.5060068,,,,,,,,,building=office,openstreetmap,"{""openstreetmap"": ""node:1915104214""}","matched: software, technologies"
Rain Cloud Technologies (TCS iON Exam Center),57.0,high,Bengaluru,Karnataka,India,"11th cross, Balaji Nagar, Thigarampalaya, Peenya 2nd Stage, Bengaluru",13.014386,77.4918622,,,,,,,,,office=educational_institution | description=TCS ION powered digital exam center. Has a paid open parking facility.,openstreetmap,"{""openstreetmap"": ""node:11276487679""}","matched: technologies, cloud, digital"
Software Technology Parks of India,57.0,high,Bengaluru,Karnataka,India,,12.8387622,77.6635722,,,,,,,,,,openstreetmap,"{""openstreetmap"": ""way:231354813""}","matched: software, technology"
Vitamap Software Solutions Pvt Ltd,57.0,high,Bengaluru,Karnataka,India,"No 359, 16 Main, Jayanagar 4th T Block, Bangalore, 560041",12.9258472,77.5882205,,,,,,,,,office=company | description=mEdge - Field Mobility Platform,openstreetmap,"{""openstreetmap"": ""node:4502324511""}","matched: software, solutions, office=company"
Software Technology Parks of India,57.0,high,Bhubaneswar,Odisha,India,,20.292379,85.7426859,,,,,,,,,,openstreetmap,"{""openstreetmap"": ""way:686709187""}","matched: software, technology"
Adyog Software Solutions Pvt Ltd.,57.0,high,Chennai,Tamil Nadu,India,,12.9479958,80.1981571,,,,,,,,,office=company,openstreetmap,"{""openstreetmap"": ""node:3883296157""}","matched: software, solutions, office=company"
Novalnet e-Solutions Pvt. Ltd.,57.0,high,Chennai,Tamil Nadu,India,"131, Erikkarai Street, Chennai, 600059",12.9325309,80.1298056,https://www.novalnet-solutions.com/,+91 44 43574176,,,,,,,"office=it | building=yes | description=Young and innovative company, offering fresh and creative business ideas to help brand grow.",openstreetmap,"{""openstreetmap"": ""way:354989823""}","matched: solutions, office=it"
Software Technology Parks of India - STPI,57.0,high,Chennai,Tamil Nadu,India,,12.9853689,80.2510766,,,,,,,,,building=yes,openstreetmap,"{""openstreetmap"": ""way:155204886""}","matched: software, technology"
SproutUp Solutions,57.0,high,Coimbatore,Tamil Nadu,India,"9/32A2, Vadavalli Road, Auto Nagar, Edayarpalayam, coimbatore, 641025",11.0367955,76.9206756,https://sproutup.co.in,+918300087703,,,,,,,office=it | description=SproutUp provides co-working space under brand SproutUp Space and technical mentorship program under  brand SproutUp Tech,openstreetmap,"{""openstreetmap"": ""node:12393529112""}","matched: solutions, office=it"
White Data Systems Pvt Ltd,57.0,high,Coimbatore,Tamil Nadu,India,"E, Cross Cut Road, கோயம்புத்தூர், 641009",11.0164484,76.9600073,http://www.iloads.in/,,,,,none,2026-06-13T00:07:31+00:00,homepage fetch failed: ConnectionError; http://www.iloads.in/jobs: ConnectionError; http://www.iloads.in/jobs/: ConnectionError; http://www.iloads.in/career: ConnectionError; no careers page detected,office=it | building=yes,openstreetmap,"{""openstreetmap"": ""way:1240248298""}","matched: systems, office=it"
Software Technology Park India,57.0,high,Hubballi-Dharwad,Karnataka,India,,15.3534338,75.1325197,,,,,,,,,building=office,openstreetmap,"{""openstreetmap"": ""way:162173239""}","matched: software, technology"
Geosys Enterprise Solutions Pvt. Ltd.,57.0,high,Hyderabad,Telangana,India,"6-3-841/A/2/C-1, Shanthi Nagar Colony, Hyderabad, 500016",17.4333627,78.4487106,https://geosys.co.in/,+914065522333,,,,none,2026-06-13T00:07:32+00:00,homepage fetch failed: SSLError; https://geosys.co.in/jobs: SSLError; https://geosys.co.in/jobs/: SSLError; https://geosys.co.in/career: SSLError; no careers page detected,office=it,openstreetmap,"{""openstreetmap"": ""node:3404080921""}","matched: solutions, office=it"
Guidewell IT Private Limited,57.0,high,Hyderabad,Telangana,India,"819/8 Manjeera Majestic Commercial, 8th Floor, JNTU Rd, Kukatpally Housing Board Colony, Kukatpally, Hyderabad, Telangana 500072",17.4919043,78.3936423,https://guidewellit.com,+91 8883888769,,,,,,,office=it | description=Digital Marketing,openstreetmap,"{""openstreetmap"": ""node:9788465128""}","matched: digital, office=it"
Conceptia Software Technologies,57.0,high,Kochi,Kerala,India,"CUSAT Road, Kalmassery, Ernakulam",10.0469712,76.3196851,,,,,,,,,building=yes,openstreetmap,"{""openstreetmap"": ""way:863470239""}","matched: software, technologies"
Datamate Info Solutions Limited,57.0,high,Kochi,Kerala,India,"9/826/C, 11-12, 5TH Floor Meda, Kakkand, Seaport Airport Road, Kochi, 682030",10.0121007,76.3415764,https://datamateindia.com/,+91-9048-762111,,,,,,,office=it,openstreetmap,"{""openstreetmap"": ""node:13351835111""}","matched: solutions, office=it"
Key Value Systems,57.0,high,Kochi,Kerala,India,,10.0114483,76.3666722,keyvalue.system,,,,,none,2026-06-13T01:24:00+00:00,homepage fetch failed: ConnectionError; https://keyvalue.system/jobs: ConnectionError; https://keyvalue.system/jobs/: ConnectionError; https://keyvalue.system/career: ConnectionError; no careers page detected,office=it,openstreetmap,"{""openstreetmap"": ""node:11041710418""}","matched: systems, office=it"
Techmaven IT Solutions Pvt. Ltd.,57.0,high,Kochi,Kerala,India,"Seaport Airport Road, Kochi, 682021",10.0279858,76.3369122,https://www.techmavenit.com/,+01-9746-530365,,,,none,2026-06-13T01:24:02+00:00,https://www.techmavenit.com/jobs: HTTPError; https://www.techmavenit.com/jobs/: HTTPError; https://www.techmavenit.com/career: HTTPError; no careers page detected,office=it,openstreetmap,"{""openstreetmap"": ""node:13325885776""}","matched: solutions, office=it"
Precision E-Technologies Private Limited,57.0,high,Nagpur,Maharashtra,India,"Plot No: 10, Malviya Nagar, Khamla Near Jaiprakash Nagar Railway Cross, Beltarodi, Nagpur, 440025",21.0725117,79.0756202,,,,,,,,,building=office,openstreetmap,"{""openstreetmap"": ""node:4822849559""}","matched: software, technologies"
Brey Digital,57.0,high,Noida,Uttar Pradesh,India,"G-1206, Antriksh Golf Link, Sector 1, Greater Noida West, Greater Noida, 201318",28.5580691,77.4397958,https://brey.in,+919958654488,,,,,,,office=it,openstreetmap,"{""openstreetmap"": ""node:10701576155""}","matched: digital, office=it"
Halo Technologies,57.0,high,Noida,Uttar Pradesh,India,"Plot 34, Niti Khand 1, Indirapuram, Ghaziabad, 201014",28.6455038,77.360382,,,,,,,,,building=yes | description=Software development company,openstreetmap,"{""openstreetmap"": ""way:351320503""}","matched: software, technologies"
Datavision Software solutions Pvt Ltd,57.0,high,Pune,Maharashtra,India,"Jagdishnagar, Pune, 411007",18.5553899,73.8166489,,,,,,,,,office=company,openstreetmap,"{""openstreetmap"": ""node:12863596006""}","matched: software, solutions, office=company"
Exaltech Solutions,57.0,high,Pune,Maharashtra,India,"Vasukamal Building, Lalit Mahal, Baner Road, Pune, 411045",18.5638599,73.7772605,https://www.exaltechsolutions.com/,+917888037987,,,,,,,office=it,openstreetmap,"{""openstreetmap"": ""node:4841646047""}","matched: solutions, office=it"
SplendorNet Technologies Pvt. Ltd.,57.0,high,Pune,Maharashtra,India,"Lane 6, Tirupati Nivas, Shriram Colony, Tapodham Road, Warje, Pune, 411052",18.4790199,73.8100836,,,,,,,,,building=yes | description=SplendorNet Technologies Pvt. Ltd. is one of the leading opensource software company that helps realize business dream through consulting and IT partnership,openstreetmap,"{""openstreetmap"": ""way:360227699""}","matched: software, technologies"
heptaarise IT solutions,57.0,high,Raipur,Chhattisgarh,India,"sector2 shankar nagar,raipur, raipur, 492004",21.2571362,81.6587158,https://www.heptarise.com/,+91 7898484348,,,,,,,office=it,openstreetmap,"{""openstreetmap"": ""node:4445321731""}","matched: solutions, office=it"
Shreedama Technologies,57.0,high,Surat,Gujarat,India,,21.2364213,72.8757941,,,,,,,,,,openstreetmap,"{""openstreetmap"": ""node:5442595083""}","matched: software, technologies"
Ideology Software Technologies Pvt Ltd,57.0,high,Thiruvananthapuram,Kerala,India,,8.5803754,76.8783788,,,,,,,,,,openstreetmap,"{""openstreetmap"": ""node:7106505143""}","matched: software, technologies"
Lenovo,57.0,high,Vijayawada,Andhra Pradesh,India,,16.5098332,80.6391845,,,,,,,,,shop=computer,openstreetmap,"{""openstreetmap"": ""node:13001406941""}","matched: software, systems, computer"
GrayMatter Software Services Pvt. Ltd.,56.0,high,Bengaluru,Karnataka,India,"20, 4th Floor, West Wing, RMZ Ecoworld SEZ, Outer Ring Road,, Bengaluru, 560103",12.9258227,77.6866283,https://www.graymatter.co.in/,080671 56666,https://www.graymatter.co.in/careers/,company_website,https://www.graymatter.co.in/careers/,medium,2026-06-13T08:01:52+00:00,careers page found on company website,office=company,openstreetmap,"{""openstreetmap"": ""node:4445351664""}","matched: software, office=company"
jda software pvt.limited,56.0,high,Bengaluru,Karnataka,India,"Sevice Road, Bengaluru, 560103",12.9323774,77.6835493,https://jda.com/,+918061018888,https://blueyonder.com/resources/challenges-and-opportunities-of-supply-chain-disruption,company_website,https://blueyonder.com/en/data/header/header/about/right/blue-yonder-at-a-glance/careers,medium,2026-06-13T08:02:11+00:00,careers page found on company website,office=company,openstreetmap,"{""openstreetmap"": ""node:4447209004""}","matched: software, office=company"
Tech Prastish Software Solutions Pvt. Ltd.,56.0,high,Chandigarh-Mohali,Chandigarh/Punjab,India,"E237, Ground Floor, Industrial Area, Phase 8B, Mohali, 160055",30.7116635,76.6890554,https://www.tech-prastish.com/,+919988960789,https://www.tech-prastish.com/careers/,company_website,https://www.tech-prastish.com/careers/,medium,2026-06-13T09:17:11+00:00,careers page found on company website,,openstreetmap,"{""openstreetmap"": ""node:6165261384""}","matched: software, solutions"
Novac Technology Solutions,56.0,high,Chennai,Tamil Nadu,India,"Office 275, Statesman One, Ramakrishna Mutt Rd, Mylapore,Chennai, 600004",13.036261,80.2674193,https://www.novactech.in/,,,,,none,2026-06-13T02:20:47+00:00,homepage fetch failed: ConnectTimeout; https://www.novactech.in/jobs: ConnectTimeout; https://www.novactech.in/jobs/: ConnectTimeout; https://www.novactech.in/career: ConnectTimeout; no careers page detected,office=company,openstreetmap,"{""openstreetmap"": ""node:10161910232""}","matched: technology, solutions, office=company"
Syscraft Information System - Web & Mobile App Development,56.0,high,Indore,Madhya Pradesh,India,"601, Mahasagar Corporate, Geeta Bhawan, Indore, 452001",22.7189423,75.8879153,https://www.syscraftonline.com/,+917314090138,,,,,,,,openstreetmap,"{""openstreetmap"": ""node:3838704656""}","matched: app development, mobile app"
Technology and Solutions,56.0,high,Lucknow,Uttar Pradesh,India,"41, Shivaji Enclave, C Block, Indiranagar, Lucknow, 226016",26.8782898,80.9874066,https://soln.tech,,,,,,,,office=company,openstreetmap,"{""openstreetmap"": ""node:13732139335""}","matched: technology, solutions, office=company"
Kailash Path Labs,56.0,high,Noida,Uttar Pradesh,India,"Shop/Unit No. UGF 003, Nirala Biz Park Phase –VI, NIRALA ESTATE, Plot No. GH-04, Tech Zone IV, Patwari, Greater Noida, 201306",28.6366476,77.3687875,https://www.kailashpathlabs.com/,+91-9911370370,,,,none,2026-06-13T03:46:28+00:00,homepage fetch failed: HTTPError; https://www.kailashpathlabs.com/jobs: HTTPError; https://www.kailashpathlabs.com/jobs/: HTTPError; https://www.kailashpathlabs.com/career: HTTPError; no careers page detected,"description=Kailash Path Labs, Indirapuram, operated by Kailash Healthcare Ltd., is a trusted diagnostic center dedicated to providing accurate and timely diagnostic solutions. | description=Kailash Path Labs, Greater Noida West is part of Kailash Healthcare, providing reliable and accurate diagnostic services with state-of-the-art technology.",openstreetmap,"{""openstreetmap"": ""node:12627866655""}","matched: technology, solutions, labs"
Swecha Andhra Pradesh,56.0,high,Vijayawada,Andhra Pradesh,India,"S6, Jammi chettu center, Vijayawada, 520010",16.5071093,80.6454387,https://swechaap.org,+91 95055 62303,https://www.swechaap.org/workwithus/,company_website,https://work.swechaap.org/jobs/linux-system-administrator-intern,medium,2026-06-13T10:15:36+00:00,careers page found on company website,"office=ngo | description=Swecha Andhra Pradesh is a non-profit leveraging Free and Open Source Software (FOSS) for community development, addressing social issues, and reducing the digital divide. Committed to creating an inclusive, technologically empowered society.",openstreetmap,"{""openstreetmap"": ""node:11468881519""}","matched: software, digital"
Complitech Solutions Pvt. Ltd.,55.0,high,Ahmedabad,Gujarat,India,"303, Sarvopari Mall, Ahmedabad, 380061",23.0589766,72.537631,https://complitech.us/,,,,,none,2026-06-13T03:46:36+00:00,homepage fetch failed: ConnectTimeout; https://complitech.us/jobs: ConnectTimeout; https://complitech.us/jobs/: ConnectTimeout; https://complitech.us/career: ConnectTimeout; no careers page detected,office=it,openstreetmap,"{""openstreetmap"": ""node:5611932992""}","matched: solutions, office=it"
Bhartiya Centre of Information Technology,55.0,high,Bengaluru,Karnataka,India,,13.0841386,77.6406209,,,,,,,,,,openstreetmap,"{""openstreetmap"": ""way:781780410""}","matched: information technology, technology"
o9 Solutions,55.0,high,Bengaluru,Karnataka,India,"ITPL Main Road, Doddanekundi, Bengaluru, 560048",12.9733657,77.7101121,https://www.o9solutions.com,,,,,,,,office=it,openstreetmap,"{""openstreetmap"": ""node:10750816339""}","matched: solutions, office=it"
Raincode Labs India,55.0,high,Bengaluru,Karnataka,India,"1144, 22nd Cross Road, Bangalore, 560102",12.9086807,77.6486567,https://www.raincodelabs.com/,+91 99450 47258,,,,,,,office=it,openstreetmap,"{""openstreetmap"": ""node:9969767664""}","matched: labs, office=it"
Beez Innovation Labs Pvt. Ltd.,55.0,high,Chennai,Tamil Nadu,India,"HQ10 Primus, Office no. 205, 2nd floor, SP-7A, South Phase, Guindy Industrial Estate, Guindy, Chennai, 600032",13.0145816,80.2018161,https://www.beezlabs.com/,+91 44 4004 0468,,,,none,2026-06-13T05:18:53+00:00,https://www.beezlabs.com/jobs: HTTPError; https://www.beezlabs.com/jobs/: HTTPError; https://www.beezlabs.com/career: HTTPError; no careers page detected,office=it,openstreetmap,"{""openstreetmap"": ""node:6788124685""}","matched: labs, office=it"
Touchmark Media,55.0,high,Chennai,Tamil Nadu,India,"10-C, 92nd St, 18th avenue, Ashok Nagar, Chennai, 600083",13.0435956,80.2114638,http://www.touchmarkmedia.in,,,,,none,2026-06-13T05:18:55+00:00,homepage fetch failed: ConnectionError; http://www.touchmarkmedia.in/jobs: ConnectionError; http://www.touchmarkmedia.in/jobs/: ConnectionError; http://www.touchmarkmedia.in/career: ConnectionError; no careers page detected,office=it | description=Touch Mark Media is one of the leading Digital Media Marketing and Advertising Company in Chennai. Digital marketing helps all the business persons to bring out more sales for their business.,openstreetmap,"{""openstreetmap"": ""node:4066311356""}","matched: digital, office=it"
Shriasys,55.0,high,Coimbatore,Tamil Nadu,India,"304, G.V. Residency, Coimbatore, 641028",11.0091738,77.0139058,https://shriasys.com,,,,,,,,"office=it | description=Website Development, Website Hosting, SEO and Digital Marketing Services",openstreetmap,"{""openstreetmap"": ""node:12425496319""}","matched: digital, office=it"
US IT Services,55.0,high,Gurugram,Haryana,India,"Basement, KH No- 367, Plot No - 41, 100 Feet Rd, near KSM School, Ghitorini, Delhi, 110030",28.4970937,77.1455382,https://www.usitservices.in/,9015035702,https://www.usitservices.in/blog/how-companies-handle-it-gaps-between-hiring-and-onboarding/,company_website,https://challenges.cloudflare.com/turnstile/v0/api.js,medium,2026-06-13T10:15:45+00:00,careers page found on company website,office=it,openstreetmap,"{""openstreetmap"": ""node:13180200122""}","matched: it services, office=it; negative hints: school"
Department Of Information Technology,55.0,high,Guwahati,Assam,India,781014,26.1526227,91.6645327,,,,,,,,,office=educational_institution,openstreetmap,"{""openstreetmap"": ""node:4689353601""}","matched: information technology, technology"
Unwired Labs (India) Pvt Ltd,55.0,high,Hyderabad,Telangana,India,500033,17.421227,78.4006673,https://unwiredlabs.com,+91-4066-588335,,,,,,,office=it,openstreetmap,"{""openstreetmap"": ""node:4398575802""}","matched: labs, office=it"
Maharishi University Of Information Technology,55.0,high,Lucknow,Uttar Pradesh,India,"Lucknow, 226021",26.9302879,80.9278433,,,,,,,,,amenity=university | description=Maharishi University of Information Technology IIM bypass Lucknow,openstreetmap,"{""openstreetmap"": ""node:5109403070""}","matched: information technology, technology"
Information Technology,55.0,high,Nagpur,Maharashtra,India,,21.0950127,78.9802811,,,,,,,,,,openstreetmap,"{""openstreetmap"": ""node:4711226230""}","matched: information technology, technology"
UMS Tech Labs,55.0,high,Nashik,Maharashtra,India,"#404, Shree Ganesh Kuber, Gangapur Road, Nashik, 422005",20.0099934,73.7642047,https://umstechlabs.com/,022 30770139,,,,,,,office=it,openstreetmap,"{""openstreetmap"": ""node:5419812402""}","matched: labs, office=it"
Delhi Information Technology Park,55.0,high,New Delhi,Delhi,India,,28.6722963,77.2502281,,,,,,,,,,openstreetmap,"{""openstreetmap"": ""way:80429869""}","matched: information technology, technology"
Department Of Information Technology Engineering,55.0,high,Panaji/Goa,Goa,India,,15.4252041,73.9795401,,,,,,,,,amenity=parking,openstreetmap,"{""openstreetmap"": ""way:1359536463""}","matched: information technology, technology"
B S S Information Technology Mission,55.0,high,Thiruvananthapuram,Kerala,India,,8.4907667,76.9514009,,,,,,,,,office=yes,openstreetmap,"{""openstreetmap"": ""node:7470345912""}","matched: information technology, technology"
Kerala State Information Technology Mission (PMU),55.0,high,Thiruvananthapuram,Kerala,India,,8.4974134,76.9462429,,,,,,,,,building=yes,openstreetmap,"{""openstreetmap"": ""way:819319365""}","matched: information technology, technology"
Star One Information Technology,55.0,high,Thiruvananthapuram,Kerala,India,,8.5106917,76.9431812,,,,,,,,,building=yes,openstreetmap,"{""openstreetmap"": ""way:845777747""}","matched: information technology, technology"
Razorpay Software Private Limited,54.0,medium,Bengaluru,Karnataka,India,,12.939054,77.609513,https://razorpay.com,,https://razorpay.com/careers/,greenhouse,https://razorpay.com/careers/,high,2026-06-13T11:48:09+00:00,detected ATS/provider,office=company,openstreetmap,"{""openstreetmap"": ""node:4586511728""}","matched: software, office=company"
ESage IT Services Pvt Ltd,54.0,medium,Jaipur,Rajasthan,India,"C7, Mangalam Grand City, Mahapura Rd, Jaipur, 302026",26.8580257,75.6665004,https://esagedigital.com/,+91 9828091717,https://esagedigital.com/career/,company_website,https://esagedigital.com/career/,medium,2026-06-13T12:22:03+00:00,careers page found on company website,office=advertising_agency | description=Digital Marketing Agency,openstreetmap,"{""openstreetmap"": ""node:12565112269""}","matched: it services, digital"
W3care Technologies,54.0,medium,Jaipur,Rajasthan,India,"263/845, Sector 26, Sanganer, Pratap Nagar, Jaipur, 302033",26.8090637,75.8450197,https://www.w3care.com/,,,,,,,,"building=commercial | description=W3Care Technologies is IT Company based in India and found in 2010. W3Care has been providing best website development, extension and maintenance services to its clients. We have expertise in Web development and provide development services.",openstreetmap,"{""openstreetmap"": ""way:386686260""}","matched: technologies, web development"
Druva Software,54.0,medium,Pune,Maharashtra,India,"Senapati Bapat Marg, 411016",18.5336054,73.8291382,https://www.druva.com/,,https://www.druva.com/why-druva/explore/careers,greenhouse,https://www.druva.com/why-druva/explore/careers,high,2026-06-13T12:22:18+00:00,detected ATS/provider,office=company,openstreetmap,"{""openstreetmap"": ""node:12009116069""}","matched: software, office=company"
Naman Technologies,53.0,medium,Pune,Maharashtra,India,,18.6282417,73.7850315,,,,,,,,,office=company | description=Industrial CCTV Suppliers Security Alarm Systems Biometric Access & Attendance,openstreetmap,"{""openstreetmap"": ""node:8344153156""}","matched: technologies, systems, office=company"
Nityaa Technosys Pvt Ltd,53.0,medium,Pune,Maharashtra,India,,18.5162199,73.8547865,http://nityaalabs.com/,,,,,,,,office=it,openstreetmap,"{""openstreetmap"": ""node:2716630534""}","matched: startup, office=it"
iWave Systems Technologies Pvt Ltd,52.0,medium,Bengaluru,Karnataka,India,"7/B, 29th Main Road, Bengaluru, 560076",12.9126885,77.6150964,https://www.iwavesystems.com/,+91-80-26683700,https://www.iwavesystems.com/jobs/,company_website,https://www.iwavesystems.com/jobs/,medium,2026-06-13T13:02:40+00:00,careers page found on company website,"building=yes | description=iWave Systems Technologies, an ISO 9001:2015 certified company, established in the year 1999, focuses on standard and customised System on Module/SBC product development in Industrial, Medical, Automotive & Embedded Computing application domains. ",openstreetmap,"{""openstreetmap"": ""way:348306686""}","matched: technologies, systems"
McAfee Software India Pvt. Ltd,52.0,medium,Bengaluru,Karnataka,India,"2nd floor, Pine Valley,  Embassy Golf Link Business Park,Off Intermediate Ring Road,  Domlur, Bangalore, 560071",12.9467394,77.6464947,https://mcafee.com/,"""080 4180 9000 """,,,,,,,office=company,openstreetmap,"{""openstreetmap"": ""node:4445089987""}","matched: software, office=company"
Verint Systems India,52.0,medium,Bengaluru,Karnataka,India,,12.9731265,77.6081749,,,,,,,,,office=it,openstreetmap,"{""openstreetmap"": ""node:3808206955""}","matched: systems, office=it"
Vision Karnataka Secure Solutions,52.0,medium,Bengaluru,Karnataka,India,,12.926269,77.5829829,,+91 91082 23244,,,,,,,office=it,openstreetmap,"{""openstreetmap"": ""node:12491497273""}","matched: solutions, office=it"
Visionet Systems,52.0,medium,Bengaluru,Karnataka,India,,12.9000037,77.6311862,,,,,,,,,office=it,openstreetmap,"{""openstreetmap"": ""node:9253530902""}","matched: systems, office=it"
Drona Systems,52.0,medium,Chennai,Tamil Nadu,India,,13.0653729,80.2197222,,,,,,,,,office=it | building=yes,openstreetmap,"{""openstreetmap"": ""way:355048143""}","matched: systems, office=it"
Tarka Labs,52.0,medium,Chennai,Tamil Nadu,India,"7th Avenue, Chennai, 600033",13.0365057,80.2164385,https://tarkalabs.com/,,https://tarkalabs.com/careers/,company_website,https://tarkalabs.com/assets/js/page--src--pages--careers-vue.c070b49e.js,medium,2026-06-13T13:02:48+00:00,careers page found on company website,building=yes | description=A software services company,openstreetmap,"{""openstreetmap"": ""way:354832478""}","matched: software, labs"
TVF - Contagious online media network private limited,52.0,medium,Chennai,Tamil Nadu,India,"New no 20, Old No 30, 3rd floor, Musiri Subramanium street, oliver road",13.03935,80.2608471,www.tvfplay.com,044-49521737,,,,none,2026-06-13T09:17:14+00:00,homepage fetch failed: SSLError; https://www.tvfplay.com/jobs: SSLError; https://www.tvfplay.com/jobs/: SSLError; https://www.tvfplay.com/career: SSLError; no careers page detected,office=company | description=software company,openstreetmap,"{""openstreetmap"": ""node:5393408521""}","matched: software, office=company"
Crucial Software and IT Park Pvt Ltd,52.0,medium,Gandhinagar,Gujarat,India,"D 513, VTC, Kudasan, 382421",23.1820609,72.6279853,https://csitpark.com,+917948922322,,,,none,2026-06-13T11:06:34+00:00,https://csitpark.com/jobs: HTTPError; https://csitpark.com/jobs/: HTTPError; https://csitpark.com/career: HTTPError; no careers page detected,office=company,openstreetmap,"{""openstreetmap"": ""node:9221693769""}","matched: software, office=company"
EPIQ Systems,52.0,medium,Hyderabad,Telangana,India,,17.4225774,78.3469906,,,,,,,,,office=it,openstreetmap,"{""openstreetmap"": ""node:11447371960""}","matched: systems, office=it"
Nimbu Tech Systems,52.0,medium,Hyderabad,Telangana,India,,17.4342859,78.3933318,,,,,,,,,office=it,openstreetmap,"{""openstreetmap"": ""node:7025820807""}","matched: systems, office=it"
Systica Systems,52.0,medium,Kochi,Kerala,India,,9.9566963,76.2994296,,,,,,,,,office=it,openstreetmap,"{""openstreetmap"": ""node:7469575812""}","matched: systems, office=it"
Zest Systems Private Limited,52.0,medium,New Delhi,Delhi,India,,28.644221,77.2016183,,,,,,,,,office=it,openstreetmap,"{""openstreetmap"": ""node:11971465783""}","matched: systems, office=it"
Barco Electronic Systems Pvt. Ltd.,52.0,medium,Noida,Uttar Pradesh,India,"38-B/C, Noida, 201301",28.6108151,77.3739743,,,,,,,,,office=it | building=office,openstreetmap,"{""openstreetmap"": ""way:351164430""}","matched: systems, office=it"
IT Systems Global,52.0,medium,Pune,Maharashtra,India,"Shop no 4 Uttara Nagari, Bhau Patil Path, Pune, 411020",18.5646075,73.8307723,http://www.itsystemsglobal.com,"+91 9623817754, +91 9021765734",,,,none,2026-06-13T11:06:38+00:00,homepage fetch failed: ConnectionError; http://www.itsystemsglobal.com/jobs: ConnectionError; http://www.itsystemsglobal.com/jobs/: ConnectionError; http://www.itsystemsglobal.com/career: ConnectionError; no careers page detected,,openstreetmap,"{""openstreetmap"": ""node:3073359054""}","matched: it services, systems"
Persistent Systems,52.0,medium,Pune,Maharashtra,India,,18.5796058,73.7377777,,,,,,,,,office=it,openstreetmap,"{""openstreetmap"": ""node:11336819152""}","matched: systems, office=it"
Persistent Systems,52.0,medium,Pune,Maharashtra,India,,18.5880742,73.7377123,,,,,,,,,office=it,openstreetmap,"{""openstreetmap"": ""way:1517443436""}","matched: systems, office=it"
tcs  software company,52.0,medium,Raipur,Chhattisgarh,India,"M.M silver plaza, raipur, 492001",21.2312945,81.6634016,www.tcsnextstep.in,+91 7714069175,,,,,,,office=company,openstreetmap,"{""openstreetmap"": ""node:4445183749""}","matched: software, office=company"
Paranoia Systems International Pvt. Ltd. (PSI Pvt. Ltd.),52.0,medium,Thiruvananthapuram,Kerala,India,,8.5202903,76.9463475,,,,,,,,,office=it,openstreetmap,"{""openstreetmap"": ""node:7467464918""}","matched: systems, office=it"
Honeywell Technology Solutions,51.0,medium,Bengaluru,Karnataka,India,,12.9249652,77.6868595,,,,,,,,,office=company | amenity=office,openstreetmap,"{""openstreetmap"": ""node:11553915354""}","matched: technology, solutions, office=company"
Last Mile Consultants Technology Solutions Pvt Ltd,51.0,medium,Bengaluru,Karnataka,India,,12.9703255,77.6168555,,,,,,,,,office=company,openstreetmap,"{""openstreetmap"": ""node:3788575294""}","matched: technology, solutions, office=company"
Shree Naik Green Technologies,51.0,medium,Bengaluru,Karnataka,India,,12.9759511,77.6456018,,,,,,,,,office=technology,openstreetmap,"{""openstreetmap"": ""node:3370441598""}","matched: technology, technologies"
Tismo Technology Solutions,51.0,medium,Bengaluru,Karnataka,India,,12.965781,77.6138654,,,,,,,,,office=company,openstreetmap,"{""openstreetmap"": ""node:5061395358""}","matched: technology, solutions, office=company"
Cognizant Technology Solutions Pvt. Ltd.,51.0,medium,Chennai,Tamil Nadu,India,,12.945219,80.1218641,,,,,,,,,office=company,openstreetmap,"{""openstreetmap"": ""way:95628734""}","matched: technology, solutions, office=company"
NEXT Techno Enterprises Pvt. Ltd,51.0,medium,Coimbatore,Tamil Nadu,India,"Module No: 308/1,Third Floor, Vilankuruchi Road, Coimbatore, 641014",11.0322905,77.0185033,,,,,,,,,office=company | description=NEXT Inc delivers a varied portfolio of technology services and solutions to clients spanning private and NEXT Inc ccommercial industries to government & regulatory verticals. We work with clients to identify solutions to improve operational efficiencies.,openstreetmap,"{""openstreetmap"": ""node:5444486062""}","matched: technology, solutions, office=company"
Aum Infotech Pvt Ltd,50.0,medium,Bengaluru,Karnataka,India,"Y122 1st and 2nd Floor, 16th Main Road, Bangalore, 560010",12.9859838,77.5523378,https://www.auminfotech.com/,08023303024,https://auminfotech.com/pages/careers/,company_website,https://auminfotech.com/wp-json/oembed/1.0/embed?url=https%3A%2F%2Fauminfotech.com%2Fpages%2Fcareers%2F,medium,2026-06-13T13:47:41+00:00,careers page found on company website,office=company,openstreetmap,"{""openstreetmap"": ""node:6646295301""}","matched: infotech, office=company"
Avenxo Labs Private Limited,50.0,medium,Bengaluru,Karnataka,India,"24/2, Begur Main Road, Bangalore, 560068",12.9065148,77.6281661,http://avenxolabs.com/,+91 97 47 335 216,,,,none,2026-06-13T11:48:07+00:00,homepage fetch failed: ConnectionError; http://avenxolabs.com/jobs: ConnectionError; http://avenxolabs.com/jobs/: ConnectionError; http://avenxolabs.com/career: ConnectionError; no careers page detected,"description=Avenxo Labs, inspired by innovations Founded by like minded professionals to innovate the software development industry. The company is located in Bangalore, the IT hub of India. The expertise and experience of our team enables clients to be services wi",openstreetmap,"{""openstreetmap"": ""node:4912747732""}","matched: software, labs"
Feria IT Solutions,50.0,medium,Bengaluru,Karnataka,India,,12.9522605,77.7002399,,,,,,,,,office=it,openstreetmap,"{""openstreetmap"": ""node:3541856179""}","matched: solutions, office=it"
Insemi VLSI training & Solutions,50.0,medium,Bengaluru,Karnataka,India,,12.9523062,77.7002546,,,,,,,,,office=it,openstreetmap,"{""openstreetmap"": ""node:3541856180""}","matched: solutions, office=it"
Jsoft Solutions Ltd,50.0,medium,Bengaluru,Karnataka,India,,12.9743659,77.6146309,,,,,,,,,office=it,openstreetmap,"{""openstreetmap"": ""node:3844330641""}","matched: solutions, office=it"
Opteamix India Business Solutions Pvt Ltd,50.0,medium,Bengaluru,Karnataka,India,"37/A-07, South End Road, Bangalore, 560004",12.9364695,77.5791359,,,,,,,,,office=it | building=yes,openstreetmap,"{""openstreetmap"": ""way:347488190""}","matched: solutions, office=it"
Red Web Solutions,50.0,medium,Bengaluru,Karnataka,India,"#5,Saraswathamma Complex, Ramurthy Nagar, Thambuchettypalya Main Road, Bangalore, 560016",13.0209402,77.6792145,,,,,,,,,office=it,openstreetmap,"{""openstreetmap"": ""node:4518785999""}","matched: solutions, office=it"
TTP Technologies PVT. Ltd,50.0,medium,Bengaluru,Karnataka,India,"486, D, 13th Cross Road, Bangalore, 560058",13.0187312,77.5052249,ttpradiators.com,080 2836 1488,https://ttpradiators.com/careers,company_website,https://ttpradiators.com/careers,medium,2026-06-13T15:52:51+00:00,careers page found on company website,office=company,openstreetmap,"{""openstreetmap"": ""node:4488702704""}","matched: technologies, office=company"
Zieta Technologies,50.0,medium,Bengaluru,Karnataka,India,"RMZ Eco World,SEZ Unit, Devarabisanahalli, Outer Ring Road,, Bengaluru, 560103",12.9255755,77.6866008,https://www.zietatech.com/,080 2609 5999,https://www.zietatech.com/index.php?page=careers,company_website,https://fonts.googleapis.com/css2?family=Roboto&display=swap,medium,2026-06-13T15:52:55+00:00,careers page found on company website,office=company,openstreetmap,"{""openstreetmap"": ""node:4445330574""}","matched: technologies, office=company"
"windowit technologies pvt ltd, first floor Sector 65",50.0,medium,Chandigarh-Mohali,Chandigarh/Punjab,India,"scr 61, first floor sector 65 phase 11, Mohali, 160062",30.6807505,76.7450219,https://www.windowit.in/,9876997280,https://www.windowit.in/jobs,company_website,,low,2026-06-13T16:31:28+00:00,careers page found on company website,office=company,openstreetmap,"{""openstreetmap"": ""node:9054502263""}","matched: technologies, office=company"
Sterling Software Pvt Ltd,50.0,medium,Chennai,Tamil Nadu,India,"CSIR road, 600113",12.9854153,80.2463893,https://sterlingsoftware.global,,,,,,,,office=company,openstreetmap,"{""openstreetmap"": ""node:13439114501""}","matched: software, office=company"
KT Telematic Solutions Pvt Ltd,50.0,medium,Coimbatore,Tamil Nadu,India,"1020, Avinashi Road, Coimbatore, 641018",11.0035703,76.9701884,,,,,,,,,office=it,openstreetmap,"{""openstreetmap"": ""node:5752357089""}","matched: solutions, office=it"
RVS Land Surveyors,50.0,medium,Coimbatore,Tamil Nadu,India,"29 Palani Illam, Sundaram Brothers Layout, Coimbatore, 641045",10.9988634,76.989966,https://www.rvslandsurveyors.com/,04224212672,https://www.rvslandsurveyors.com/careers,company_website,https://www.rvslandsurveyors.com/careers,medium,2026-06-13T17:04:48+00:00,careers page found on company website,"office=company | description=We're experts in digital land surveying and provide pan India-based land surveying and aerial mapping solutions to Architect, Engineers, and the locals from Coimbatore, Tamilnadu. We also have branch in Madurai, Salem and Pollachi.",openstreetmap,"{""openstreetmap"": ""node:10981917436""}","matched: solutions, digital, office=company"
Agiliq Info Solutions India Private Ltd,50.0,medium,Hyderabad,Telangana,India,,17.4378651,78.3957729,,,,,,,,,office=it,openstreetmap,"{""openstreetmap"": ""node:7021303665""}","matched: solutions, office=it"
Infrability IT Solutions,50.0,medium,Hyderabad,Telangana,India,"hyderabad, 500032",17.4226768,78.381343,,,,,,,,,office=it,openstreetmap,"{""openstreetmap"": ""node:11101235047""}","matched: solutions, office=it"
Izetta IT Solutions,50.0,medium,Hyderabad,Telangana,India,,17.4511435,78.3908647,,,,,,,,,office=it,openstreetmap,"{""openstreetmap"": ""node:7025820834""}","matched: solutions, office=it"
Shras IT Solutions Pvt Ltd,50.0,medium,Hyderabad,Telangana,India,,17.4425571,78.3872312,,,,,,,,,office=it,openstreetmap,"{""openstreetmap"": ""node:7021303626""}","matched: solutions, office=it"
Techgallore It Solutions,50.0,medium,Hyderabad,Telangana,India,,17.4481249,78.3912448,,,,,,,,,office=it,openstreetmap,"{""openstreetmap"": ""node:7025820827""}","matched: solutions, office=it"
Tez Solutions,50.0,medium,Hyderabad,Telangana,India,"1-33-155, Lake Ville Extension, RTC Colony, Tirumalagiri",17.4741207,78.4970054,,,,,,,,,office=it,openstreetmap,"{""openstreetmap"": ""node:9272496603""}","matched: solutions, office=it"
F5 Buddy,50.0,medium,Indore,Madhya Pradesh,India,"114, Mahatma Gandhi Marg, Indore, 452001",22.7236271,75.8817239,https://www.f5buddy.com/,095221 48006,,,,,,,"description=F5 Buddy is a leading Organization offering Web & IT services along with complete SEO & Digital Marketing Services.
",openstreetmap,"{""openstreetmap"": ""node:5199867570""}","matched: it services, digital"
Mithram Digital Hub,50.0,medium,Kochi,Kerala,India,,10.0183762,76.3057569,,,,,,,,,office=it,openstreetmap,"{""openstreetmap"": ""node:12390842371""}","matched: digital, office=it"
Nexgen online solutions,50.0,medium,Kochi,Kerala,India,,9.9779597,76.3231421,,,,,,,,,office=it,openstreetmap,"{""openstreetmap"": ""node:6367908421""}","matched: solutions, office=it"
Pathkraft Solutions,50.0,medium,Kochi,Kerala,India,,9.9539341,76.3025328,,,,,,,,,office=it,openstreetmap,"{""openstreetmap"": ""node:11129292390""}","matched: solutions, office=it"
Tenderwoods Solutions Pvt Ltd,50.0,medium,Kochi,Kerala,India,"2nd Floor, Mehraz Plaza, University Road, Ernakulam, 682022",10.0462594,76.3229097,,,,,,,,,office=it,openstreetmap,"{""openstreetmap"": ""node:12068448784""}","matched: solutions, office=it"
ThinkPalm Technologies Pvt. Ltd.,50.0,medium,Kochi,Kerala,India,"B-1,1st floor, Athulya Building, Infopark-SEZ Infopark, kakanad, 682042",10.0093876,76.3619496,https://thinkpalm.com/,+91 0484 410 4100,https://thinkpalm.com/company/careers/,company_website,https://thinkpalm.com/company/careers/,medium,2026-06-13T18:15:11+00:00,careers page found on company website,office=company,openstreetmap,"{""openstreetmap"": ""node:12806398244""}","matched: technologies, office=company"
"Credent Solutions & Services Private Limited
क्रेडेंट सॉल्यूशंस & सर्विसेज प्राइवेट लिमिटेड",50.0,medium,Noida,Uttar Pradesh,India,,28.6127377,77.3778246,,,,,,,,,office=it,openstreetmap,"{""openstreetmap"": ""node:11670008986""}","matched: solutions, office=it"
Terasol Technologies Pvt. Ltd.,50.0,medium,Noida,Uttar Pradesh,India,"69, Building Materials Market, Ecotech-II, Udyog Vihar, Greater Noida, 201306",28.4997985,77.4830571,https://www.terasoltechnologies.com/,0120-4100999,https://www.terasoltechnologies.com/jobs-in-noida,zoho_recruit,https://www.terasoltechnologies.com/jobs-in-noida,high,2026-06-13T18:49:41+00:00,detected ATS/provider,office=company,openstreetmap,"{""openstreetmap"": ""node:3502469670""}","matched: technologies, office=company"
e-Zest Solutions,50.0,medium,Pune,Maharashtra,India,,18.5791365,73.739869,,,,,,,,,office=it,openstreetmap,"{""openstreetmap"": ""node:11336819128""}","matched: solutions, office=it"
Neeyamo Enterprise Solutions,50.0,medium,Pune,Maharashtra,India,,18.5805533,73.7378428,,,,,,,,,office=it,openstreetmap,"{""openstreetmap"": ""node:11336819155""}","matched: solutions, office=it"
PC Land,50.0,medium,Thiruvananthapuram,Kerala,India,"18, Chempaka Nagar Main Road, Thiruvananthapuram, Kerala, 695001",8.4989159,76.9539004,https://pcland.co.in,9447026868,,,,,,,"shop=computer | description=PC Land, located in Thiruvananthapuram, Kerala, caters to your computer needs. They offer services on reparing your PC affected with hardware and software issues.",openstreetmap,"{""openstreetmap"": ""node:11637374356""}","matched: software, computer"
Wikta IT Services Private Limited,50.0,medium,Thiruvananthapuram,Kerala,India,"GRA J1, Gandhipuram Road, Thiruvananthapuram, 695017",8.5615988,76.9048658,https://wiktait.com/,+91-9447028012,,,,,,,office=company,openstreetmap,"{""openstreetmap"": ""node:9226617702""}","matched: it services, office=company"
Aeries Soft Tech Solutions,50.0,medium,Visakhapatnam,Andhra Pradesh,India,,17.7250101,83.3056434,,,,,,,,,office=it,openstreetmap,"{""openstreetmap"": ""node:11609593054""}","matched: solutions, office=it"
iON Digital Zone. IDZ Yerragattugutta,50.0,medium,Warangal,Telangana,India,,18.0535767,79.5332914,,,,,,,,,office=it,openstreetmap,"{""openstreetmap"": ""node:13338251036""}","matched: digital, office=it"
Softwayz IT Solutions,50.0,medium,Warangal,Telangana,India,,18.0216048,79.5495724,,,,,,,,,office=it,openstreetmap,"{""openstreetmap"": ""node:13340126755""}","matched: solutions, office=it"
Novus Logics,49.0,medium,Ahmedabad,Gujarat,India,"406, Lilamani Corporate Heights, Ramapir no Tekro BRTS Station, Vadaj, Ahmedabad, 380013",23.0622048,72.5713002,https://www.novuslogics.com/,+919727577587,https://www.novuslogics.com/career/,company_website,https://www.novuslogics.com/_nuxt/static/1674719016/career/state.js,medium,2026-06-13T19:23:13+00:00,careers page found on company website,office=it,openstreetmap,"{""openstreetmap"": ""node:5353985489""}",matched: office=it
Thanksweb,49.0,medium,Ahmedabad,Gujarat,India,"B-503, Arved Transcube Plaza, Radhaswami Road, Ahmedabad, 382480",23.068303,72.5759447,https://www.thanksweb.in/,9537442430,https://www.thanksweb.in/career.php,company_website,,low,2026-06-13T19:23:16+00:00,careers page found on company website,office=it,openstreetmap,"{""openstreetmap"": ""node:9642945518""}",matched: office=it
Banyan Data Services,49.0,medium,Bengaluru,Karnataka,India,,12.9700692,77.7307283,,,,,,,,,"office=company | description=IT managed services focused on Data services, DevOps and Cloud services ",openstreetmap,"{""openstreetmap"": ""node:7301798859""}","matched: cloud, devops, office=company"
Webbirth,49.0,medium,Bengaluru,Karnataka,India,"No 17, 2nd floor, Star complex, Bangalore, 560056",12.9513093,77.4925829,https://webbirth.in/,+91 9535135278,https://webbirth.in/careers.html,company_website,https://www.google.com/recaptcha/api.js,medium,2026-06-13T20:40:08+00:00,careers page found on company website,office=it,openstreetmap,"{""openstreetmap"": ""node:13428151433""}",matched: office=it
Kizzy Consulting LLP,49.0,medium,Chandigarh-Mohali,Chandigarh/Punjab,India,"Sco-45 1st floor, Swastik Vihar Sector 5, Panchkula, 134109",30.7167059,76.8486674,https://kizzyconsulting.com/,+91 98724 55911,https://kizzyconsulting.com/careers,company_website,https://kizzyconsulting.com/careers/,medium,2026-06-13T21:09:32+00:00,careers page found on company website,office=it,openstreetmap,"{""openstreetmap"": ""node:10878114511""}",matched: office=it
Truckrr Information services,49.0,medium,Chennai,Tamil Nadu,India,"4, New MGR Road, Veeramamunivar, 1st street, CHENNAI, 600096",12.9647683,80.2465261,https://www.truckrr.com/,04447768360,https://www.truckrr.com/jobs/,company_website,https://www.truckrr.com/jobs/,medium,2026-06-13T21:41:41+00:00,careers page found on company website,office=it,openstreetmap,"{""openstreetmap"": ""node:11152623082""}",matched: office=it
USAM Technology Solutions Pvt Ltd,49.0,medium,Chennai,Tamil Nadu,India,"No 4, Chennai, 600004",13.0427569,80.262938,,,,,,,,,shop=computer,openstreetmap,"{""openstreetmap"": ""node:3233714725""}","matched: technology, solutions, computer"
Campus On Click,49.0,medium,Gandhinagar,Gujarat,India,"704, Abhishek Complex, Sector 11, Gandhinagar, 382011",23.2168333,72.6490612,https://campusonclick.co.in,+918866744499,https://campusonclick.co.in/career,company_website,https://fonts.googleapis.com/css2?family=Outfit:wght@300;600;900&display=swap,medium,2026-06-13T22:14:29+00:00,careers page found on company website,office=it,openstreetmap,"{""openstreetmap"": ""node:10790125020""}",matched: office=it
Dinoustech Private Limited,49.0,medium,Jaipur,Rajasthan,India,"Plot no.2, 4th floor, Ganga Tower, Tagore Nagar, Chitrakoot Marg, Jaipur, 302021",26.8946479,75.7390328,https://dinoustech.com/,09166373236,https://www.dinoustech.com/career.html,company_website,https://www.dinoustech.com/images/iconimages/careers.png,medium,2026-06-13T23:15:03+00:00,careers page found on company website,office=it,openstreetmap,"{""openstreetmap"": ""node:12282029934""}",matched: office=it
Camino Info Tech,49.0,medium,Kochi,Kerala,India,,10.0530474,76.3328781,https://caminoinfotech.com,+91 94478 38710,https://caminoinfotech.com/careers,company_website,https://caminoinfotech.com/careers,medium,2026-06-13T23:43:12+00:00,careers page found on company website,office=it,openstreetmap,"{""openstreetmap"": ""node:9534648247""}",matched: office=it
Etech India office,49.0,medium,Kochi,Kerala,India,"001, bypass road, 682024",10.0145807,76.3123233,http://idealetech.com,+918891889977,http://idealetech.com/jobs,company_website,,low,2026-06-13T23:43:13+00:00,careers page found on company website,office=it,openstreetmap,"{""openstreetmap"": ""node:4707168000""}",matched: office=it
Ideamine Technologies Pvt Ltd,49.0,medium,Kochi,Kerala,India,,10.0119922,76.3206911,,,,,,,,,office=company,openstreetmap,"{""openstreetmap"": ""node:2195650568""}","matched: technologies, computer, office=company"
Capco Wipro,49.0,medium,Mumbai,Maharashtra,India,"4, HK Bhaba Road, Mumbai, 400050",19.0490411,72.8210121,https://www.capco.com/,+91 022 7197 7562,https://www.capco.com/careers,company_website,https://www.capco.com/careers,medium,2026-06-14T00:15:15+00:00,careers page found on company website,office=it | building=commercial,openstreetmap,"{""openstreetmap"": ""way:356284814""}",matched: office=it
New LJ Institute of Engineering and Technology,48.0,medium,Ahmedabad,Gujarat,India,"Sindhu Bhavan Road, Ahmedabad, 380054",23.0378426,72.5096246,https://www.ljku.edu.in/program/engineering-new-lj-11,18001210082,https://ljku.edu.in/jobs,company_website,http://ljku.edu.in/jobs,medium,2026-06-14T02:33:38+00:00,careers page found on company website,"office=educational_institution | description=New L J Institute of Engineering and Technology is a GTU affiliated academic institution specifically dedicated to Computer Science and Engineering, Computer Science and Engineering (specialisation in Artificial Intelligence and Machine Learning) branch. | building=college | description=New LJ Institute of Engineering and Technology is an GTU affiliated academic institution specifically dedicated to Computer Science and Engineering, Computer Science and Engineering (specialisation in Artificial Intelligence and Machine Learning) branch.",openstreetmap,"{""openstreetmap"": ""way:1157956222""}","matched: technology, artificial intelligence, machine learning, computer; negative hints: institute, college"
Brillio Technologies Pvt Ltd,48.0,medium,Bengaluru,Karnataka,India,"4th Floor of Bren Optimus No 8/2, Dr.M.H Marigowda Road, Bangalore – 560029",12.9368197,77.6068343,https://www.brillio.com/,,https://www.brillio.com/careers/,company_website,https://www.brillio.com/careers/,medium,2026-06-14T04:01:42+00:00,careers page found on company website,office=company,openstreetmap,"{""openstreetmap"": ""node:12082405660""}","matched: technologies, office=company"
eAge technologies,48.0,medium,Bengaluru,Karnataka,India,,12.9743317,77.6398645,https://www.eageit.com/,,https://www.eageit.com/careers.php,company_website,http://34.93.111.64/api/uploadfile.php,medium,2026-06-14T04:01:46+00:00,careers page found on company website,office=company,openstreetmap,"{""openstreetmap"": ""node:9288049788""}","matched: technologies, office=company"
Instamojo Technologies Pvt. Ltd.,48.0,medium,Bengaluru,Karnataka,India,"3rd & 4th Floor, #12, Ma Grace, 7th Cross Road, Bangalore, 560034",12.9293807,77.6326812,https://www.instamojo.com,,https://recruiterflow.com/instamojo/jobs,company_website,https://recruiterflow.com/api/careers/social/image?for=facebook&amp;company=instamojo,medium,2026-06-14T05:46:59+00:00,careers page found on company website,office=company,openstreetmap,"{""openstreetmap"": ""node:6633235407""}","matched: technologies, office=company"
Keystride Labs Pvt Ltd,48.0,medium,Bengaluru,Karnataka,India,,12.9728004,77.6165455,,,,,,,,,office=it,openstreetmap,"{""openstreetmap"": ""node:3844286519""}","matched: labs, office=it"
Real Time Signals,48.0,medium,Bengaluru,Karnataka,India,,12.9580401,77.7009454,,,,,,,,,"office=company | description=Software Training Institute for Data Science, Embedded Systems, Machine learning, Android, Java, Web Technologies, PLC Scada, Software Testing, Data Base Administrator, Oracle, Hardware Networking, CCNA, Linux Administrator, RHCE",openstreetmap,"{""openstreetmap"": ""node:3806518542""}","matched: software, technologies, machine learning, systems, office=company; negative hints: training institute, institute"
Thoughtworks Technologies (India) Pvt. Ltd.,48.0,medium,Bengaluru,Karnataka,India,"147/F, ACR Mansion, 8th Main Road, bangalore, 560034",12.9287596,77.6287122,https://www.thoughtworks.com/,,https://www.thoughtworks.com/careers/jobs,company_website,https://www.thoughtworks.com/content/dam/thoughtworks/images/photography/meta/careers/english/cr_meta_search_jobs_en_01.jpg,medium,2026-06-14T07:19:58+00:00,careers page found on company website,office=company,openstreetmap,"{""openstreetmap"": ""node:1605300900""}","matched: technologies, office=company"
Walmart Labs,48.0,medium,Bengaluru,Karnataka,India,,12.9377062,77.6963066,,,,,,,,,office=it,openstreetmap,"{""openstreetmap"": ""node:3797616140""}","matched: labs, office=it"
Trimble Information Technologies India Pvt Ltd,48.0,medium,Chennai,Tamil Nadu,India,,12.9633028,80.2445952,https://www.trimble.com/en/,,https://www.trimble.com/en/careers,company_website,https://www.trimble.com/en/careers,medium,2026-06-14T08:39:04+00:00,careers page found on company website,office=company,openstreetmap,"{""openstreetmap"": ""node:9768615294""}","matched: technologies, office=company"
TES Infotech,48.0,medium,Dehradun,Uttarakhand,India,"91-A, Chandra Shekhar Azad Colony, New, Patel Nagar, 248001 Dehradun, IN, Dehradun, 248001",30.3120152,78.0151005,https://gigates.com/,+916396341502,,,,,,,"description=Installs, upgrades, maintains, and repairs CCTV security systems",openstreetmap,"{""openstreetmap"": ""node:11553601412""}","matched: infotech, systems"
Fission Labs,48.0,medium,Hyderabad,Telangana,India,,17.4348859,78.4033828,,,,,,,,,office=it,openstreetmap,"{""openstreetmap"": ""node:7025820746""}","matched: labs, office=it"
IGSA Labs,48.0,medium,Hyderabad,Telangana,India,,17.4108232,78.5433146,,,,,,,,,office=it,openstreetmap,"{""openstreetmap"": ""node:1520935382""}","matched: labs, office=it"
Dotsquares Technologies,48.0,medium,Jaipur,Rajasthan,India,"CP4-228, Mahal Road, 302017",26.7987473,75.8570864,https://dotsquares.com,,https://www.dotsquares.com/casestudies/networking-opportunities-for-gonnahappen,company_website,,low,2026-06-14T09:57:36+00:00,careers page found on company website,office=company,openstreetmap,"{""openstreetmap"": ""node:13179725601""}","matched: technologies, office=company"
Xtend Technologies,48.0,medium,Kochi,Kerala,India,"Kalathiparambil Cross Road, 682016",9.9665871,76.2891885,https://xtendtech.com/,,https://xtendtech.com/careers/index.php,company_website,,low,2026-06-14T11:05:35+00:00,careers page found on company website,office=company,openstreetmap,"{""openstreetmap"": ""node:12020243970""}","matched: technologies, office=company"
Mapline Technology Private Limited,48.0,medium,Kolkata,West Bengal,India,"14ES6, 372, IIF/04, New Town, Kolkata, 700156",22.5847937,88.4865475,https://mapline.com,,https://mapline.com/identify-growth-opportunities-with-mapping/,company_website,https://mapline.com/careers/,medium,2026-06-14T11:48:53+00:00,careers page found on company website,office=company,openstreetmap,"{""openstreetmap"": ""node:7051580443""}","matched: technology, office=company"
Technology Innovation and Collaboration Center (TICC),48.0,medium,Pune,Maharashtra,India,"Viman Nagar Road, Pune, 411014",18.5661394,73.9179113,bajajfinserv.in,,https://www.bajajfinserv.in/,company_website,,low,2026-06-14T13:10:04+00:00,careers page found on company website,office=company,openstreetmap,"{""openstreetmap"": ""node:11001450613""}","matched: technology, office=company"
TomTom,48.0,medium,Pune,Maharashtra,India,"206 A/1, Pl no-88/4, Nagar Road, Pune, 411006",18.5538654,73.9039057,https://www.tomtom.com/careers/offices/pune/,,https://www.tomtom.com/careers/offices/pune/,company_website,https://www.tomtom.com/careers/offices/pune/,medium,2026-06-14T13:10:08+00:00,careers page found on company website,"office=company | description=We are mapmakers, providing geolocation technology for drivers, carmakers, enterprises and developers.",openstreetmap,"{""openstreetmap"": ""node:9239602961""}","matched: technology, office=company"
aviva software pvt.ltd,48.0,medium,Raipur,Chhattisgarh,India,"holyhearts school,janata colony, Raipur, 492001",21.2334832,81.6430362,,+919303389000,,,,,,,office=it,openstreetmap,"{""openstreetmap"": ""node:4445359227""}","matched: software, office=it; negative hints: school"
ClearTax,47.0,medium,Bengaluru,Karnataka,India,,12.9001079,77.6311838,https://cleartax.in,,https://www.clear.in/s/careers?utm_ref=undefined_pages_navbar,darwinbox,https://www.clear.in/s/careers,high,2026-06-14T13:54:26+00:00,detected ATS/provider,office=it,openstreetmap,"{""openstreetmap"": ""node:5661132609""}",matched: office=it
EnqDB,47.0,medium,Bengaluru,Karnataka,India,,12.9607354,77.5089032,enqdb.com,,https://enqdb.com/jobs,company_website,,low,2026-06-14T14:47:12+00:00,careers page found on company website,office=it,openstreetmap,"{""openstreetmap"": ""node:11297287758""}",matched: office=it
RCS Tech LLP,47.0,medium,Bengaluru,Karnataka,India,"38/3, Halanayakanahalli Lake Road, Bengaluru, 560035",12.9047743,77.6919057,https://www.traxx.in/,,https://traxx.in/about/,company_website,https://fonts.googleapis.com,medium,2026-06-14T15:28:17+00:00,careers page found on company website,office=it,openstreetmap,"{""openstreetmap"": ""node:10761165099""}",matched: office=it
Hashbrown Systems,47.0,medium,Chandigarh-Mohali,Chandigarh/Punjab,India,"Level III, D-185, Industrial Area, Phase 8b., Mohali, 160071",30.7110131,76.6861365,,,,,,,,,description=Hashbrown Systems is a software company with office at that location.,openstreetmap,"{""openstreetmap"": ""node:4819903413""}","matched: software, systems"
Skycap,47.0,medium,Chandigarh-Mohali,Chandigarh/Punjab,India,"E-195, Sector 74, Mohali, 160055",30.7095651,76.6887524,https://skycap.co.in/,,https://skycap.co.in/careers,company_website,https://skycap.co.in/careers,medium,2026-06-14T16:05:50+00:00,careers page found on company website,office=it,openstreetmap,"{""openstreetmap"": ""node:10112297470""}",matched: office=it
Dresma,47.0,medium,Gurugram,Haryana,India,"TOWER-A, Paras Twin Towers, 2nd floor, Suncity Road, Gurugram, 122022",28.4341847,77.1061408,https://www.dresma.com/,,https://www.dresma.com/career,company_website,https://www.dresma.com/career,medium,2026-06-14T16:05:59+00:00,careers page found on company website,office=it,openstreetmap,"{""openstreetmap"": ""node:11984952710""}",matched: office=it
innovative software solutions,47.0,medium,Hyderabad,Telangana,India,"4-32-120, shapurnagar, hyderabad, 500055",17.5159037,78.4456276,,9703456511,,,,,,,,openstreetmap,"{""openstreetmap"": ""node:3772051280""}","matched: software, solutions"
Aabasoft,47.0,medium,Kochi,Kerala,India,"Seaport Airport Road, Chittethukara",9.9946969,76.3520125,https://www.aabasoft.com/,,https://www.aabasoft.com/in-en/career/,company_website,https://www.aabasoft.com/in-en/career/,medium,2026-06-14T16:44:32+00:00,careers page found on company website,office=it,openstreetmap,"{""openstreetmap"": ""node:7462694483""}",matched: office=it
BEAS Consultancy & Services,47.0,medium,Kolkata,West Bengal,India,"EN 34, Street Number 13, Salt Lake Sector 5, 700091",22.573449,88.431377,https://www.beasconsultancy.com/,,https://www.beasconsultancy.com/career,company_website,https://www.beasconsultancy.com/><title>Careers at BEAS Consultancy | IT Jobs &amp; Opportunities</title><meta name=,medium,2026-06-14T17:17:03+00:00,careers page found on company website,office=it,openstreetmap,"{""openstreetmap"": ""node:13751860778""}",matched: office=it
IDfy,47.0,medium,Mumbai,Maharashtra,India,,19.105544,72.8812603,https://www.idfy.com/,,https://www.idfy.com/careers/,company_website,,low,2026-06-14T17:17:10+00:00,careers page found on company website,office=it,openstreetmap,"{""openstreetmap"": ""node:11423030518""}",matched: office=it
Aris Global Software Pvt Ltd.,47.0,medium,Mysuru,Karnataka,India,"KRS Road, 570016",12.3563251,76.6367869,,,,,,,,,building=office,openstreetmap,"{""openstreetmap"": ""node:1638039769""}","matched: software, systems"
Stannik - Best SAP Implementation Partner in Noida & AWS Services Provider,47.0,medium,Noida,Uttar Pradesh,India,"A-25, Sector 63 Road, Noida, 201301",28.6297777,77.381187,https://www.stannik.in,,https://stannik.in/career/,company_website,https://stannik.in/career/,medium,2026-06-14T17:53:20+00:00,careers page found on company website,"office=it | building=office | description=Best SAP Implementation Partner in Noida, We provide SAP & AWS Services.",openstreetmap,"{""openstreetmap"": ""way:351421030""}",matched: office=it
Ascent HR Technologies,46.0,medium,Bengaluru,Karnataka,India,"Survey No: 17/4C, 9C, 3rd Floor Maruthi Chambers, Hosur Rd, Roopena Agrahara, Bengaluru, 560068",12.9141666,77.6235872,https://ascent-hr.com,080 4009 9500,,,,,,,office=company,openstreetmap,"{""openstreetmap"": ""node:5915230904""}","matched: technologies, office=company"
Bizframe Technologies Pvt Ltd,46.0,medium,Bengaluru,Karnataka,India,"57/1, Devarabisanahalli, Bellandur,, Bengaluru, 560103",12.9295908,77.6854485,www.bizframe.com,"080-25639266, 09341258015",,,,none,2026-06-13T13:47:46+00:00,https://www.bizframe.com/jobs: HTTPError; https://www.bizframe.com/jobs/: HTTPError; https://www.bizframe.com/career: HTTPError; no careers page detected,office=company,openstreetmap,"{""openstreetmap"": ""node:4446173862""}","matched: technologies, office=company"
Cisco Video Technology India Pvt. Ltd.,46.0,medium,Bengaluru,Karnataka,India,"Block 9A & 9B, Pritech Park, Special Economic Zone, Survey No 51 - 64/4, Sarjapur Outer Ring Road, Bellandur Village, BANGALORE, 560103",12.9238005,77.6804903,https://www.cisco.com,080 4948 1000,,,,,,,office=company,openstreetmap,"{""openstreetmap"": ""node:3671350511""}","matched: technology, office=company"
emids Technologies Pvt Ltd,46.0,medium,Bengaluru,Karnataka,India,"Survey Number 1/1, Hosur Main Road, Bommanahalli, Champak Pragati Tower",12.905312,77.6303621,https://www.emids.com/,+918040980000,,,,,,,office=company | description=IT Service Company,openstreetmap,"{""openstreetmap"": ""node:9159687317""}","matched: technologies, office=company"
EnerMAN Technologies Pvt. Ltd.,46.0,medium,Bengaluru,Karnataka,India,"12 & 13, 10th Cross Road, 560024",13.0536545,77.5985918,https://enerman.in/,+919980698001,,,,none,2026-06-13T14:35:54+00:00,https://enerman.in/jobs: HTTPError; https://enerman.in/jobs/: HTTPError; https://enerman.in/career: HTTPError; no careers page detected,office=company,openstreetmap,"{""openstreetmap"": ""node:13448196101""}","matched: technologies, office=company"
Grow Square Technologies,46.0,medium,Bengaluru,Karnataka,India,"21/2, Amruth Nagar Main Road, Bangalore, 560062",12.8841356,77.5655039,http://growsquare.com,+91 80 2632 1902,,,,none,2026-06-13T14:35:58+00:00,homepage fetch failed: HTTPError; http://growsquare.com/jobs: HTTPError; http://growsquare.com/jobs/: HTTPError; http://growsquare.com/career: HTTPError; no careers page detected,office=company,openstreetmap,"{""openstreetmap"": ""node:3100471899""}","matched: technologies, office=company"
Impetus Infotech India Pvt Ltd,46.0,medium,Bengaluru,Karnataka,India,"5B, , Piritech Park (SEZ), Phase 1,  Campus 5B, 1st Floor, Bellandur, BANGALORE, 560103",12.9234754,77.6819331,https://www.impetus.com/,080 4931 6000,,,,,,,office=company,openstreetmap,"{""openstreetmap"": ""node:4444516315""}","matched: infotech, office=company"
Intuit technology services,46.0,medium,Bengaluru,Karnataka,India,"Campus 4A, PrITech Park (Ecospace), 7th and 8th Floor, Belandur,, BANGALORE, 560103",12.9249037,77.6803257,www.intuit.in,080 4176 9200,,,,,,,office=company,openstreetmap,"{""openstreetmap"": ""node:4446543249""}","matched: technology, office=company"
Ivision Information Technologies Pvt. Ltd.,46.0,medium,Bengaluru,Karnataka,India,,12.9554323,77.5855204,https://www.ivision.in,+918041246076,,,,none,2026-06-13T15:17:05+00:00,https://www.ivision.in/jobs: HTTPError; https://www.ivision.in/jobs/: HTTPError; https://www.ivision.in/career: HTTPError; no careers page detected,office=company,openstreetmap,"{""openstreetmap"": ""node:7043229689""}","matched: technologies, office=company"
"PCBuildz (Nextgen IT Solutions) - Bangalore's Best Custom PC Shop for Gaming, Editing, 3D Animation & AI Workstation PC Build",46.0,medium,Bengaluru,Karnataka,India,"No.91, 2nd floor, Shop No, 222-223, Balaji Complex, SP Road, Bengaluru, 560002",12.964823,77.5840248,https://pcbuildz.in/,+91-9510-9510-19,,,,none,2026-06-13T15:17:10+00:00,https://pcbuildz.in/jobs: HTTPError; https://pcbuildz.in/jobs/: HTTPError; https://pcbuildz.in/career: HTTPError; no careers page detected,"shop=computer | description=PCBuildz is a custom PC builder in Bangalore that designs and delivers systems and components for gamers, creators, and businesses. It offers custom systems for individual users (B2C) and scalable configurations with bulk procurement for businesses (B2B).",openstreetmap,"{""openstreetmap"": ""node:13327801914""}","matched: systems, solutions, computer"
PRDC Infotech Pvt. Ltd.,46.0,medium,Bengaluru,Karnataka,India,"5, 11th Cross Road, Bengaluru, 560086",13.0015778,77.5482141,http://www.prdcinfotech.com/,+91 (0) 80 4245 5555,,,,,,,office=company,openstreetmap,"{""openstreetmap"": ""node:9780918382""}","matched: infotech, office=company"
Seagate Technology,46.0,medium,Bengaluru,Karnataka,India,"Upper ground & 4th floor, Building 2A,  Tower West & Tower East, SEZ,,  Embassy Tech Village, Devarabeesanahalli Hobli, Varthur,, Bangalore, 560103",12.9318415,77.6914263,https://www.seagate.com/gb/en/,080 4652 3000,,,,,,,office=company,openstreetmap,"{""openstreetmap"": ""node:4446233975""}","matched: technology, office=company"
Mindsight Web Technology WFH Extn,46.0,medium,Bhubaneswar,Odisha,India,"4/05, C1 Block, Hi-Tech Plaza, Sundarapada-Jatani Road, Bhubaneswar, 751002",20.2066362,85.8025167,https://www.mindsightweb.com,+91 993 846 9393,,,,,,,office=company,openstreetmap,"{""openstreetmap"": ""node:8864713453""}","matched: technology, office=company"
Richest Technologies Pvt. Ltd.,46.0,medium,Chandigarh-Mohali,Chandigarh/Punjab,India,"SC21, Phase 10, Mohali, Punjab",30.6835885,76.7364979,https://richestsoft.com/,+91 8427741155,,,,,,,office=company,openstreetmap,"{""openstreetmap"": ""node:2680503713""}","matched: technologies, office=company"
"AGS Cinemas, Vivira Mall",46.0,medium,Chennai,Tamil Nadu,India,"No.33, Old Mahabalipuram Road, Navalur, Chennai – 600130.",12.8504483,80.2261648,https://viviramall.com/ags/,044 4016 7777,,,,none,2026-06-13T16:31:32+00:00,https://viviramall.com/jobs: HTTPError; https://viviramall.com/jobs/: HTTPError; https://viviramall.com/career: HTTPError; no careers page detected,"amenity=theatre | description=Established in 2006 by three brothers, AGS is a successful and ever filled multiplex chain in India. Equipped with the latest technologies like Dolby Digital Surround Sound & Atmos and 4K resolution picture quality and with a capacity to hold 3800 people",openstreetmap,"{""openstreetmap"": ""node:2676979364""}","matched: technologies, digital"
TecEx India Private Limited,46.0,medium,Chennai,Tamil Nadu,India,"2669+M7G, Little Mount, Kotturpuram, Chennai, 600032",13.0077889,80.2210455,https://tecex.com/,(02) 9056 4057,,,,,,,shop=supermarket | description=TecEx is a leading provider of import/export and compliance solutions for the IT industry. Our team of professionals is committed to providing seamless and secure transportation of IT hardware and technology equipment worldwide.,openstreetmap,"{""openstreetmap"": ""node:10973840859""}","matched: technology, solutions"
USAM Technology Solutions - CAD Services,46.0,medium,Chennai,Tamil Nadu,India,,13.0389627,80.2533558,https://usam.in/,+44 24336117,,,,,,,,openstreetmap,"{""openstreetmap"": ""node:3233726432""}","matched: technology, solutions"
ZeQube Technologies,46.0,medium,Chennai,Tamil Nadu,India,"185, 1st Main Road, 600096",12.9737468,80.2479697,https://www.zeqube.com/,09600112861,,,,none,2026-06-13T17:04:41+00:00,https://www.zeqube.com/jobs: HTTPError; https://www.zeqube.com/jobs/: HTTPError; https://www.zeqube.com/career: HTTPError; no careers page detected,office=company,openstreetmap,"{""openstreetmap"": ""node:12841106501""}","matched: technologies, office=company"
Zoxola Technologies Pvt. Ltd.,46.0,medium,Guwahati,Assam,India,"H.No. 58, Ambika giri nagar, 781024",26.1686901,91.7820487,https://zoxola.com,+919854910429,,,,,,,office=company,openstreetmap,"{""openstreetmap"": ""node:6132466586""}","matched: technologies, office=company"
Eesavyasa Technologies Pvt Ltd,46.0,medium,Hyderabad,Telangana,India,"Plot 79, SVCIE Phase 3, Dr Feroz Road, Hyderabad, 500037",17.4655997,78.4386688,https://www.eesavyasa.com/,+91 40 23777767,,,,,,,office=company | building=office,openstreetmap,"{""openstreetmap"": ""way:356180663""}","matched: technologies, office=company"
Option Matrix Infotech Private Limited.,46.0,medium,Hyderabad,Telangana,India,"100 Feet Road, Silicon Valley, Madhapur, Hyderabad, 500081",17.4520758,78.3934693,https://optionmatrix.com/,+91 40 64553464,,,,none,2026-06-13T17:42:28+00:00,https://optionmatrix.com/jobs: HTTPError; https://optionmatrix.com/jobs/: HTTPError; https://optionmatrix.com/career: HTTPError; no careers page detected,office=company,openstreetmap,"{""openstreetmap"": ""node:4644283716""}","matched: infotech, office=company"
Vimukti Technologies Pvt. Ltd.,46.0,medium,Hyderabad,Telangana,India,"28, Arul Colony, 500062",17.4802343,78.5597281,https://www.vimukti.com/,+91 9989696513,,,,none,2026-06-13T17:42:34+00:00,homepage fetch failed: ConnectionError; https://www.vimukti.com/jobs: ConnectionError; https://www.vimukti.com/jobs/: ConnectionError; https://www.vimukti.com/career: ConnectionError; no careers page detected,office=company,openstreetmap,"{""openstreetmap"": ""node:2653181967""}","matched: technologies, office=company"
CRS Technologies India Pvt Ltd,46.0,medium,Kochi,Kerala,India,"3/270 B,, West Pullikillam Road, Chembumukku, Ernakulam, 682030",10.0086291,76.3225783,https://webcrs.com/,+91-9633303463,,,,,,,office=company,openstreetmap,"{""openstreetmap"": ""node:3500317918""}","matched: technologies, office=company"
Experion Technologies,46.0,medium,Kochi,Kerala,India,,10.0093738,76.3615414,https://experionglobal.com/,0484 306 7300,,,,,,,office=company,openstreetmap,"{""openstreetmap"": ""node:12249738242""}","matched: technologies, office=company"
KAMPTEC Innovative Technologies Sales Office,46.0,medium,Kochi,Kerala,India,"35/2530H, Pallath Road, Kochi, 682032",9.9888529,76.3079263,http://kamp-tec.com/,+917025098882,,,,none,2026-06-13T18:15:10+00:00,http://kamp-tec.com/jobs: HTTPError; http://kamp-tec.com/jobs/: HTTPError; http://kamp-tec.com/career: HTTPError; no careers page detected,building=warehouse | office=company | building=yes,openstreetmap,"{""openstreetmap"": ""way:895876629""}","matched: technologies, office=company"
Comhard Technologies Pvt.Ltd,46.0,medium,Noida,Uttar Pradesh,India,"Embassy Galaxy Business Park, Tower C , 4th floor ,Sector 62, Noida, Uttar Pradesh 201309, Noida, 201309",28.6271922,77.372306,https://comhard.co.in,+91 8047299799,,,,,,,office=company,openstreetmap,"{""openstreetmap"": ""node:11765535956""}","matched: technologies, office=company"
Spiders Watch Technologies Pvt Ltd,46.0,medium,Noida,Uttar Pradesh,India,"102, B-Block, Sector 63, Noida, 201301",28.6157408,77.3782041,http://www.spiderswatch.com,+91-120-4115588,,,,,,,office=company,openstreetmap,"{""openstreetmap"": ""node:2766745614""}","matched: technologies, office=company"
Pervenire Digital Solutions Private Limited,46.0,medium,Patna,Bihar,India,"Rose Mine, B.M Das Road, Patna, 800004",25.6167636,85.1652392,https://www.perveniredigital.com/,+91 6206337124,,,,none,2026-06-13T18:49:43+00:00,https://perveniredigital.com/jobs: HTTPError; https://perveniredigital.com/jobs/: HTTPError; https://perveniredigital.com/career: HTTPError; no careers page detected,"office=company | description=Pervenire Digital Solutions Private Limited offers a wide range of Digital Marketing services to customers based around the globe. As a leading digital marketing company in Patna, India, we take pride in our accomplishments. We provide a variety of digita",openstreetmap,"{""openstreetmap"": ""node:8283157635""}","matched: solutions, digital, office=company"
Sify Technologies Ltd.,46.0,medium,Patna,Bihar,India,"Anam Plaza, 3rd Floor, South gandhi maidan, Beside RBI",25.6136758,85.1471291,http://www.sifycorp.com,+91 6122320061,,,,,,,office=company,openstreetmap,"{""openstreetmap"": ""node:5488932060""}","matched: technologies, office=company"
Eruvaka Technologies Pvt Ltd,46.0,medium,Vijayawada,Andhra Pradesh,India,"Plot no 69, Road number 5, Kanaka Durga Gazetted Officers Colony, Vijayawada, 520008",16.504356,80.6659811,https://eruvaka.com/,+919908963863,,,,,,,office=company,openstreetmap,"{""openstreetmap"": ""node:8982523555""}","matched: technologies, office=company"
eth1 Network Solutions,45.0,medium,Belagavi,Karnataka,India,"1st Floor, Maruti Galli, 590001",15.8577531,74.5113692,,,,,,,,,building=office,openstreetmap,"{""openstreetmap"": ""node:2325393508""}","matched: software, solutions"
ABK Software Services Ltd,45.0,medium,Bengaluru,Karnataka,India,,12.9818517,77.6022055,,,,,,,,,office=company,openstreetmap,"{""openstreetmap"": ""node:4308224070""}","matched: software, office=company"
American Express,45.0,medium,Bengaluru,Karnataka,India,"Salarpuria tech point, The oasis center 5th Floor, 100 Feet Road, Srinivagilu, Ejipura Main Rd, Koramangala, Bengaluru, 560047",12.9376679,77.6283031,http://www.americanexpress.co.in/,18005284800,,,,,,,office=it,openstreetmap,"{""openstreetmap"": ""node:11296273090""}",matched: office=it
Ansys Software Private Limited,45.0,medium,Bengaluru,Karnataka,India,,12.9278102,77.632695,,,,,,,,,,openstreetmap,"{""openstreetmap"": ""node:5915887979""}","matched: software, office=company"
CABC'S,45.0,medium,Bengaluru,Karnataka,India,"CRN Square, Kasturba road",12.9751307,77.5976813,https://www.mscgroup-india.com/,+91 8056555271,,,,,,,office=it,openstreetmap,"{""openstreetmap"": ""node:9369179902""}",matched: office=it
Evive Software Analytics Private Limited,45.0,medium,Bengaluru,Karnataka,India,,12.9400407,77.6284926,,,,,,,,,office=company,openstreetmap,"{""openstreetmap"": ""node:9954095419""}","matched: software, office=company"
Genius Infoway Bangalore,45.0,medium,Bengaluru,Karnataka,India,,12.9756614,77.5357586,https://www.teamgenius.in,+91 99000 30045,,,,none,2026-06-13T20:01:46+00:00,https://www.teamgenius.in/jobs: HTTPError; https://www.teamgenius.in/jobs/: HTTPError; https://www.teamgenius.in/career: HTTPError; no careers page detected,office=it,openstreetmap,"{""openstreetmap"": ""node:12438175330""}",matched: office=it
Girimti Software,45.0,medium,Bengaluru,Karnataka,India,,12.9568162,77.7145259,,,,,,,,,office=company,openstreetmap,"{""openstreetmap"": ""node:10820700294""}","matched: software, office=company"
HP PPS India Software Operations Pvt Ltd,45.0,medium,Bengaluru,Karnataka,India,"5A, Pritech Internal Road, BANGALORE, 560103",12.923474,77.6820461,,,,,,,,,office=company,openstreetmap,"{""openstreetmap"": ""node:5988089935""}","matched: software, office=company"
Kavin Corporation,45.0,medium,Bengaluru,Karnataka,India,"410/69, 20th Main, 1st Block, Rajajinagar, Bangalore, 560010",12.9986914,77.5503634,https://www.kavinsoft.com/,+91-94498 35712,,,,none,2026-06-13T20:01:48+00:00,https://www.kavinsoft.com/jobs: HTTPError; https://www.kavinsoft.com/jobs/: HTTPError; https://www.kavinsoft.com/career: HTTPError; no careers page detected,"office=it | description=Customized Tech firm, specializing in the Social, Development, and Health Sector.",openstreetmap,"{""openstreetmap"": ""node:6487644808""}",matched: office=it
Microland,45.0,medium,Bengaluru,Karnataka,India,"1B, Ecospace, Outer Ring Road, Off RMZ Ecospace Internal Rd,, Adarsh Palm Retreat, Bellandur, BANGALORE, 560103",12.9261869,77.6799594,https://www.microland.com/,080 3918 0000,,,,,,,office=it,openstreetmap,"{""openstreetmap"": ""node:3551348536""}",matched: office=it
Mobileiron Software India Pvt Ltd,45.0,medium,Bengaluru,Karnataka,India,,12.9211429,77.6832877,,,,,,,,,office=company,openstreetmap,"{""openstreetmap"": ""node:6056967095""}","matched: software, office=company"
Muniverse Traversing,45.0,medium,Bengaluru,Karnataka,India,"988, 13th cross, Banashankari 2nd Stage, bengaluru, 560070",12.9288556,77.5647119,www.muniverset.com,097423 12806,,,,,,,office=it,openstreetmap,"{""openstreetmap"": ""node:3379198118""}",matched: office=it
Porter,45.0,medium,Bengaluru,Karnataka,India,,12.9260049,77.6001395,https://www.mpowerglobal.com/,+91 080 4515 1818,,,,none,2026-06-13T20:40:06+00:00,homepage fetch failed: HTTPError; https://www.mpowerglobal.com/jobs: HTTPError; https://www.mpowerglobal.com/jobs/: HTTPError; https://www.mpowerglobal.com/career: HTTPError; no careers page detected,office=it | building=office,openstreetmap,"{""openstreetmap"": ""way:347519945""}",matched: office=it
Samsung Software,45.0,medium,Bengaluru,Karnataka,India,,12.9783687,77.6607806,,,,,,,,,,openstreetmap,"{""openstreetmap"": ""node:414078125""}","matched: software, office=company"
Sirius Embedded Software Private Limited,45.0,medium,Bengaluru,Karnataka,India,"215, Indiranagar Double Road, Bangalore, 560038",12.9806609,77.6370078,,,,,,,,,office=company,openstreetmap,"{""openstreetmap"": ""node:4986598914""}","matched: software, office=company"
Skelta Software,45.0,medium,Bengaluru,Karnataka,India,"Salarpuria touch stone, Outer ring road, Bangalore, Karnataka",12.9365618,77.6906394,,,,,,,,,office=company,openstreetmap,"{""openstreetmap"": ""node:4447146473""}","matched: software, office=company"
Sysglob Software Solutions Pvt Ltd,45.0,medium,Bengaluru,Karnataka,India,"1462, South End A Cross, bangalore, 560078",12.9163121,77.596647,,,,,,,,,office=yes,openstreetmap,"{""openstreetmap"": ""node:6290587814""}","matched: software, solutions"
Toshiba Software India Pvt Ltd,45.0,medium,Bengaluru,Karnataka,India,,12.9250087,77.6315006,,,,,,,,,office=company,openstreetmap,"{""openstreetmap"": ""node:9795169374""}","matched: software, office=company"
Unoteam Software Pvt. Ltd.,45.0,medium,Bengaluru,Karnataka,India,,12.9179543,77.6494117,,,,,,,,,office=company,openstreetmap,"{""openstreetmap"": ""node:11533128584""}","matched: software, office=company"
VMware Software India Pvt. Ltd.,45.0,medium,Bengaluru,Karnataka,India,,12.9066501,77.5947961,,,,,,,,,office=company,openstreetmap,"{""openstreetmap"": ""node:2375720266""}","matched: software, office=company"
Webstream.io software pvt. ltd,45.0,medium,Bengaluru,Karnataka,India,,13.007428,77.6590893,,,,,,,,,office=company,openstreetmap,"{""openstreetmap"": ""node:2623223147""}","matched: software, office=company"
Winco Software Solutions Private Limited,45.0,medium,Bengaluru,Karnataka,India,"9, 2nd flooar 13 cross, Vasanth Nagar 8th Main Road, bangalore, 560052",12.9921123,77.5934974,,,,,,,,,building=yes,openstreetmap,"{""openstreetmap"": ""way:346698122""}","matched: software, solutions"
CSM Tech,45.0,medium,Bhubaneswar,Odisha,India,"E-56, Infocity, Bhubaneswar Municipal Corporation, 751024",20.299008,85.8309889,https://www.csm.tech/,+91(0)-674-6635900,,,,,,,office=it,openstreetmap,"{""openstreetmap"": ""node:9561881118""}",matched: office=it
Avanya,45.0,medium,Chandigarh-Mohali,Chandigarh/Punjab,India,"B Block Dashmesh Nagar, Nayagaon, UT, Chandigarh, 160103",30.7743738,76.7919108,https://theavanya.com,+919115549989,,,,,,,office=it,openstreetmap,"{""openstreetmap"": ""node:10614076830""}",matched: office=it
Akshaya Shanthi,45.0,medium,Chennai,Tamil Nadu,India,"27/44, Mount Road, 27/44, Anna Salai, Border Thottam, Padupakkam, Triplicane, Chennai, Tamil Nadu 600002",13.0671507,80.2712598,https://www.akshaya.com/,88704 81818,,,,none,2026-06-13T21:09:46+00:00,homepage fetch failed: SSLError; https://www.akshaya.com/jobs: SSLError; https://www.akshaya.com/jobs/: SSLError; https://www.akshaya.com/career: SSLError; no careers page detected,office=it,openstreetmap,"{""openstreetmap"": ""node:366488527""}",matched: office=it
Chennai Two Software Park,45.0,medium,Chennai,Tamil Nadu,India,,12.9470303,80.2314817,,,,,,,,,office=company,openstreetmap,"{""openstreetmap"": ""node:5802035255""}","matched: software, office=company"
Ducen IT,45.0,medium,Chennai,Tamil Nadu,India,"# 4/363, Block-B, III Floor, Old Mahabalipuram Road, CHENNAI, 600096",12.9679914,80.2481244,https://www.ducenit.com/,+91 44 4225 6666,,,,,,,"office=it | description=Ducen IT helps Business and IT users of Fortune 1000 companies with advanced analytics, business intelligence and data management through its unique end-to-end data science platform called Analance. ",openstreetmap,"{""openstreetmap"": ""node:5671945731""}",matched: office=it
Freshworks,45.0,medium,Chennai,Tamil Nadu,India,"40, Global Infocity, Dr MGR Main Road, Kodandarama Nagar, Perungudi, 600096",12.9695392,80.2439381,https://freshworks.com,+91 44 6667 8040,,,,,,,office=it,openstreetmap,"{""openstreetmap"": ""node:13286910921""}",matched: office=it
GlobalEnglish India Pvt Ltd.,45.0,medium,Chennai,Tamil Nadu,India,"Mount Poonamallee Highway, Chennai, 600089",13.021339,80.1735506,https://globalenglish.com/,+91 44 4564 1111,,,,none,2026-06-13T21:41:38+00:00,homepage fetch failed: ConnectionError; https://globalenglish.com/jobs: ConnectionError; https://globalenglish.com/jobs/: ConnectionError; https://globalenglish.com/career: ConnectionError; no careers page detected,office=it,openstreetmap,"{""openstreetmap"": ""node:2651399932""}",matched: office=it
Halcyon Technologies,45.0,medium,Chennai,Tamil Nadu,India,"31/14, Burkit Road, Chennai, 600017",13.0294483,80.2309064,,,,,,,,,"building=yes | description=Halcyon Technologies is identified as a premium name in the Cloud Training . 
Best AWS and GCP Training Center in chennai.",openstreetmap,"{""openstreetmap"": ""way:355055889""}","matched: technologies, cloud"
Wcart,45.0,medium,Chennai,Tamil Nadu,India,"TS-2,, SIDCO Micro Industrial Estate, Thirumudivakkam, Chennai, 600044",12.9678348,80.101683,https://wcart.io/,+91 9150 570 507,,,,,,,office=it,openstreetmap,"{""openstreetmap"": ""node:13518782880""}",matched: office=it
WizDemy Software Private Limited,45.0,medium,Chennai,Tamil Nadu,India,"770, 48th Cross St Valmiki Nagar, Thiruvalluvar Nagar, Thiruvanmiyur, Chennai, 600041",12.9772088,80.2604763,,,,,,,,,office=company | building=yes,openstreetmap,"{""openstreetmap"": ""way:364630056""}","matched: software, office=company"
InfinityHub,45.0,medium,Coimbatore,Tamil Nadu,India,"No.1056, Ground Floor, Avinashi Rd, Near Anna Statue, Coimbatore, 641018",11.0079129,76.9758217,https://www.theinfinityhub.com/,+919025049439,,,,,,,office=it,openstreetmap,"{""openstreetmap"": ""node:13727215134""}",matched: office=it
Unity Infoway,45.0,medium,Gandhinagar,Gujarat,India,"704, CH Road, Gandhinagar, 382011",23.2168436,72.649086,https://www.unityinfoway.com,+919157423333,,,,none,2026-06-13T22:14:33+00:00,homepage fetch failed: HTTPError; https://www.unityinfoway.com/jobs: HTTPError; https://www.unityinfoway.com/jobs/: HTTPError; https://www.unityinfoway.com/career: HTTPError; no careers page detected,office=it,openstreetmap,"{""openstreetmap"": ""node:10697091359""}",matched: office=it
VoyageX AI,45.0,medium,Gurugram,Haryana,India,"140, Sector 43, Golf Course Road, Gurugram, 122002",28.4591094,77.0927298,https://voyagex.ai/,+91 88264 85123,,,,,,,office=it | building=yes,openstreetmap,"{""openstreetmap"": ""way:1292844606""}",matched: office=it
Lumenoid Studios,45.0,medium,Guwahati,Assam,India,,26.1757034,91.7634063,https://www.lumenoidstudios.com,7002054954,,,,,,,office=it,openstreetmap,"{""openstreetmap"": ""node:9120781185""}",matched: office=it
Web .com (India),45.0,medium,Guwahati,Assam,India,"191, Maniram Dewan Rd, Guwahati, 781003",26.184102,91.7690999,https://www.webcomindia.biz/,0361 266 7017,,,,none,2026-06-13T22:42:31+00:00,homepage fetch failed: SSLError; https://www.webcomindia.biz/jobs: SSLError; https://www.webcomindia.biz/jobs/: SSLError; https://www.webcomindia.biz/career: SSLError; no careers page detected,office=it,openstreetmap,"{""openstreetmap"": ""node:13521056381""}",matched: office=it
great deccan software,45.0,medium,Hyderabad,Telangana,India,,17.4156396,78.4933368,,,,,,,,,office=company,openstreetmap,"{""openstreetmap"": ""node:2712709795""}","matched: software, office=company"
La McLean India Pvt. Ltd.,45.0,medium,Hyderabad,Telangana,India,"1-89/3/B/40-42/KS/101, First Floor, Krishe Sapphire, Vittal Rao Nagar Madhapur,, Hyderabad, 500081",17.4425427,78.3871539,http://www.mclean.in,7997951113,,,,none,2026-06-13T22:42:36+00:00,homepage fetch failed: HTTPError; http://www.mclean.in/jobs: HTTPError; http://www.mclean.in/jobs/: HTTPError; http://www.mclean.in/career: HTTPError; no careers page detected,office=it | description=McLean is a Professional Cleaning Services Provider based out of Hyderabad. McLean offers residential & commercial cleaning services Pan India,openstreetmap,"{""openstreetmap"": ""node:5004970204""}",matched: office=it
Manjeera trinity corporate,45.0,medium,Hyderabad,Telangana,India,"514, manjeera trnity, Hyderabad, 500072",17.489259,78.3926692,,9390683154,,,,,,,"office=company | description=Build your online business with the top ecommerce website builder trusted by hundreds. Whether you need a food delivery website, SaaS ecommerce platform, or scalable ecommerce shop, we offer custom ecommerce development services tailored to your goals. Pr",openstreetmap,"{""openstreetmap"": ""node:11736399718""}","matched: saas, office=company"
Mantravy Online Services,45.0,medium,Hyderabad,Telangana,India,"532, 100 Feet Road, Megha Hills, Madhapur, Hyderabad, 500081",17.4519517,78.3939093,https://mantravy.com/,040 4858 1616,,,,,,,office=it,openstreetmap,"{""openstreetmap"": ""node:8354338133""}",matched: office=it
MAQ Software,45.0,medium,Hyderabad,Telangana,India,,17.4464491,78.3689052,,,,,,,,,office=company | building=yes,openstreetmap,"{""openstreetmap"": ""way:782300587""}","matched: software, office=company"
Nextgen multi touch software solutions,45.0,medium,Hyderabad,Telangana,India,,17.4383757,78.410016,,,,,,,,,,openstreetmap,"{""openstreetmap"": ""way:671960347""}","matched: software, solutions"
Vyess Software and Marketing Solutions Pvt Ltd,45.0,medium,Hyderabad,Telangana,India,,17.4074265,78.441365,,,,,,,,,office=yes,openstreetmap,"{""openstreetmap"": ""node:2923435812""}","matched: software, solutions"
Cluestech Website Designing Company in Indore,45.0,medium,Indore,Madhya Pradesh,India,,22.7138048,75.8543177,https://www.cluestech.com/,8602709720,,,,,,,office=it,openstreetmap,"{""openstreetmap"": ""node:6976135493""}",matched: office=it
Milansoft eServices,45.0,medium,Jaipur,Rajasthan,India,"B 10, Hari Marg, Civil Lines, Jaipur, 302006",26.9070359,75.7816025,https://milansoft.com,+91 9414044900,,,,none,2026-06-13T23:15:09+00:00,homepage fetch failed: ConnectionError; https://milansoft.com/jobs: ConnectionError; https://milansoft.com/jobs/: ConnectionError; https://milansoft.com/career: ConnectionError; no careers page detected,office=it,openstreetmap,"{""openstreetmap"": ""node:12062523207""}",matched: office=it
Tetraskelion softwares Pvt Ltd,45.0,medium,Jaipur,Rajasthan,India,"68/383, HaldiGhati Marg, Jaipur, 302033",26.8065005,75.809564,http://www.tetraskelion.com,+91 9660268331,,,,,,,office=it,openstreetmap,"{""openstreetmap"": ""node:3794127634""}",matched: office=it
Web Application Consultant,45.0,medium,Jaipur,Rajasthan,India,"105, Apporva Homes, Jagatpura, 302017",26.8057081,75.869099,https://webapplicationconsultant.com,+918882082786,,,,,,,office=it,openstreetmap,"{""openstreetmap"": ""node:8727328805""}",matched: office=it
Mfluid,45.0,medium,Kochi,Kerala,India,"George Varghese Lane, Kadavanthra, Kochi, 682020",9.9643022,76.3025316,https://www.mfluid.com/,+91 484 404 2070,,,,,,,office=it,openstreetmap,"{""openstreetmap"": ""node:11345842036""}",matched: office=it
"Kredent Tower, PCI Software Pvt. Ltd.",45.0,medium,Kolkata,West Bengal,India,,22.5712015,88.4357021,,,,,,,,,office=company | building=yes,openstreetmap,"{""openstreetmap"": ""way:358886998""}","matched: software, office=company"
Mass Software Solutions Pvt. Ltd.,45.0,medium,Kolkata,West Bengal,India,"105, Bidhannagar, 700064",22.592189,88.4112745,,,,,,,,,,openstreetmap,"{""openstreetmap"": ""node:3782888612""}","matched: software, solutions"
PEOBRiCS Software Private Limited,45.0,medium,Kolkata,West Bengal,India,,22.5773103,88.4147938,,,,,,,,,office=company,openstreetmap,"{""openstreetmap"": ""node:1684294356""}","matched: software, office=company"
Alice in boderland,45.0,medium,Mumbai,Maharashtra,India,"789, Thane Ghodbunder Road, Thane, 400615",19.2661558,72.9653614,alicein,1111111111,,,,none,2026-06-14T00:15:14+00:00,homepage fetch failed: ConnectionError; https://alicein/jobs: ConnectionError; https://alicein/jobs/: ConnectionError; https://alicein/career: ConnectionError; no careers page detected,office=it,openstreetmap,"{""openstreetmap"": ""node:8527126910""}",matched: office=it
Edifycode,45.0,medium,Mumbai,Maharashtra,India,"Datta Mandir Rd, Mumbai, 400078",19.1557092,72.9422052,https://edifycode.com/,+91-9577857785,,,,,,,office=it,openstreetmap,"{""openstreetmap"": ""node:13546527739""}",matched: office=it
MASnology SEO and Web Dev. Agency,45.0,medium,Mumbai,Maharashtra,India,"Masnology, Horizon Towers, 11th floor, Flat No. 1105, Ranade Road, Mumbai, 400028",19.0232346,72.8385392,info@masnology.com,+917030792003,,,,,,,office=it,openstreetmap,"{""openstreetmap"": ""node:8568015047""}",matched: office=it
Comsilium Software,45.0,medium,New Delhi,Delhi,India,,28.5684956,77.2471741,,,,,,,,,office=company,openstreetmap,"{""openstreetmap"": ""node:12223870486""}","matched: software, office=company"
Fervent Software Solutions P Ltd.,45.0,medium,New Delhi,Delhi,India,,28.5345041,77.2144488,,,,,,,,,amenity=marketplace | building=office,openstreetmap,"{""openstreetmap"": ""node:2833100048""}","matched: software, solutions"
Meentosys Private Limited,45.0,medium,New Delhi,Delhi,India,"58/8, 2'nd Floor, Ashok Nagar, Near Gate No. 3 Of Tilak Nagar Metro Station, New Delhi, 110018",28.637232,77.0994403,https://meentosys.com/,+91 88900 45686,,,,none,2026-06-14T01:31:10+00:00,https://meentosys.com/jobs: TooManyRedirects; https://meentosys.com/jobs/: TooManyRedirects; https://meentosys.com/career: TooManyRedirects; no careers page detected,office=it,openstreetmap,"{""openstreetmap"": ""node:10586598043""}",matched: office=it
Weds Guru,45.0,medium,New Delhi,Delhi,India,"E1/41, Rohini Sector 16, Delhi, 110089",28.7363723,77.1237348,https://weds.guru,+918181812352,,,,none,2026-06-14T01:31:56+00:00,https://weds.guru/jobs: HTTPError; https://weds.guru/jobs/: HTTPError; https://weds.guru/career: HTTPError; no careers page detected,office=it | building=yes,openstreetmap,"{""openstreetmap"": ""way:1290901959""}",matched: office=it
ANR Software Private Limited,45.0,medium,Noida,Uttar Pradesh,India,"B 103-104, Sector 63 Rd, Sector 63, 201301",28.6157346,77.3785314,,,,,,,,,office=company | building=industrial,openstreetmap,"{""openstreetmap"": ""way:352199036""}","matched: software, office=company"
Interwork Software Solutions Pvt. Ltd.,45.0,medium,Noida,Uttar Pradesh,India,"H 196,, Noida, 201307",28.6270901,77.3802225,,,,,,,,,office=software,openstreetmap,"{""openstreetmap"": ""node:6370038242""}","matched: software, solutions"
Harbinger Group,45.0,medium,Pune,Maharashtra,India,"Lane 3, 411038",18.5103615,73.794547,https://www.harbingergroup.com,+91 20 6626 0100;+91 20 2528 4201;+91 20 2528 4202;+91 20 2528 4203,,,,,,,office=it,openstreetmap,"{""openstreetmap"": ""node:11218852440""}",matched: office=it
Smile Automation Pvt Ltd,45.0,medium,Pune,Maharashtra,India,"""Sahakar"", 7/5 A,, Erandavane, Nal Stop, Karve Road., Behind Tele Exchange, Pune, 411004",18.5075507,73.8304043,,,,,,,,,"description=SAPL’s world class products and services have successfully helped organizations to get a definitive edge in the market place, without the exorbitant pricing associated with such solutions. SAPL pioneered the usage of Application Software for Alcoholic Bev",openstreetmap,"{""openstreetmap"": ""node:4177696469""}","matched: software, solutions"
Software Solutions - Used laptops Pune,45.0,medium,Pune,Maharashtra,India,"First Floor, Shop number 19, Business center, Metro 9, Pune, Maharashtra 411017, Shivraj Nagar - Kokane Chowk Road, Hinjawadi",18.5993049,73.7810719,,,,,,,,,building=commercial,openstreetmap,"{""openstreetmap"": ""way:1152598269""}","matched: software, solutions"
Gnan Tech World,45.0,medium,Surat,Gujarat,India,"296, Ayodhyapuram Soc, near Green Velly Reci., Valak Patiya, Surat, 395006",21.2495976,72.9172803,https://www.gnantech.com,+919601292310,,,,,,,office=it,openstreetmap,"{""openstreetmap"": ""node:10617934863""}",matched: office=it
Rsoft Software Solutions,45.0,medium,Surat,Gujarat,India,,21.2036153,72.8240297,,,,,,,,,office=yes,openstreetmap,"{""openstreetmap"": ""node:2629374610""}","matched: software, solutions"
SuXuS Mobile ServicsS,45.0,medium,Tiruchirappalli,Tamil Nadu,India,"41, Almas Plasa , Promenade Road,, Bharathidasan Salai, Trichirapalli, 620001",10.8033032,78.6884492,,04314050478,,,,,,,"shop=mobile_phone | description=""Computer based troubleshooting, Software upgrade, Unlock done by Skilled Service Engineer. Also available car chargers, multi chargers. One unit charger 6 usb ports, Quality charger for V8 Charging Port, Quality charger for Type-C Charging Port. Wired qu",openstreetmap,"{""openstreetmap"": ""node:11044550281""}","matched: software, computer"
Tecunique Software services,45.0,medium,Vadodara,Gujarat,India,"504, Ocean complex,opposite vadodara central mall,Genda Circle, vadodara, 390007",22.3178533,73.1690144,,,,,,,,,office=company,openstreetmap,"{""openstreetmap"": ""node:4877517439""}","matched: software, office=company"
VRUUX ABHIZHEK,45.0,medium,Vadodara,Gujarat,India,"308, 4th Floor, Patel Ashwamegh Complex, Sayajigunj, Vadodara, 390020",22.3090124,73.1850695,https://www.vruux.com/,+91-9998331934,,,,none,2026-06-14T02:33:35+00:00,https://www.vruux.com/jobs: HTTPError; https://www.vruux.com/jobs/: HTTPError; https://www.vruux.com/career: HTTPError; no careers page detected,office=it,openstreetmap,"{""openstreetmap"": ""node:11751460156""}",matched: office=it
Aishan Technologies India Pvt Ltd,44.0,medium,Bengaluru,Karnataka,India,"13-14, Kothnur Main Road, 560078",12.8825933,77.5832416,https://www.aishan.in/,,,,,,,,office=company,openstreetmap,"{""openstreetmap"": ""node:10840484405""}","matched: technologies, office=company"
Bazaarvoice Technology India,44.0,medium,Bengaluru,Karnataka,India,"Pacific 3, 560103",12.9372157,77.6969668,https://www.bazaarvoice.com/,,,,,,,,office=company,openstreetmap,"{""openstreetmap"": ""node:13649203601""}","matched: technology, office=company"
Enfireix Technologies Pvt Ltd.,44.0,medium,Bengaluru,Karnataka,India,"12th Cross Road, bangalore, 560058",13.0189131,77.5098188,https://enfireix.com,,,,,,,,office=company,openstreetmap,"{""openstreetmap"": ""node:13723584435""}","matched: technologies, office=company"
G7CR Technologies Pvt Ltd,44.0,medium,Bengaluru,Karnataka,India,"10/4, Kasturba Road, 560001",12.976046,77.5987712,https://g7cr.in/,,,,,,,,office=company,openstreetmap,"{""openstreetmap"": ""node:8390496217""}","matched: technologies, office=company"
Inkoniq IT Solutions Pvt Ltd,44.0,medium,Bengaluru,Karnataka,India,"2616, 27th Main Road, Bengaluru, 560102",12.9135105,77.651657,https://inkoniq.com/,,,,,none,2026-06-14T05:46:57+00:00,homepage fetch failed: SSLError; https://inkoniq.com/jobs: SSLError; https://inkoniq.com/jobs/: SSLError; https://inkoniq.com/career: SSLError; no careers page detected,office=company,openstreetmap,"{""openstreetmap"": ""node:2410666917""}","matched: solutions, digital, office=company"
John F. Welch Technology Centre,44.0,medium,Bengaluru,Karnataka,India,,12.9733539,77.7241918,https://www.ge.com/research/research-engine/rd-facilities/bengaluru,,,,,,,,office=company,openstreetmap,"{""openstreetmap"": ""way:180969776""}","matched: technology, office=company"
ONZE Technologies (India) Pvt Ltd,44.0,medium,Bengaluru,Karnataka,India,"Hubstairs Coworks, 45/B, 1st Main Road, Bengaluru, 560078",12.9114349,77.5992958,https://latlong.ai,,,,,,,,office=company,openstreetmap,"{""openstreetmap"": ""node:8767767819""}","matched: technologies, office=company"
Zebra Technologies,44.0,medium,Bengaluru,Karnataka,India,,12.9708811,77.710205,https://www.zebra.com,,,,,none,2026-06-14T07:20:00+00:00,https://www.zebra.com/us/en/about-zebra/careers.html: HTTPError; https://www.zebra.com/us/en/services/knowledge-center/training-resources.html: HTTPError; https://www.zebra.com/us/en/services/knowledge-center/zebra-certifications.html: HTTPError; no careers page detected,office=company,openstreetmap,"{""openstreetmap"": ""node:11159466325""}","matched: technologies, office=company"
Orbizen Technologies India Pvt Ltd,44.0,medium,Bhubaneswar,Odisha,India,"869/6, Mahatab Road, Bhimatangi Nd, Khorda, Bhubaneswar, 751002",20.2345792,85.8261446,https://orbizen.in/,,,,,,,,office=company,openstreetmap,"{""openstreetmap"": ""node:12862586946""}","matched: technologies, office=company"
Seasia Infotech - Enterprise AI Solutions,44.0,medium,Chandigarh-Mohali,Chandigarh/Punjab,India,"Unit No, C-136, Phase-8, Industrial Area, Sector 73, Sahibzada Ajit Singh Nagar, Punjab 160071, Mohali, 160071",30.7107797,76.7091193,https://www.seasiainfotech.com/,,,,,,,,office=employment_agency,openstreetmap,"{""openstreetmap"": ""node:13468852806""}","matched: infotech, solutions"
Kailash Path Labs,44.0,medium,Ghaziabad,Uttar Pradesh,India,"Shop/Unit No. UGF 003, Nirala Biz Park Phase –VI, NIRALA ESTATE, Plot No. GH-04, Tech Zone IV, Patwari, Greater Noida, 201306",28.5865642,77.439639,https://www.kailashpathlabs.com/,+91-9911370370,,,,none,2026-06-14T08:39:08+00:00,homepage fetch failed: HTTPError; https://www.kailashpathlabs.com/jobs: HTTPError; https://www.kailashpathlabs.com/jobs/: HTTPError; https://www.kailashpathlabs.com/career: HTTPError; no careers page detected,"description=Kailash Path Labs, Greater Noida West is part of Kailash Healthcare, providing reliable and accurate diagnostic services with state-of-the-art technology.",openstreetmap,"{""openstreetmap"": ""node:12627911775""}","matched: technology, labs"
Keysight Technologies Inc,44.0,medium,Gurugram,Haryana,India,"Tower-D, 39, Arya Samaj Road, Durga Colony, Sector 39, Gurugram, 122003",28.443763,77.0564541,https://www.keysight.com/,,,,,,,,office=company,openstreetmap,"{""openstreetmap"": ""node:5204097111""}","matched: technologies, office=company"
Ness Technologies,44.0,medium,Hyderabad,Telangana,India,,17.4447312,78.3804836,https://www.ness.com/en-in/Company/Pages/Contact-Us.aspx,,,,,,,,office=company,openstreetmap,"{""openstreetmap"": ""node:2964578879""}","matched: technologies, office=company"
Mad Maven Infotech,44.0,medium,Indore,Madhya Pradesh,India,"505, President Tower, Indore",22.7146692,75.8748783,www.madmaveninfotech.com/,,,,,none,2026-06-14T09:57:34+00:00,homepage fetch failed: ConnectionError; https://www.madmaveninfotech.com/jobs: ConnectionError; https://www.madmaveninfotech.com/jobs/: ConnectionError; https://www.madmaveninfotech.com/career: ConnectionError; no careers page detected,office=advertising_agency | description=Mad Maven InfoTech is a Digital Marketing agency made of creative digital experts. We help the Brands to achieve their Business goals though accurately tracking their advertising results and generating more leads.,openstreetmap,"{""openstreetmap"": ""node:6976115438""}","matched: infotech, digital"
Elioenai Technologies,44.0,medium,Kochi,Kerala,India,"NH-47 Bypass, 682040",9.9294157,76.3181108,http://www.elioenaitechnologies.com,,,,,,,,office=company,openstreetmap,"{""openstreetmap"": ""node:11909229869""}","matched: technologies, office=company"
Nanobird Technologies Private Limited,44.0,medium,Kochi,Kerala,India,Swapna,10.0091344,76.3150601,https://www.nanobirdtech.com/,+914844064747,,,,,,,shop=computer,openstreetmap,"{""openstreetmap"": ""node:4564658289""}","matched: technologies, computer"
Nectar IT Technologies PVT LTD,44.0,medium,Kochi,Kerala,India,"SRA026, 33/2267, Aalinchuvadu Vennala Road, Kochi, 682028",10.0028754,76.316484,https://www.nectarit.com,,,,,none,2026-06-14T11:05:33+00:00,https://www.nectarit.com/jobs: HTTPError; https://www.nectarit.com/jobs/: HTTPError; https://www.nectarit.com/career: HTTPError; no careers page detected,office=company,openstreetmap,"{""openstreetmap"": ""node:11041799237""}","matched: technologies, office=company"
Alco Infotech Pvt Ltd,44.0,medium,Kolkata,West Bengal,India,"6, Esplanade G3, 700072",22.5670719,88.3548102,http://www.alcoinfotech.com/,080131 15959,,,,none,2026-06-14T11:48:52+00:00,homepage fetch failed: ConnectionError; http://www.alcoinfotech.com/jobs: ConnectionError; http://www.alcoinfotech.com/jobs/: ConnectionError; http://www.alcoinfotech.com/career: ConnectionError; no careers page detected,shop=computer,openstreetmap,"{""openstreetmap"": ""node:11185689737""}","matched: infotech, computer"
Passionate Solver Technologies,44.0,medium,Kolkata,West Bengal,India,"133, Canal Side Road, 700091",22.5817007,88.4283333,https://www.passionatesolver.tech/,,,,,,,,office=company,openstreetmap,"{""openstreetmap"": ""node:12995430301""}","matched: technologies, office=company"
Remiges Technologies Private Limited,44.0,medium,Mumbai,Maharashtra,India,"701-705, Technocity, X-5/3, TTC Industrial Area, MIDC, Mahape, Navi Mumbai - 400710",19.1145983,73.0166863,https://remiges.tech,,,,,,,,office=company,openstreetmap,"{""openstreetmap"": ""node:12941959278""}","matched: technologies, office=company"
ACS Technologies,44.0,medium,New Delhi,Delhi,India,,28.6462425,77.2020691,https://laptopkharido.com,+91 98717 10085,,,,none,2026-06-14T12:29:12+00:00,https://laptopkharido.com/jobs: HTTPError; https://laptopkharido.com/jobs/: HTTPError; https://laptopkharido.com/career: HTTPError; no careers page detected,shop=computer,openstreetmap,"{""openstreetmap"": ""node:9090758569""}","matched: technologies, computer"
Intact Web,44.0,medium,Noida,Uttar Pradesh,India,"F-50, Street Number 17, Delhi, 110092",28.6366349,77.3029397,https://intactweb.in,,,,,none,2026-06-14T12:29:17+00:00,https://intactweb.in/jobs: HTTPError; https://intactweb.in/jobs/: HTTPError; https://intactweb.in/career: HTTPError; no careers page detected,"building=yes | description=Intact Web is a leading Digital Agency in India. Our team of expert developers & Digital Marketers has worked with diverse clients, enabling us to offer you custom web, App development & Digital Marketing services based on your requirements. Being a leadi",openstreetmap,"{""openstreetmap"": ""way:1084465526""}","matched: app development, digital"
DelphianLogic Technologies Pvt Ltd,44.0,medium,Pune,Maharashtra,India,"201, Manikchand Galleria, Kalu Tamanna Kusalkar Road, Wadarvadi, Model Colony, Shivajinagar, Pune, 411016",18.5292657,73.8333854,https://www.delphianlogic.com,,,,,,,,office=company,openstreetmap,"{""openstreetmap"": ""node:10980956777""}","matched: technologies, office=company"
Master Innovation Technology Pvt. Ltd.,44.0,medium,Pune,Maharashtra,India,"301, Gulmohar Center Point, Viman Nagar Chawk, Pune, 411014",18.5904743,73.7482359,https://mitplindia.com,,,,,,,,office=company,openstreetmap,"{""openstreetmap"": ""node:8489439017""}","matched: technology, office=company"
Genilok computer solutions pvt ltd,44.0,medium,Thiruvananthapuram,Kerala,India,"BNRA 23, NCC Road, 695005",8.5371424,76.9575983,https://genilok.com/,+91-4712437476,,,,,,,office=company,openstreetmap,"{""openstreetmap"": ""node:6227516385""}","matched: solutions, computer, office=company"
International Centre for Free and Open Source Software,44.0,medium,Thiruvananthapuram,Kerala,India,"Karyavattom, Thiruvananthapuram, 695581",8.5705123,76.8843598,https://icfoss.in/,"+91 471-2413012, +91-9400225962",https://icfoss.in/careers,company_website,https://icfoss.in/careers,medium,2026-06-14T19:45:19+00:00,careers page found on company website,office=government,openstreetmap,"{""openstreetmap"": ""node:6339301370""}",matched: software
2586Labs,43.0,medium,Bengaluru,Karnataka,India,"311, 100 Feet Road, Indiranagar, Bangalore, 560038",12.9812824,77.6404321,https://2586labs.com/,,,,,,,,office=it,openstreetmap,"{""openstreetmap"": ""node:11217110068""}",matched: office=it
Aptus Software Labs Pvt Ltd,43.0,medium,Bengaluru,Karnataka,India,,13.0043486,77.6603789,,,,,,,,,,openstreetmap,"{""openstreetmap"": ""node:2614279403""}","matched: software, labs"
codemancers,43.0,medium,Bengaluru,Karnataka,India,"27th Main Road, Bangalore, 560102",12.9082067,77.6516183,https://www.codemancers.com/,,,,,none,2026-06-14T13:54:28+00:00,homepage fetch failed: ReadTimeout; https://www.codemancers.com/jobs: ReadTimeout; https://www.codemancers.com/jobs/: ReadTimeout; https://www.codemancers.com/career: ReadTimeout; no careers page detected,office=it,openstreetmap,"{""openstreetmap"": ""node:5668887124""}",matched: office=it
Datalife Cycle,43.0,medium,Bengaluru,Karnataka,India,"55, 17th cross, Bangalore, 560055",13.008488,77.5639674,http://www.datalifecycle.in/,,,,,,,,office=it | building=yes,openstreetmap,"{""openstreetmap"": ""way:348560591""}",matched: office=it
Datalife Cycle Company Pvt Ltd,43.0,medium,Bengaluru,Karnataka,India,,13.0078218,77.5644939,datalifecyclecompany.com,,,,,,,,office=it,openstreetmap,"{""openstreetmap"": ""node:3973484296""}",matched: office=it
ERP Peers,43.0,medium,Bengaluru,Karnataka,India,"481, 5th Cross Road, Bangalore, 560078",12.8904324,77.5815843,https://erppeers.com/,,,,,none,2026-06-14T14:47:15+00:00,homepage fetch failed: ConnectionError; https://erppeers.com/jobs: ConnectionError; https://erppeers.com/jobs/: ConnectionError; https://erppeers.com/career: ConnectionError; no careers page detected,"office=it | building=yes | description=ERP Peers is India's leading NetSuite Partner & solution provider, helping businesses achieve exceptional growth. We streamline and automate operations through our expertise in NetSuite and Celigo.",openstreetmap,"{""openstreetmap"": ""way:1270623555""}",matched: office=it
Grab Greco LLP,43.0,medium,Bengaluru,Karnataka,India,,12.9313454,77.6912033,https://www.grab.com/sg/,,,,,,,,office=it,openstreetmap,"{""openstreetmap"": ""node:6360638296""}",matched: office=it
Hewlett Packard,43.0,medium,Bengaluru,Karnataka,India,560100,12.8384928,77.6650059,https://www.happiestminds.com/,,,,,,,,office=it | building=commercial,openstreetmap,"{""openstreetmap"": ""way:264102939""}",matched: office=it
Subconscious Compute Pvt. Ltd.,43.0,medium,Bengaluru,Karnataka,India,"1443, Kodigehalli Main road, Sahakarnagar, 560092",13.0651794,77.5798688,https://www.subcom.tech,,,,,none,2026-06-14T15:28:19+00:00,homepage fetch failed: ConnectTimeout; https://www.subcom.tech/jobs: ConnectTimeout; https://www.subcom.tech/jobs/: ConnectTimeout; https://www.subcom.tech/career: ConnectTimeout; no careers page detected,office=it | building=office,openstreetmap,"{""openstreetmap"": ""way:346128439""}",matched: office=it
Texiio Global Private Limited,43.0,medium,Bengaluru,Karnataka,India,"63/A, 21st A Main Road, Marenahalli, J P Nagar 2nd Phase, Bangalore, 560078",12.9156099,77.5873571,https://texiio.com,,,,,,,,office=it,openstreetmap,"{""openstreetmap"": ""node:10673265873""}",matched: office=it
Trip38,43.0,medium,Bengaluru,Karnataka,India,"No. 37, 10 Main, Jayanagar, Bangalore, 560041",12.9230839,77.5853491,http://trip38.com,,,,,,,,office=it,openstreetmap,"{""openstreetmap"": ""node:2602625578""}",matched: office=it
Livewire Poonamallee - IT Training|Machine Learning|Cybersecurity|PLC|Embedded|IOT,43.0,medium,Chennai,Tamil Nadu,India,,13.0471198,80.110375,,,,,,,,,description=Livewire Poonamallee - IT Training|Machine Learning|Cybersecurity|PLC|Embedded|IOT,openstreetmap,"{""openstreetmap"": ""node:7320175662""}","matched: machine learning, cybersecurity"
Ikeva Hyderabad,43.0,medium,Hyderabad,Telangana,India,,17.4141343,78.4489203,https://www.ikeva.com/locations/hyderabad/banjarahills/,,,,,,,,office=it,openstreetmap,"{""openstreetmap"": ""node:3218374885""}",matched: office=it
Logic Planet IT Services Pvt Ltd,43.0,medium,Hyderabad,Telangana,India,,17.4380455,78.3874954,,,,,,,,,office=company,openstreetmap,"{""openstreetmap"": ""node:7021303690""}","matched: it services, office=company"
Proventures Education & Consulting Services,43.0,medium,Hyderabad,Telangana,India,102- Nestcon Zion Apartments,17.4654122,78.3085512,https://www.proventuresindia.com/,,,,,,,,office=it,openstreetmap,"{""openstreetmap"": ""node:11015675861""}",matched: office=it
Rafc Private Limited,43.0,medium,Jaipur,Rajasthan,India,"109-110 1st floor, Tambi Tower, Sansar Chandra Road, Jaipur, 302001",26.9202101,75.8025133,https://www.rafc.in,,,,,none,2026-06-14T16:44:30+00:00,https://rafc.in/jobs: HTTPError; https://rafc.in/jobs/: HTTPError; https://rafc.in/career: HTTPError; no careers page detected,office=it,openstreetmap,"{""openstreetmap"": ""node:6755261281""}",matched: office=it
ITES Habitat Centre,43.0,medium,Kochi,Kerala,India,,9.9974669,76.3016481,http://iteshabitatcentre.org/companies.php,,,,,,,,office=it,openstreetmap,"{""openstreetmap"": ""node:11190191592""}",matched: office=it
Litmus7,43.0,medium,Kochi,Kerala,India,"208, Infopark, Kakkanad, Kerala, 682042",10.011894,76.3664951,https://www.litmus7.com,,,,,,,,office=it,openstreetmap,"{""openstreetmap"": ""node:13433684197""}",matched: office=it
Beta computronics pvt ltd,43.0,medium,Nagpur,Maharashtra,India,10/1 IT park,21.1211361,79.0482033,betacomp.com,,,,,,,,office=it,openstreetmap,"{""openstreetmap"": ""node:5250293028""}",matched: office=it
Businzo Internet Services,43.0,medium,New Delhi,Delhi,India,"87 2nd floor, C-5 sector 5 Rohini, Delhi, 110085",28.7159211,77.1072679,https://www.businzo.com,,,,,,,,"office=it | description=IT Company, providing information services.",openstreetmap,"{""openstreetmap"": ""node:9843317114""}",matched: office=it
Codekul.com-Java|Android|Angular|iOS MEAN/Full Stack UI Web Game Python Data Science Classes & Jobs Pune,43.0,medium,Pune,Maharashtra,India,,18.5076641,73.7949951,https://www.codekul.com/,,,,,none,2026-06-14T17:53:36+00:00,homepage fetch failed: ConnectionError; https://www.codekul.com/jobs: ConnectionError; https://www.codekul.com/jobs/: ConnectionError; https://www.codekul.com/career: ConnectionError; no careers page detected,office=it | description=Codekul-Java|Android|Angular|iOS MEAN/Full Stack UI Web Game Python Data Science Classes & Jobs Pune,openstreetmap,"{""openstreetmap"": ""node:3650472781""}",matched: office=it
miniOrange,43.0,medium,Pune,Maharashtra,India,"Business Enclave, Baner, Pune, 411045",18.5541501,73.7707173,https://www.miniorange.com/,,,,,,,,office=it,openstreetmap,"{""openstreetmap"": ""node:12522693029""}",matched: office=it
Techlead,43.0,medium,Pune,Maharashtra,India,,18.5664318,73.7709242,http://www.techlead-india.com/,,,,,,,,office=it,openstreetmap,"{""openstreetmap"": ""node:13418325178""}",matched: office=it
P9labs,43.0,medium,Surat,Gujarat,India,"908-910, Western Business Park, Udhna Magdalla Road, Surat, 395007",21.1505567,72.7729622,https://www.p9labs.com/,,,,,none,2026-06-14T18:30:38+00:00,https://www.p9labs.com/jobs: HTTPError; https://www.p9labs.com/jobs/: HTTPError; https://www.p9labs.com/career: HTTPError; no careers page detected,office=it,openstreetmap,"{""openstreetmap"": ""node:7085431020""}",matched: office=it
Amin Developer,43.0,medium,Vadodara,Gujarat,India,"80/B Laxmikunj, New Sama Road, vadodara, 390024",22.3404977,73.1973648,https://www.amindeveloper.com/,,,,,none,2026-06-14T18:30:43+00:00,https://www.amindeveloper.com/jobs: HTTPError; https://www.amindeveloper.com/jobs/: HTTPError; https://www.amindeveloper.com/career: HTTPError; no careers page detected,office=it,openstreetmap,"{""openstreetmap"": ""node:7776271081""}",matched: office=it
Free Software Movement Karnataka (FSMK),42.0,medium,Bengaluru,Karnataka,India,"1561, 4th Floor, East End Main Road, Jayanagar 9th block, Jayanagar",12.9179069,77.5969649,https://fsmk.org,,https://fsmk.org/events/dev_days_2/,company_website,"https://fonts.googleapis.com/css?family=Ek+Mukta:200,300,400,500,600,700,800&amp;subset=devanagari,latin-ext",medium,2026-06-14T19:45:24+00:00,careers page found on company website,office=association,openstreetmap,"{""openstreetmap"": ""node:12416010497""}",matched: software
Infinite Computer Solutions,42.0,medium,Bengaluru,Karnataka,India,157,12.9737992,77.7159075,https://www.infinite.com/,,,,,,,,office=company | building=office,openstreetmap,"{""openstreetmap"": ""way:181695501""}","matched: solutions, computer, office=company"
Sonata Software Limites,42.0,medium,Hyderabad,Telangana,India,"1-10-176, Green Towers, Begumpet Main Road, Hyderabad, 500016",17.4416904,78.4587997,https://www.sonata-software.com/,,https://www.sonata-software.com/,darwinbox,https://sonataone.darwinbox.in/ms/candidate/careers,high,2026-06-14T20:48:28+00:00,detected ATS/provider,,openstreetmap,"{""openstreetmap"": ""way:357187956""}",matched: software
Hostzop Cloud Services Pvt Ltd,42.0,medium,Indore,Madhya Pradesh,India,"102, Annapurna Road, Indore, 452009",22.6855829,75.8359715,https://hostzop.com,,https://www.hostzop.com/career.php,company_website,https://www.hostzop.com/career.php,medium,2026-06-14T20:48:30+00:00,careers page found on company website,office=company,openstreetmap,"{""openstreetmap"": ""node:13043272201""}","matched: cloud, office=company"
Accel IT Services,42.0,medium,Noida,Uttar Pradesh,India,"A-61/1, 110020",28.5396614,77.2697139,http://accelits.com,+91 11 4657 5100;+91 11 4657 5113,https://accelits.com/careers/,company_website,https://accelits.com/careers/,medium,2026-06-14T21:19:58+00:00,careers page found on company website,craft=electronics_repair | description=Authorised service centre for Logitech and Toshiba,openstreetmap,"{""openstreetmap"": ""node:5655284936""}",matched: it services
Cyfuture India Pvt Ltd,42.0,medium,Noida,Uttar Pradesh,India,,28.5390893,77.3996504,https://cyfuture.com,,https://cyfuture.com/careers.html,company_website,https://cyfuture.com/careers.html,medium,2026-06-14T21:20:08+00:00,careers page found on company website,"description=Cyfuture Specializes in Business Process Outsourcing (BPO) Services, Setting up Data Centers, Provides Enterprise Cloud Storage and Cloud Hosting Solutions, Chatbot Service.",openstreetmap,"{""openstreetmap"": ""node:12041521778""}","matched: cloud, solutions"
ARM Embedded Technologies Private Ltd.,41.0,medium,Bengaluru,Karnataka,India,"Outer Ring Road, Bangalore, 560 048",12.9843997,77.6930943,,+91 80 4928 2000,,,,,,,office=company,openstreetmap,"{""openstreetmap"": ""node:9781379833""}","matched: technologies, office=company"
Infineon Technologies Semiconductor PVT LTD,41.0,medium,Bengaluru,Karnataka,India,"65/2 Block C Bagmane Laurel, Bagmane Tech Park, Bengaluru, 560093",12.9784191,77.6644907,,08067073999,,,,,,,office=company,openstreetmap,"{""openstreetmap"": ""node:9783612905""}","matched: technologies, office=company"
HackIT Technology & Advisory Services,41.0,medium,Kochi,Kerala,India,Ernakulam,9.9897046,76.2946089,,+91-484 404 4234,,,,,,,office=company,openstreetmap,"{""openstreetmap"": ""node:4888165557""}","matched: technology, office=company"
Linways Technologies Pvt. Ltd.,41.0,medium,Kochi,Kerala,India,"37/376 A1, Khafji Towers, CUSAT Signal Jn., 682033",10.0475492,76.3180633,,+91 484 2551098,,,,,,,office=company,openstreetmap,"{""openstreetmap"": ""node:5286036385""}","matched: technologies, office=company"
Bharat Eco Solutions and Technologies,41.0,medium,Pune,Maharashtra,India,,18.4573572,73.812644,,8459893982,,,,,,,office=research | building=yes,openstreetmap,"{""openstreetmap"": ""way:360281648""}","matched: technologies, solutions"
Data Recovery Service Bangalore,40.0,medium,Bengaluru,Karnataka,India,"12, 1st Main Road, Bangalore, 560043",13.0210066,77.6290727,,+918747964723,,,,,,,office=it,openstreetmap,"{""openstreetmap"": ""node:8141014998""}",matched: office=it
Sling Media,40.0,medium,Bengaluru,Karnataka,India,"176, Outer Ring Road, Bangalore, 560037",12.94422,77.6983543,,+91 80 41779000,,,,,,,office=it,openstreetmap,"{""openstreetmap"": ""node:5782886642""}",matched: office=it
Hexolabs Interactive Tech Pvt Ltd,40.0,medium,Chennai,Tamil Nadu,India,"Type II/17, Dr.VSI Estate, Thiruvanmiyur, chennai, 600041",12.9826792,80.2520018,,044 42169699,,,,,,,office=it,openstreetmap,"{""openstreetmap"": ""node:4978570060""}",matched: office=it
Desmos Lab,40.0,medium,Coimbatore,Tamil Nadu,India,"43, Lakshmi Ammal Layout, Coimbatore, 641004",11.0201799,77.0199382,https://www.desmoslab.com,+91 9944415541,,,,,,,"description=Desmos Lab is a software development and consulting company located in Coimbatore, India.",openstreetmap,"{""openstreetmap"": ""node:6121810681""}",matched: software
Swecha Office,40.0,medium,Hyderabad,Telangana,India,"Sy. No. 91, Nehru Outer Ring Road, Beside Centre for Good Governance, Greenlands colony, Gachibowli 'X'Roads, Sherilingampally, Rangareddy Dt.,, Hyderabad – 500032",17.4359743,78.3604038,www.swecha.org,04023001263,,,,none,2026-06-14T19:03:50+00:00,homepage fetch failed: HTTPError; https://www.swecha.org/jobs: HTTPError; https://www.swecha.org/jobs/: HTTPError; https://www.swecha.org/career: HTTPError; no careers page detected,office=ngo | description=స్వేచ్ఛా సాఫ్ట్‌వేర్‌ ఉద్యమం వ్యాప్తికై పని చేస్తున్న లాభాపేక్ష లేని సంస్థ. Nonprofit organization working to build free software movement in Telugu states.,openstreetmap,"{""openstreetmap"": ""node:5469029529""}",matched: software
Concord ERP Software,40.0,medium,Indore,Madhya Pradesh,India,"Lasudua Mori, Old A. B. Road, Indore, 453771",22.7922264,75.9074188,http://concorderp.com/,9009155444,,,,none,2026-06-14T19:03:52+00:00,http://concorderp.com/jobs: HTTPError; http://concorderp.com/jobs/: HTTPError; http://concorderp.com/career: HTTPError; no careers page detected,office=yes,openstreetmap,"{""openstreetmap"": ""node:11853951362""}",matched: software
Mutual Fund Software,40.0,medium,Indore,Madhya Pradesh,India,"45, Hare Krishna Vihar, Indore, 452010",22.751822,75.927713,https://www.mutualfundsoftware.in/,+919039822000,,,,,,,"building=commercial | description=Mutual fund software is Fully Automatic platform for IFA, RIA and Mutual Fund Distributors (MFD) to run mutual fund advisory or distribution business in India.",openstreetmap,"{""openstreetmap"": ""way:698286389""}",matched: software
Universal Informatics,40.0,medium,Indore,Madhya Pradesh,India,"Abhay Prashal, Race Course Road, Indore, 452003",22.7252579,75.8778618,,0731- 2431972,,,,,,,office=it,openstreetmap,"{""openstreetmap"": ""node:5955426886""}",matched: office=it
Smartsoft,40.0,medium,Kochi,Kerala,India,,9.9686486,76.3111129,,+91 484 230 3988;+91 484 401 3188;+91 484401399,,,,,,,office=it,openstreetmap,"{""openstreetmap"": ""node:11248177824""}",matched: office=it
"Software Freedom Law Center, India",40.0,medium,New Delhi,Delhi,India,"9, Birbal Road, New Delhi, 110014",28.5849068,77.2424164,https://sflc.in,+91-11-4358-7126,,,,,,,office=ngo,openstreetmap,"{""openstreetmap"": ""node:11228824231""}",matched: software
Birlasoft SDB2,40.0,medium,Pune,Maharashtra,India,"Hinjawadi Phase 2 Road, Pune, 411057",18.592702,73.7358335,,+91 20 6652 5000,,,,,,,office=it | building=yes,openstreetmap,"{""openstreetmap"": ""way:359525897""}",matched: office=it
Analytical Technologies,39.0,medium,Bengaluru,Karnataka,India,"21/1, SV Narayanaswamy Rao Marg",12.9577538,77.5685644,,,,,,,,,office=company,openstreetmap,"{""openstreetmap"": ""node:11178123515""}","matched: technologies, office=company"
ANI Technologies Pvt. Ltd,39.0,medium,Bengaluru,Karnataka,India,,12.933724,77.6237867,,,,,,,,,office=yes | office=company | building=yes,openstreetmap,"{""openstreetmap"": ""way:347416561""}","matched: technologies, office=company"
Ararat Technologies,39.0,medium,Bengaluru,Karnataka,India,,12.9693937,77.651729,,,,,,,,,office=company,openstreetmap,"{""openstreetmap"": ""node:12366563176""}","matched: technologies, office=company"
ASM Technologies,39.0,medium,Bengaluru,Karnataka,India,,12.9629203,77.605072,,,,,,,,,office=company,openstreetmap,"{""openstreetmap"": ""node:2810574232""}","matched: technologies, office=company"
Aspect Technology Center,39.0,medium,Bengaluru,Karnataka,India,"8, Palace Road",12.9933028,77.5893113,,,,,,,,,office=company,openstreetmap,"{""openstreetmap"": ""node:1387147104""}","matched: technology, office=company"
Asti Infotech pvt. Ltd.,39.0,medium,Bengaluru,Karnataka,India,"90, 2nd Main, Electronic City, Bangalore, 560100",12.8417261,77.6670251,,,,,,,,,office=company,openstreetmap,"{""openstreetmap"": ""node:6924256318""}","matched: infotech, office=company"
Besant Technologies,39.0,medium,Bengaluru,Karnataka,India,,12.9161025,77.6155077,,,,,,,,,office=company,openstreetmap,"{""openstreetmap"": ""node:11309805443""}","matched: technologies, office=company"
Bluestar Infotech Pvt Ltd,39.0,medium,Bengaluru,Karnataka,India,"80 Feet Road, Opp Adyar Anand Bhavan, Koramangala, Bangalore, 560095",12.9354122,77.6148681,,,,,,,,,office=company,openstreetmap,"{""openstreetmap"": ""node:1462989622""}","matched: infotech, office=company"
Capillary Technologies,39.0,medium,Bengaluru,Karnataka,India,,12.9131875,77.6257144,,,,,,,,,office=company,openstreetmap,"{""openstreetmap"": ""node:6871418831""}","matched: technologies, office=company"
CareerNet Technologies,39.0,medium,Bengaluru,Karnataka,India,"53, Kariyammana Agrahara Road, Devarabisana Halli",12.9321938,77.6860904,,,,,,,,,office=company,openstreetmap,"{""openstreetmap"": ""node:2987449040""}","matched: technologies, office=company"
Codilar Technologies Pvt Ltd,39.0,medium,Bengaluru,Karnataka,India,,12.9143533,77.6321989,,,,,,,,,office=company,openstreetmap,"{""openstreetmap"": ""node:11250768210""}","matched: technologies, office=company"
Concur Technologies,39.0,medium,Bengaluru,Karnataka,India,,12.9788874,77.660771,,,,,,,,,office=company,openstreetmap,"{""openstreetmap"": ""node:9783665925""}","matched: technologies, office=company"
Conet Technologies,39.0,medium,Bengaluru,Karnataka,India,,12.9895463,77.5546759,,,,,,,,,office=company | building=company,openstreetmap,"{""openstreetmap"": ""node:3412420175""}","matched: technologies, office=company"
Cooling Technologies,39.0,medium,Bengaluru,Karnataka,India,,12.9142094,77.6094917,,,,,,,,,office=company,openstreetmap,"{""openstreetmap"": ""node:13108162627""}","matched: technologies, office=company"
Dbaux Technologies,39.0,medium,Bengaluru,Karnataka,India,"Floor 2, Carlton Towers, Bangalore",12.9690353,77.647926,,,,,,,,,office=company,openstreetmap,"{""openstreetmap"": ""node:6901444618""}","matched: technologies, office=company"
Digilog Technologies,39.0,medium,Bengaluru,Karnataka,India,,12.9658752,77.6143564,,,,,,,,,office=company,openstreetmap,"{""openstreetmap"": ""node:5061395365""}","matched: technologies, office=company"
Engoti Technologies,39.0,medium,Bengaluru,Karnataka,India,,12.9176716,77.6493687,,,,,,,,,office=company,openstreetmap,"{""openstreetmap"": ""node:11533128586""}","matched: technologies, office=company"
Envision Technology Center,39.0,medium,Bengaluru,Karnataka,India,,12.9775048,77.7250444,,,,,,,,,office=company,openstreetmap,"{""openstreetmap"": ""node:10715811641""}","matched: technology, office=company"
ExxonMobil Services and Technology Private Limited,39.0,medium,Bengaluru,Karnataka,India,,12.9892878,77.7311303,,,,,,,,,office=company,openstreetmap,"{""openstreetmap"": ""node:6534475885""}","matched: technology, office=company"
Frauscher Sensor Technology,39.0,medium,Bengaluru,Karnataka,India,"5th Floor, Raj Bhavan Road, Bangalore, 560001",12.9826384,77.5939825,,,,,,,,,office=company,openstreetmap,"{""openstreetmap"": ""node:5455685639""}","matched: technology, office=company"
Future Focus Infotech Pvt. Ltd.,39.0,medium,Bengaluru,Karnataka,India,,12.9738619,77.6076834,,,,,,,,,office=company,openstreetmap,"{""openstreetmap"": ""node:6584009948""}","matched: infotech, office=company"
Greet Technologies,39.0,medium,Bengaluru,Karnataka,India,,12.914575,77.6321772,,,,,,,,,office=company,openstreetmap,"{""openstreetmap"": ""node:11250752333""}","matched: technologies, office=company"
GroupCyber ID Technology,39.0,medium,Bengaluru,Karnataka,India,,12.909413,77.6386458,,,,,,,,,office=company,openstreetmap,"{""openstreetmap"": ""node:10066903004""}","matched: technology, office=company"
HCL Technologies,39.0,medium,Bengaluru,Karnataka,India,,12.9327355,77.6937522,,,,,,,,,office=company,openstreetmap,"{""openstreetmap"": ""node:10792859848""}","matched: technologies, office=company"
HCL Technologies,39.0,medium,Bengaluru,Karnataka,India,,12.9747983,77.6174976,,,,,,,,,office=company,openstreetmap,"{""openstreetmap"": ""node:12112044996""}","matched: technologies, office=company"
Honeywell Technology Solutions Lab Pvt Ltd,39.0,medium,Bengaluru,Karnataka,India,Bannerghatta Road,12.8992515,77.5995246,,,,,,,,,,openstreetmap,"{""openstreetmap"": ""way:121004026""}","matched: technology, solutions"
InMobi Technologies,39.0,medium,Bengaluru,Karnataka,India,,12.9351805,77.6945095,,,,,,,,,office=company | building=yes,openstreetmap,"{""openstreetmap"": ""way:348080119""}","matched: technologies, office=company"
KPIT Technologies,39.0,medium,Bengaluru,Karnataka,India,,12.9713403,77.6576221,,,,,,,,,office=company,openstreetmap,"{""openstreetmap"": ""node:12367521720""}","matched: technologies, office=company"
Legato Health Technologies,39.0,medium,Bengaluru,Karnataka,India,,13.0438793,77.618422,,,,,,,,,office=company,openstreetmap,"{""openstreetmap"": ""node:10095905201""}","matched: technologies, office=company"
Magnum Technologies,39.0,medium,Bengaluru,Karnataka,India,,12.9144762,77.6328301,,,,,,,,,office=company,openstreetmap,"{""openstreetmap"": ""node:11250794467""}","matched: technologies, office=company"
Marudhar Infotech Services,39.0,medium,Bengaluru,Karnataka,India,,12.9853484,77.5557257,,,,,,,,,office=company,openstreetmap,"{""openstreetmap"": ""node:5623433274""}","matched: infotech, office=company"
Microchip Technology India Pvt Ltd,39.0,medium,Bengaluru,Karnataka,India,"Plot No. 149-B, EPIP Industrial area, Bangalore, 560066",12.9818541,77.7215829,,,,,,,,,office=company,openstreetmap,"{""openstreetmap"": ""node:3440420564""}","matched: technology, office=company"
Micron Technology Operations India,39.0,medium,Bengaluru,Karnataka,India,,12.9326381,77.693674,,,,,,,,,office=company,openstreetmap,"{""openstreetmap"": ""node:10792859847""}","matched: technology, office=company"
Navya Technologies Pvt Ltd,39.0,medium,Bengaluru,Karnataka,India,,12.9818655,77.6020474,,,,,,,,,office=company,openstreetmap,"{""openstreetmap"": ""node:4308222108""}","matched: technologies, office=company"
NestAway Technologies,39.0,medium,Bengaluru,Karnataka,India,,12.9201025,77.6452144,,,,,,,,,office=company,openstreetmap,"{""openstreetmap"": ""node:11493704747""}","matched: technologies, office=company"
Ramp Technologies,39.0,medium,Bengaluru,Karnataka,India,"493, 15th Cross",12.9803157,77.6355075,,,,,,,,,office=company | building=commercial,openstreetmap,"{""openstreetmap"": ""way:331337664""}","matched: technologies, office=company"
Sansee Technologies,39.0,medium,Bengaluru,Karnataka,India,,13.0083281,77.6556289,,,,,,,,,office=company,openstreetmap,"{""openstreetmap"": ""node:13279112335""}","matched: technologies, office=company"
Sasmos Het Technologies Limited,39.0,medium,Bengaluru,Karnataka,India,,12.9883802,77.7273354,,,,,,,,,office=company,openstreetmap,"{""openstreetmap"": ""node:12072897032""}","matched: technologies, office=company"
Sentient Infotech,39.0,medium,Bengaluru,Karnataka,India,"494, 15th Cross, Bangalore",12.9801983,77.6354707,,,,,,,,,office=company,openstreetmap,"{""openstreetmap"": ""node:3647023416""}","matched: infotech, office=company"
Stridus Infotech,39.0,medium,Bengaluru,Karnataka,India,,12.9678982,77.6111769,,,,,,,,,,openstreetmap,"{""openstreetmap"": ""node:2557866005""}","matched: infotech, office=company"
Thumbay Technologies,39.0,medium,Bengaluru,Karnataka,India,,12.9147669,77.6325055,,,,,,,,,office=company,openstreetmap,"{""openstreetmap"": ""node:11250799170""}","matched: technologies, office=company"
Tiara FBD infotech private limited,39.0,medium,Bengaluru,Karnataka,India,2nd cross,12.9776264,77.6430161,,,,,,,,,office=company,openstreetmap,"{""openstreetmap"": ""node:7976322591""}","matched: infotech, office=company"
Tricon InfoTech Pvt. Ltd.,39.0,medium,Bengaluru,Karnataka,India,"Tricon Infotech Private Limited # 143, 144, Hosur Main Road, Industrial Layout Koramangala, Bengaluru – 560095 Karnataka India",12.9303897,77.6150393,,,,,,,,,office=company,openstreetmap,"{""openstreetmap"": ""node:12421899342""}","matched: infotech, office=company"
Trident Technologies,39.0,medium,Bengaluru,Karnataka,India,,12.9811352,77.6459672,,,,,,,,,office=company,openstreetmap,"{""openstreetmap"": ""node:5164983602""}","matched: technologies, office=company"
Tules Cad Cam Technologies Private Limited,39.0,medium,Bengaluru,Karnataka,India,"175, Bangalore, 560066",12.9733935,77.7190232,,,,,,,,,office=company | building=yes,openstreetmap,"{""openstreetmap"": ""way:1219313042""}","matched: technologies, office=company"
Vmoksha Technologies,39.0,medium,Bengaluru,Karnataka,India,,12.9234418,77.6514305,,,,,,,,,office=company,openstreetmap,"{""openstreetmap"": ""node:4303729586""}","matched: technologies, office=company"
Wisdomleaf Technologies,39.0,medium,Bengaluru,Karnataka,India,,13.0075248,77.5692974,,,,,,,,,office=company,openstreetmap,"{""openstreetmap"": ""node:11897964090""}","matched: technologies, office=company"
WorldSource Infotech,39.0,medium,Bengaluru,Karnataka,India,,13.001194,77.6292337,,,,,,,,,office=company,openstreetmap,"{""openstreetmap"": ""node:11982693069""}","matched: infotech, office=company"
MITPL ODISHA,39.0,medium,Bhubaneswar,Odisha,India,,20.2783979,85.836188,,,,,,,,,"description=Microsys Infotech & Telecom Pvt Ltd is a leading professionally managed IT (An ISO 9001:2008 certified) & Telecom company in India. Our domain experts have hands-on experience with implementing robust, scalable and relevant solutions to enterprises.",openstreetmap,"{""openstreetmap"": ""node:8728058911""}","matched: infotech, solutions"
Debut Infotech Pvt. Ltd.,39.0,medium,Chandigarh-Mohali,Chandigarh/Punjab,India,"Plot No. C-204, Industrial Area Phase 8B, Mohali, 16055",30.7065457,76.6847982,,,,,,,,,office=company,openstreetmap,"{""openstreetmap"": ""node:6734399761""}","matched: infotech, office=company"
Apexsys Infotech Laptop Service Centre,39.0,medium,Chennai,Tamil Nadu,India,,12.9226539,80.1446506,,9941206553;9094134297,,,,,,,shop=computer,openstreetmap,"{""openstreetmap"": ""node:13660485601""}","matched: infotech, computer"
Cognizant Technology Solutions,39.0,medium,Chennai,Tamil Nadu,India,,12.947793,80.2092529,,,,,,,,,,openstreetmap,"{""openstreetmap"": ""way:28856014""}","matched: technology, solutions"
Group10 Technologies Pvt Ltd,39.0,medium,Chennai,Tamil Nadu,India,"28, Vigneshwara Street, Chennai",12.9965863,80.2097961,,,,,,,,,office=company,openstreetmap,"{""openstreetmap"": ""node:4992173836""}","matched: technologies, office=company"
iGold Technologies,39.0,medium,Chennai,Tamil Nadu,India,,13.0224473,80.2068177,,,,,,,,,office=company,openstreetmap,"{""openstreetmap"": ""node:13718255501""}","matched: technologies, office=company"
Layotos Technologies Pvt LTD,39.0,medium,Chennai,Tamil Nadu,India,,13.0123527,80.2236047,,,,,,,,,office=company,openstreetmap,"{""openstreetmap"": ""node:12517830801""}","matched: technologies, office=company"
Microchip Technology India,39.0,medium,Chennai,Tamil Nadu,India,,12.8782421,80.2146963,,,,,,,,,office=company | building=yes,openstreetmap,"{""openstreetmap"": ""way:1067182714""}","matched: technology, office=company"
Rmade Technologies,39.0,medium,Chennai,Tamil Nadu,India,,13.0344351,80.2334762,,,,,,,,,office=company,openstreetmap,"{""openstreetmap"": ""node:7088458506""}","matched: technologies, office=company"
Saama Technologies pvt. Ltd,39.0,medium,Chennai,Tamil Nadu,India,,13.0101135,80.2110496,,,,,,,,,office=company,openstreetmap,"{""openstreetmap"": ""node:9565908906""}","matched: technologies, office=company"
Sedin Technologies Dev Center,39.0,medium,Chennai,Tamil Nadu,India,"40, Kamatchi Puram 2nd Street, Chennai, 600033",13.0370386,80.2166357,,,,,,,,,office=company | building=yes,openstreetmap,"{""openstreetmap"": ""way:354832341""}","matched: technologies, office=company"
Cognizant Technology Solutions Pvt. Ltd.,39.0,medium,Coimbatore,Tamil Nadu,India,,11.1044226,76.9854363,,,,,,,,,,openstreetmap,"{""openstreetmap"": ""way:192903472""}","matched: technology, solutions"
Eazibiz Technologies,39.0,medium,Coimbatore,Tamil Nadu,India,,11.000886,77.0067422,,,,,,,,,description=Eazibiz Technologies,openstreetmap,"{""openstreetmap"": ""node:3858183527""}","matched: technologies, solutions"
Pricol Technologies,39.0,medium,Coimbatore,Tamil Nadu,India,"1065, Tiruchi Road, Coimbatore, 641045",10.9978638,76.9892704,,,,,,,,,office=company,openstreetmap,"{""openstreetmap"": ""node:3204361326""}","matched: technologies, office=company"
Dell Technologies,39.0,medium,Gurugram,Haryana,India,,28.4591324,77.0954767,,,,,,,,,office=company,openstreetmap,"{""openstreetmap"": ""node:11332976686""}","matched: technologies, office=company"
BeetleRim Technologies Private Limited,39.0,medium,Hyderabad,Telangana,India,,17.4506391,78.3854539,,,,,,,,,office=company,openstreetmap,"{""openstreetmap"": ""node:7021303700""}","matched: technologies, office=company"
Bizviz Technologies,39.0,medium,Hyderabad,Telangana,India,,17.4572278,78.3706149,,,,,,,,,office=company,openstreetmap,"{""openstreetmap"": ""node:7597687772""}","matched: technologies, office=company"
Cloudtree Technologies,39.0,medium,Hyderabad,Telangana,India,,17.4436864,78.4349322,,,,,,,,,office=company,openstreetmap,"{""openstreetmap"": ""node:6847914738""}","matched: technologies, office=company"
Ekincare (Aayuv Technologies Pvt Ltd),39.0,medium,Hyderabad,Telangana,India,,17.4380006,78.3874784,,,,,,,,,office=company,openstreetmap,"{""openstreetmap"": ""node:7021303689""}","matched: technologies, office=company"
Friendknows Technologies Pvt Ltd,39.0,medium,Hyderabad,Telangana,India,,17.4419526,78.3854194,,,,,,,,,office=company,openstreetmap,"{""openstreetmap"": ""node:7021303636""}","matched: technologies, office=company"
HCL Technologies,39.0,medium,Hyderabad,Telangana,India,H01B,17.4473809,78.3712865,,,,,,,,,office=company,openstreetmap,"{""openstreetmap"": ""node:11099903505""}","matched: technologies, office=company"
Jarus Technologies,39.0,medium,Hyderabad,Telangana,India,,17.4617201,78.5873746,,,,,,,,,office=company | building=yes,openstreetmap,"{""openstreetmap"": ""way:576861388""}","matched: technologies, office=company"
Kinige Digital Technologies Pvt Ltd,39.0,medium,Hyderabad,Telangana,India,,17.4833939,78.3473316,,,,,,,,,,openstreetmap,"{""openstreetmap"": ""node:1702835979""}","matched: technologies, digital"
krishnalLogic Technologies,39.0,medium,Hyderabad,Telangana,India,Gachibowli,17.4472389,78.3556236,,,,,,,,,office=company,openstreetmap,"{""openstreetmap"": ""node:6829520560""}","matched: technologies, office=company"
Moldtek Technologies,39.0,medium,Hyderabad,Telangana,India,,17.4350336,78.4039997,,,,,,,,,office=company,openstreetmap,"{""openstreetmap"": ""node:7025820859""}","matched: technologies, office=company"
Photon Technologies,39.0,medium,Hyderabad,Telangana,India,,17.4507461,78.3876159,,,,,,,,,office=company,openstreetmap,"{""openstreetmap"": ""node:7021303678""}","matched: technologies, office=company"
PrimEra Medical Technologies ( Corporate Office ),39.0,medium,Hyderabad,Telangana,India,"Capital Park Road, 500081",17.4467376,78.386358,,,,,,,,,office=company,openstreetmap,"{""openstreetmap"": ""node:13614017002""}","matched: technologies, office=company"
Rapido Technologies,39.0,medium,Hyderabad,Telangana,India,,17.4385117,78.3954752,,,,,,,,,office=company,openstreetmap,"{""openstreetmap"": ""node:7025820763""}","matched: technologies, office=company"
RR Technologies,39.0,medium,Hyderabad,Telangana,India,,17.4418719,78.3887818,,,,,,,,,office=company,openstreetmap,"{""openstreetmap"": ""node:7025820905""}","matched: technologies, office=company"
SCI IT Solutions Pvt Ltd/ Radiant Digital Solutions Pvt Ltd,39.0,medium,Hyderabad,Telangana,India,,17.4471383,78.38535,,,,,,,,,office=company,openstreetmap,"{""openstreetmap"": ""node:7021303686""}","matched: solutions, digital, office=company"
Sri Technologies,39.0,medium,Hyderabad,Telangana,India,,17.430947,78.3931322,,,,,,,,,office=company,openstreetmap,"{""openstreetmap"": ""node:7385432960""}","matched: technologies, office=company"
United Technologies Corp,39.0,medium,Hyderabad,Telangana,India,,17.4375191,78.3854449,,,,,,,,,office=company,openstreetmap,"{""openstreetmap"": ""node:7021303698""}","matched: technologies, office=company"
VNS Makro Technologies (P) Ltd.,39.0,medium,Hyderabad,Telangana,India,,17.4388839,78.3949558,,,,,,,,,office=company,openstreetmap,"{""openstreetmap"": ""node:7025820760""}","matched: technologies, office=company"
Lemosys infotech Pvt ltd,39.0,medium,Indore,Madhya Pradesh,India,,22.764777,75.8865931,,,,,,,,,office=company,openstreetmap,"{""openstreetmap"": ""node:5376039831""}","matched: infotech, office=company"
Ranosys Technologies - Sitapura,39.0,medium,Jaipur,Rajasthan,India,"E-141, IT Park Road, 302022",26.7789525,75.8413739,,,,,,,,,office=company,openstreetmap,"{""openstreetmap"": ""node:12150125201""}","matched: technologies, office=company"
Emvigo Technologies,39.0,medium,Kochi,Kerala,India,4th Floor,9.9925867,76.2901723,,,,,,,,,office=company,openstreetmap,"{""openstreetmap"": ""node:12894580054""}","matched: technologies, office=company"
Gizmeon technologies pvt,39.0,medium,Kochi,Kerala,India,,10.0055039,76.3460873,,,,,,,,,office=company,openstreetmap,"{""openstreetmap"": ""node:7503498090""}","matched: technologies, office=company"
iReveal Technologies Pvt Ltd,39.0,medium,Kochi,Kerala,India,,10.0114728,76.3090245,,,,,,,,,office=company,openstreetmap,"{""openstreetmap"": ""node:4145977887""}","matched: technologies, office=company"
Radview technologies,39.0,medium,Kochi,Kerala,India,,10.0064356,76.3456665,,,,,,,,,office=company,openstreetmap,"{""openstreetmap"": ""node:7503498103""}","matched: technologies, office=company"
SFO Technologies,39.0,medium,Kochi,Kerala,India,,10.0044816,76.3449046,,,,,,,,,office=company,openstreetmap,"{""openstreetmap"": ""node:7503809465""}","matched: technologies, office=company"
SNB Technologies,39.0,medium,Kochi,Kerala,India,"28, Panampilly Nagar, Kochi, 682036",9.9618714,76.2968206,,,,,,,,,office=company | building=detached,openstreetmap,"{""openstreetmap"": ""way:1348009500""}","matched: technologies, office=company"
VVDN Technologies Pvt Ltd,39.0,medium,Kochi,Kerala,India,"215A, Palarivattom - Kakkanad Road, Kakkanad, 682021",10.014793,76.3337906,,,,,,,,,office=company,openstreetmap,"{""openstreetmap"": ""node:3875683757""}","matched: technologies, office=company"
Wyswyg Technologies,39.0,medium,Kochi,Kerala,India,Chittor Road,9.9906496,76.2818488,,,,,,,,,office=company,openstreetmap,"{""openstreetmap"": ""node:5228235623""}","matched: technologies, office=company"
Dynamic Digital Technology Pvt. Ltd.,39.0,medium,Kolkata,West Bengal,India,,22.5733995,88.4359542,,,,,,,,,building=commercial,openstreetmap,"{""openstreetmap"": ""way:358887005""}","matched: technology, digital"
MSQube Technology,39.0,medium,Kolkata,West Bengal,India,,22.6233689,88.4422409,,,,,,,,,office=company,openstreetmap,"{""openstreetmap"": ""node:7149569346""}","matched: technology, office=company"
Honeywell Technology Solutions,39.0,medium,Madurai,Tamil Nadu,India,,9.9382388,78.1708028,,,,,,,,,,openstreetmap,"{""openstreetmap"": ""way:673827537""}","matched: technology, solutions"
Infosys Technologies Limited,39.0,medium,Mangaluru,Karnataka,India,,12.9046307,74.836386,,,,,,,,,office=company,openstreetmap,"{""openstreetmap"": ""way:103721300""}","matched: technologies, office=company"
4Bains Technologies Private Limited,39.0,medium,Mumbai,Maharashtra,India,"T0067, Janta Market Road, Navi Mumbai, 400703",19.0837581,73.0151919,,,,,,,,,office=company,openstreetmap,"{""openstreetmap"": ""node:12048388993""}","matched: technologies, office=company"
Compubee Technologies,39.0,medium,Mumbai,Maharashtra,India,,19.195911,72.9726063,,,,,,,,,office=company,openstreetmap,"{""openstreetmap"": ""node:6432831693""}","matched: technologies, office=company"
Frappé Technologies Private Limited,39.0,medium,Mumbai,Maharashtra,India,"D-324, Mumbai, 400086",19.0800454,72.8960346,,,,,,,,,office=company,openstreetmap,"{""openstreetmap"": ""node:5268038382""}","matched: technologies, office=company"
Magenta Hive Technology,39.0,medium,Mumbai,Maharashtra,India,,19.1674619,72.8535023,,,,,,,,,description=Go Digital Get Visible,openstreetmap,"{""openstreetmap"": ""node:6246094331""}","matched: technology, digital"
Digital Infotech,39.0,medium,New Delhi,Delhi,India,,28.5874594,77.0716136,,,,,,,,,craft=electronics_repair,openstreetmap,"{""openstreetmap"": ""node:12223926050""}","matched: infotech, digital"
Simmtronic Infotech,39.0,medium,Noida,Uttar Pradesh,India,,28.5483325,77.2530042,,,,,,,,,office=company,openstreetmap,"{""openstreetmap"": ""node:8060070052""}","matched: infotech, office=company"
Sparknet Infotech Inc,39.0,medium,Noida,Uttar Pradesh,India,,28.6315202,77.2793923,,+91 11 4214 3203,,,,,,,shop=computer,openstreetmap,"{""openstreetmap"": ""node:9209513164""}","matched: infotech, computer"
Bitcode Technologies,39.0,medium,Pune,Maharashtra,India,,18.5091609,73.812152,,,,,,,,,office=company,openstreetmap,"{""openstreetmap"": ""node:4271156522""}","matched: technologies, office=company"
Eros Infotech,39.0,medium,Pune,Maharashtra,India,,18.5262166,73.9547878,,+91 98224 06015,,,,,,,shop=computer,openstreetmap,"{""openstreetmap"": ""node:13375316739""}","matched: infotech, computer"
Hilti Technology Solutions India Private Limited,39.0,medium,Pune,Maharashtra,India,,18.5675229,73.7764958,,,,,,,,,office=yes,openstreetmap,"{""openstreetmap"": ""node:9626247683""}","matched: technology, solutions"
Wipro Technologies Ltd,39.0,medium,Pune,Maharashtra,India,,18.5994733,73.7189781,,,,,,,,,office=company,openstreetmap,"{""openstreetmap"": ""way:206485494""}","matched: technologies, office=company"
Bigscal Technologies Pvt. Ltd.,39.0,medium,Surat,Gujarat,India,"1st Floor, B - Millenium Point, Railway Station Road, Surat, 395003",21.206244,72.8386669,,,,,,,,,office=company,openstreetmap,"{""openstreetmap"": ""node:13511230283""}","matched: technologies, office=company"
IGDS Technologies Pvt Ltd,39.0,medium,Thiruvananthapuram,Kerala,India,,8.5060587,76.9611388,,,,,,,,,office=company,openstreetmap,"{""openstreetmap"": ""node:13048461936""}","matched: technologies, office=company"
CP Plus Security Solutions,39.0,medium,Visakhapatnam,Andhra Pradesh,India,,17.7276018,83.3101762,,,,,,,,,shop=electronics,openstreetmap,"{""openstreetmap"": ""node:13404049484""}","matched: technologies, solutions"
Embeded technologies,39.0,medium,Visakhapatnam,Andhra Pradesh,India,,17.7086377,83.3137385,,,,,,,,,office=company,openstreetmap,"{""openstreetmap"": ""node:6629468785""}","matched: technologies, office=company"
Sapiential Technologies Pvt Ltd,39.0,medium,Visakhapatnam,Andhra Pradesh,India,,17.729063,83.3043137,,,,,,,,,office=company,openstreetmap,"{""openstreetmap"": ""node:7874192917""}","matched: technologies, office=company"
TriGeo Technologies Private Limited,39.0,medium,Visakhapatnam,Andhra Pradesh,India,,17.7134763,83.3150207,,,,,,,,,office=company,openstreetmap,"{""openstreetmap"": ""node:7246507878""}","matched: technologies, office=company"
Teja Aqua Technologies,39.0,medium,Warangal,Telangana,India,,17.9991283,79.5608646,,,,,,,,,office=company,openstreetmap,"{""openstreetmap"": ""node:6840090620""}","matched: technologies, office=company"
Ashwatthaps,38.0,medium,Ahmedabad,Gujarat,India,,23.0710945,72.5181958,,,,,,,,,office=it,openstreetmap,"{""openstreetmap"": ""node:9985824370""}",matched: office=it
Ganesh Glory 11,38.0,medium,Ahmedabad,Gujarat,India,"E208, SG Highway, ahmedabad, 382470",23.1136923,72.5404916,,,,,,,,,office=it | building=commercial,openstreetmap,"{""openstreetmap"": ""way:1350897973""}",matched: office=it
York IE APAC PVT LTD,38.0,medium,Ahmedabad,Gujarat,India,,23.0245792,72.4787052,,,,,,,,,office=it,openstreetmap,"{""openstreetmap"": ""node:13629167852""}",matched: office=it
9 Stars Pvt Ltd,38.0,medium,Bengaluru,Karnataka,India,,12.9099865,77.599711,,,,,,,,,office=it,openstreetmap,"{""openstreetmap"": ""node:3239821756""}",matched: office=it
[24]7 Inc,38.0,medium,Bengaluru,Karnataka,India,,12.9439517,77.6958612,,,,,,,,,office=it,openstreetmap,"{""openstreetmap"": ""node:3844121788""}",matched: office=it
Acko,38.0,medium,Bengaluru,Karnataka,India,,12.9136382,77.6243013,,,,,,,,,office=it,openstreetmap,"{""openstreetmap"": ""node:11830328853""}",matched: office=it
AdIQuity,38.0,medium,Bengaluru,Karnataka,India,,12.9596106,77.6470086,,,,,,,,,office=it,openstreetmap,"{""openstreetmap"": ""node:3761239277""}",matched: office=it
Advantech,38.0,medium,Bengaluru,Karnataka,India,,12.9364317,77.5482772,,,,,,,,,office=it,openstreetmap,"{""openstreetmap"": ""node:5304601851""}",matched: office=it
AffinityAnswers India,38.0,medium,Bengaluru,Karnataka,India,,12.9237501,77.5742596,,,,,,,,,office=it | building=yes,openstreetmap,"{""openstreetmap"": ""way:352932264""}",matched: office=it
Altiux Innovations Pvt Ltd,38.0,medium,Bengaluru,Karnataka,India,,12.9366691,77.6906079,,,,,,,,,office=it,openstreetmap,"{""openstreetmap"": ""node:3797617070""}",matched: office=it
AmiCorp Management India Pvt Ltd,38.0,medium,Bengaluru,Karnataka,India,,12.9592344,77.6482071,,,,,,,,,office=it,openstreetmap,"{""openstreetmap"": ""node:3797621211""}",matched: office=it
applexus,38.0,medium,Bengaluru,Karnataka,India,,12.930396,77.6842377,,,,,,,,,office=it,openstreetmap,"{""openstreetmap"": ""node:3797602678""}",matched: office=it
Atlas logistics (P) Ltd,38.0,medium,Bengaluru,Karnataka,India,,12.9596797,77.6470485,,,,,,,,,office=it,openstreetmap,"{""openstreetmap"": ""node:3761239275""}",matched: office=it
Avaya,38.0,medium,Bengaluru,Karnataka,India,,12.9735929,77.6170869,,,,,,,,,office=it,openstreetmap,"{""openstreetmap"": ""node:3785899857""}",matched: office=it
BeKcel,38.0,medium,Bengaluru,Karnataka,India,,12.9597633,77.647086,,,,,,,,,office=it,openstreetmap,"{""openstreetmap"": ""node:3761239276""}",matched: office=it
Bitgo,38.0,medium,Bengaluru,Karnataka,India,,12.9337733,77.6210141,,,,,,,,,office=it,openstreetmap,"{""openstreetmap"": ""node:12285677996""}",matched: office=it
Bonatra,38.0,medium,Bengaluru,Karnataka,India,,12.9153199,77.6457149,,,,,,,,,office=it,openstreetmap,"{""openstreetmap"": ""node:11533134011""}",matched: office=it
Cachematrix Integrations Pvt Ltd,38.0,medium,Bengaluru,Karnataka,India,,12.932247,77.6861453,,,,,,,,,office=it,openstreetmap,"{""openstreetmap"": ""node:3798927552""}",matched: office=it
Century Link,38.0,medium,Bengaluru,Karnataka,India,,12.9366901,77.6905542,,,,,,,,,office=it,openstreetmap,"{""openstreetmap"": ""node:3797616142""}",matched: office=it
"Cerner, Mountain Ash H2 Block",38.0,medium,Bengaluru,Karnataka,India,,13.0463766,77.622396,,,,,,,,,office=it,openstreetmap,"{""openstreetmap"": ""node:5756379552""}",matched: office=it
Convate Consuntancy Pvt Ltd,38.0,medium,Bengaluru,Karnataka,India,,12.9595627,77.6570671,,,,,,,,,office=it,openstreetmap,"{""openstreetmap"": ""node:3804505267""}",matched: office=it
Convergeon,38.0,medium,Bengaluru,Karnataka,India,,12.973979,77.6091351,,,,,,,,,office=it,openstreetmap,"{""openstreetmap"": ""node:3808148480""}",matched: office=it
CrimsonLogic,38.0,medium,Bengaluru,Karnataka,India,,12.9591997,77.6545571,,,,,,,,,office=it,openstreetmap,"{""openstreetmap"": ""node:3761477899""}",matched: office=it
Dell,38.0,medium,Bengaluru,Karnataka,India,,12.9383649,77.629499,,,,,,,,,office=it,openstreetmap,"{""openstreetmap"": ""node:1473330334""}",matched: office=it
DynPro India Pvt Ltd,38.0,medium,Bengaluru,Karnataka,India,,12.9744184,77.6144693,,,,,,,,,office=it,openstreetmap,"{""openstreetmap"": ""node:3844324662""}",matched: office=it
Edge Networks,38.0,medium,Bengaluru,Karnataka,India,,12.9743489,77.6149318,,,,,,,,,office=it,openstreetmap,"{""openstreetmap"": ""node:3844334905""}",matched: office=it
Egis Geoplan,38.0,medium,Bengaluru,Karnataka,India,,12.9878444,77.5724179,,,,,,,,,office=it,openstreetmap,"{""openstreetmap"": ""node:3362756710""}",matched: office=it
Emtec,38.0,medium,Bengaluru,Karnataka,India,,12.930179,77.6841894,,,,,,,,,office=it,openstreetmap,"{""openstreetmap"": ""node:3797601851""}",matched: office=it
eMudhra,38.0,medium,Bengaluru,Karnataka,India,,12.9302888,77.6841679,,,,,,,,,office=it,openstreetmap,"{""openstreetmap"": ""node:3797602677""}",matched: office=it
Evry India,38.0,medium,Bengaluru,Karnataka,India,,12.9205262,77.5726151,,,,,,,,,office=it | building=yes,openstreetmap,"{""openstreetmap"": ""way:347080675""}",matched: office=it
Exeter Consulting,38.0,medium,Bengaluru,Karnataka,India,,12.9733302,77.6170347,,,,,,,,,office=it,openstreetmap,"{""openstreetmap"": ""node:3785884273""}",matched: office=it
Eynos Business Solution,38.0,medium,Bengaluru,Karnataka,India,,12.9218542,77.5936252,,,,,,,,,office=it,openstreetmap,"{""openstreetmap"": ""node:7166168515""}",matched: office=it
Fashionara.com,38.0,medium,Bengaluru,Karnataka,India,,12.9608648,77.6365077,,,,,,,,,office=it,openstreetmap,"{""openstreetmap"": ""node:3737698475""}",matched: office=it
GEO Semiconductors,38.0,medium,Bengaluru,Karnataka,India,,12.932311,77.6860557,,,,,,,,,office=it,openstreetmap,"{""openstreetmap"": ""node:3784933470""}",matched: office=it
GKN Aerospace,38.0,medium,Bengaluru,Karnataka,India,,12.9593912,77.6482178,,,,,,,,,office=it,openstreetmap,"{""openstreetmap"": ""node:3797621210""}",matched: office=it
Glomantra eServices Pvt. Ltd.,38.0,medium,Bengaluru,Karnataka,India,"Guava Garden, 5th Block, Koramangala,, 560034",12.9342255,77.6183777,,,,,,,,,office=it,openstreetmap,"{""openstreetmap"": ""node:1831845350""}",matched: office=it
HAL flight Operations & Flight Test Centre,38.0,medium,Bengaluru,Karnataka,India,"HAL old airport road, HAL, bangalore, 560017",12.9542482,77.6795005,,,,,,,,,office=it,openstreetmap,"{""openstreetmap"": ""node:4447011053""}",matched: office=it
Harman India,38.0,medium,Bengaluru,Karnataka,India,,12.9533282,77.6978119,,,,,,,,,office=it,openstreetmap,"{""openstreetmap"": ""node:3606919326""}",matched: office=it
HCL Infosystems Ltd,38.0,medium,Bengaluru,Karnataka,India,,12.9728448,77.6154726,,,,,,,,,office=it,openstreetmap,"{""openstreetmap"": ""node:3844318457""}",matched: office=it
HP Enterprises,38.0,medium,Bengaluru,Karnataka,India,,12.970954,77.7182772,,,,,,,,,office=it | building=office,openstreetmap,"{""openstreetmap"": ""way:494412940""}",matched: office=it
Hyder Consulting,38.0,medium,Bengaluru,Karnataka,India,,12.9595115,77.648309,,,,,,,,,office=it,openstreetmap,"{""openstreetmap"": ""node:3797621964""}",matched: office=it
IBM,38.0,medium,Bengaluru,Karnataka,India,,12.9521371,77.6439273,,,,,,,,,office=it,openstreetmap,"{""openstreetmap"": ""node:11527324082""}",matched: office=it
Indiqube,38.0,medium,Bengaluru,Karnataka,India,,12.9222883,77.6694312,,,,,,,,,office=it,openstreetmap,"{""openstreetmap"": ""node:11903117746""}",matched: office=it
Inter Call,38.0,medium,Bengaluru,Karnataka,India,,12.9595481,77.6482822,,,,,,,,,office=it,openstreetmap,"{""openstreetmap"": ""node:3797621209""}",matched: office=it
International Institute of Information Technology Bangalore,38.0,medium,Bengaluru,Karnataka,India,"26/C Opposite Infosys Gate, 1st Cross Road, Bangalore, 560100",12.8447686,77.6632378,https://www.iiitb.ac.in/,,,,,,,,building=university | amenity=university,openstreetmap,"{""openstreetmap"": ""way:231559501""}","matched: information technology, technology; negative hints: institute"
Intsol Consultants Private Limited,38.0,medium,Bengaluru,Karnataka,India,,12.9581085,77.7009807,,,,,,,,,office=it,openstreetmap,"{""openstreetmap"": ""node:3806502552""}",matched: office=it
Intuit,38.0,medium,Bengaluru,Karnataka,India,,12.9235231,77.6805805,,,,,,,,,office=it,openstreetmap,"{""openstreetmap"": ""node:11836724424""}",matched: office=it
Jfrog,38.0,medium,Bengaluru,Karnataka,India,,12.9241423,77.6711523,,,,,,,,,office=it,openstreetmap,"{""openstreetmap"": ""node:13063824525""}",matched: office=it
Just Dial R&D,38.0,medium,Bengaluru,Karnataka,India,"116-119, 80 Feet Road, Bengaluru, 560030",12.9355941,77.6140895,,,,,,,,,office=it | description=Justdial R&D Office in Koramangala,openstreetmap,"{""openstreetmap"": ""node:5428709397""}",matched: office=it
Kidzmania,38.0,medium,Bengaluru,Karnataka,India,,12.9364212,77.5482939,,,,,,,,,office=it,openstreetmap,"{""openstreetmap"": ""node:5304601853""}",matched: office=it
Knolskape,38.0,medium,Bengaluru,Karnataka,India,"1312, Indiranagar Double Road (Paramahansa Yogananda road), Bangalore, 560038",12.9755505,77.6360774,,,,,,,,,office=it,openstreetmap,"{""openstreetmap"": ""node:6481999773""}",matched: office=it
Mast Global Business Services India,38.0,medium,Bengaluru,Karnataka,India,,13.0464091,77.6227009,,,,,,,,,office=it,openstreetmap,"{""openstreetmap"": ""node:5756379551""}",matched: office=it
Medybiz Pharma,38.0,medium,Bengaluru,Karnataka,India,,12.9608154,77.6370047,,,,,,,,,office=it,openstreetmap,"{""openstreetmap"": ""node:3803145799""}",matched: office=it
Microsoft,38.0,medium,Bengaluru,Karnataka,India,,12.9530664,77.6432554,,,,,,,,,office=it,openstreetmap,"{""openstreetmap"": ""node:4308351914""}",matched: office=it
Moveinsync,38.0,medium,Bengaluru,Karnataka,India,,12.9118526,77.6409371,,,,,,,,,office=it,openstreetmap,"{""openstreetmap"": ""node:12238349339""}",matched: office=it
Navigem Data,38.0,medium,Bengaluru,Karnataka,India,,12.9597398,77.6470189,,,,,,,,,office=it,openstreetmap,"{""openstreetmap"": ""node:3761239274""}",matched: office=it
NoBroker,38.0,medium,Bengaluru,Karnataka,India,,12.9144496,77.6773628,,,,,,,,,office=it,openstreetmap,"{""openstreetmap"": ""node:10248454960""}",matched: office=it
Nuviso Networks Private Limited,38.0,medium,Bengaluru,Karnataka,India,,12.9157717,77.644637,,,,,,,,,office=it,openstreetmap,"{""openstreetmap"": ""node:11533043951""}",matched: office=it
"Omega, Embassy Tech Square",38.0,medium,Bengaluru,Karnataka,India,,12.9350904,77.6935086,,,,,,,,,office=it,openstreetmap,"{""openstreetmap"": ""node:11056202721""}",matched: office=it
Operative,38.0,medium,Bengaluru,Karnataka,India,,12.9322708,77.6861288,,,,,,,,,office=it,openstreetmap,"{""openstreetmap"": ""node:3784933471""}",matched: office=it
Oracle India Pvt. Ltd.,38.0,medium,Bengaluru,Karnataka,India,,12.8998099,77.5972501,,,,,,,,,office=it,openstreetmap,"{""openstreetmap"": ""node:2279521055""}",matched: office=it
Overture,38.0,medium,Bengaluru,Karnataka,India,,12.9319376,77.6860759,,,,,,,,,office=it,openstreetmap,"{""openstreetmap"": ""node:3784933472""}",matched: office=it
PA Consulting Group,38.0,medium,Bengaluru,Karnataka,India,,12.9733477,77.6170119,,,,,,,,,office=it,openstreetmap,"{""openstreetmap"": ""node:3785882542""}",matched: office=it
plumbkart.com,38.0,medium,Bengaluru,Karnataka,India,,12.9712416,77.6182613,,,,,,,,,office=it,openstreetmap,"{""openstreetmap"": ""node:3832920373""}",matched: office=it
Ready Assist,38.0,medium,Bengaluru,Karnataka,India,,12.9203706,77.6501766,,,,,,,,,office=it,openstreetmap,"{""openstreetmap"": ""node:11533053967""}",matched: office=it
Red Bus,38.0,medium,Bengaluru,Karnataka,India,"311, 7th Cross",12.9579291,77.6381379,,,,,,,,,office=it,openstreetmap,"{""openstreetmap"": ""node:3453556792""}",matched: office=it
Riverbed,38.0,medium,Bengaluru,Karnataka,India,,12.9364149,77.6909903,,,,,,,,,office=it,openstreetmap,"{""openstreetmap"": ""node:9903335727""}",matched: office=it
SAGlobal India,38.0,medium,Bengaluru,Karnataka,India,,12.9743212,77.6150015,,,,,,,,,office=it,openstreetmap,"{""openstreetmap"": ""node:3844337732""}",matched: office=it
Salesforce,38.0,medium,Bengaluru,Karnataka,India,,12.9345782,77.694355,,,,,,,,,office=it,openstreetmap,"{""openstreetmap"": ""node:10792859853""}",matched: office=it
Salesforce,38.0,medium,Bengaluru,Karnataka,India,,12.9866395,77.704094,,,,,,,,,office=it,openstreetmap,"{""openstreetmap"": ""node:12287928396""}",matched: office=it
Servelots,38.0,medium,Bengaluru,Karnataka,India,,12.9323002,77.5735496,,,,,,,,,office=it,openstreetmap,"{""openstreetmap"": ""node:494250553""}",matched: office=it
Snapdeal,38.0,medium,Bengaluru,Karnataka,India,,12.9525223,77.6994358,,,,,,,,,office=it,openstreetmap,"{""openstreetmap"": ""node:3584675385""}",matched: office=it
Sooktha Consulting,38.0,medium,Bengaluru,Karnataka,India,,12.8990854,77.6056397,,,,,,,,,office=it,openstreetmap,"{""openstreetmap"": ""node:4304331150""}",matched: office=it
Stoke Networks Pvt Ltd,38.0,medium,Bengaluru,Karnataka,India,,12.9363554,77.6905489,,,,,,,,,office=it,openstreetmap,"{""openstreetmap"": ""node:3797616143""}",matched: office=it
Sunplus,38.0,medium,Bengaluru,Karnataka,India,,12.9643564,77.5965033,,,,,,,,,office=it,openstreetmap,"{""openstreetmap"": ""node:12101733051""}",matched: office=it
TIBCO,38.0,medium,Bengaluru,Karnataka,India,,12.9734001,77.6170135,,,,,,,,,office=it,openstreetmap,"{""openstreetmap"": ""node:3785883596""}",matched: office=it
Unisys Global Services India Pvt Ltd,38.0,medium,Bengaluru,Karnataka,India,,12.9661136,77.599125,,,,,,,,,office=it,openstreetmap,"{""openstreetmap"": ""node:3862100476""}",matched: office=it
Ushur,38.0,medium,Bengaluru,Karnataka,India,,12.9118491,77.6420106,,,,,,,,,office=it,openstreetmap,"{""openstreetmap"": ""node:12238343316""}",matched: office=it
VMware India,38.0,medium,Bengaluru,Karnataka,India,,12.9020928,77.5954682,,,,,,,,,office=it,openstreetmap,"{""openstreetmap"": ""node:4378806596""}",matched: office=it
Whatfix,38.0,medium,Bengaluru,Karnataka,India,,12.911845,77.640786,,,,,,,,,office=it,openstreetmap,"{""openstreetmap"": ""node:12238341979""}",matched: office=it
xactly,38.0,medium,Bengaluru,Karnataka,India,,12.9320448,77.6860597,,,,,,,,,office=it,openstreetmap,"{""openstreetmap"": ""node:3784933468""}",matched: office=it
Yahoo!,38.0,medium,Bengaluru,Karnataka,India,,12.9383178,77.6293408,,,,,,,,,office=it,openstreetmap,"{""openstreetmap"": ""node:1473330339""}",matched: office=it
D V Infosoft,38.0,medium,Bhopal,Madhya Pradesh,India,,23.2284676,77.4358524,,,,,,,,,office=it,openstreetmap,"{""openstreetmap"": ""node:7764524667""}",matched: office=it
Tech Mahindra,38.0,medium,Bhubaneswar,Odisha,India,"maitrivihar, Bhubaneswar, 751023",20.310484,85.8164069,,,,,,,,,office=it,openstreetmap,"{""openstreetmap"": ""node:2895078615""}",matched: office=it
Amson Transformers,38.0,medium,Chandigarh-Mohali,Chandigarh/Punjab,India,,30.7117482,76.6929751,,,,,,,,,office=it,openstreetmap,"{""openstreetmap"": ""node:1830611262""}",matched: office=it
AVON,38.0,medium,Chandigarh-Mohali,Chandigarh/Punjab,India,,30.7141211,76.6897966,,,,,,,,,office=it | building=yes,openstreetmap,"{""openstreetmap"": ""node:1830612202""}",matched: office=it
GillSoft,38.0,medium,Chandigarh-Mohali,Chandigarh/Punjab,India,"1210, JTPL City, Sector 115, Kharar, Mohali, 140301",30.7248739,76.6383614,,,,,,,,,office=it,openstreetmap,"{""openstreetmap"": ""node:13411042375""}",matched: office=it
Jungleworks,38.0,medium,Chandigarh-Mohali,Chandigarh/Punjab,India,,30.6950567,76.8794913,,,,,,,,,office=it | building=yes,openstreetmap,"{""openstreetmap"": ""way:696646480""}",matched: office=it
Railtel Coorporation of India Ltd.,38.0,medium,Chandigarh-Mohali,Chandigarh/Punjab,India,"Railway Station Road, Chandigarh",30.703314,76.8210497,,,,,,,,,office=it,openstreetmap,"{""openstreetmap"": ""node:10872890452""}",matched: office=it
Comcast India Engineering Center,38.0,medium,Chennai,Tamil Nadu,India,,12.9469572,80.2313978,,,,,,,,,office=it,openstreetmap,"{""openstreetmap"": ""node:5936049188""}",matched: office=it
DMedium,38.0,medium,Chennai,Tamil Nadu,India,"FlaatNo G3, Astalakshmi Homes, 10th Street, Ram Nagar, Puzhuthivakkam, Chennai, 600091",12.9708334,80.2121887,,,,,,,,,office=it,openstreetmap,"{""openstreetmap"": ""node:4793224996""}",matched: office=it
Free Software Foundation Tamil Nadu (FSFTN),38.0,medium,Chennai,Tamil Nadu,India,,13.046479,80.2457607,https://fsftn.org,,,,,,,,office=foundation | description=A Part of Free Software Movement of India,openstreetmap,"{""openstreetmap"": ""node:6315542831""}",matched: software
G P Strategies,38.0,medium,Chennai,Tamil Nadu,India,,12.9680511,80.2478994,,,,,,,,,office=it,openstreetmap,"{""openstreetmap"": ""node:12153386392""}",matched: office=it
Gamesa,38.0,medium,Chennai,Tamil Nadu,India,,12.909789,80.2258531,,,,,,,,,office=it,openstreetmap,"{""openstreetmap"": ""node:3681834858""}",matched: office=it
HTC Global Servicces,38.0,medium,Chennai,Tamil Nadu,India,,12.9435619,80.1194708,,,,,,,,,office=it | building=yes,openstreetmap,"{""openstreetmap"": ""way:469253617""}",matched: office=it
Nibav Towers - Nibav lifts,38.0,medium,Chennai,Tamil Nadu,India,,12.9572045,80.2505608,,,,,,,,,office=it,openstreetmap,"{""openstreetmap"": ""node:11680166045""}",matched: office=it
Official Gates,38.0,medium,Chennai,Tamil Nadu,India,,13.084853,80.2245512,,,,,,,,,office=it,openstreetmap,"{""openstreetmap"": ""node:4426284855""}",matched: office=it
PayPal,38.0,medium,Chennai,Tamil Nadu,India,"334, Rajiv Gandhi Salai, Chennai",12.9096628,80.2268988,,,,,,,,,office=it | building=yes,openstreetmap,"{""openstreetmap"": ""way:355100244""}",matched: office=it
Prestige Cyber Towers,38.0,medium,Chennai,Tamil Nadu,India,"Rajiv Gandhi Salai, Karapakkam",12.9122028,80.2275533,,,,,,,,,office=it,openstreetmap,"{""openstreetmap"": ""node:4412742151""}",matched: office=it
Siri Towers,38.0,medium,Chennai,Tamil Nadu,India,"Fourrts Avenue, Thuraipakkam, Chennai, 600096",12.9296077,80.2337156,,,,,,,,,office=it | building=yes,openstreetmap,"{""openstreetmap"": ""way:319255277""}",matched: office=it
Trail cloud innovation services Pvt.Ltd,38.0,medium,Chennai,Tamil Nadu,India,"187/188, Thiruvalluvar salai",13.0817411,80.1799131,https://www.trail.do/,,,,,none,2026-06-14T20:16:57+00:00,homepage fetch failed: ConnectionError; https://www.trail.do/jobs: ConnectionError; https://www.trail.do/jobs/: ConnectionError; https://www.trail.do/career: ConnectionError; no careers page detected,office=company,openstreetmap,"{""openstreetmap"": ""node:5372430634""}","matched: cloud, office=company"
Trumatics,38.0,medium,Chennai,Tamil Nadu,India,"6th Main Road, Chennai, 600042",12.9716586,80.2146452,,,,,,,,,office=it,openstreetmap,"{""openstreetmap"": ""node:5167730830""}",matched: office=it
Zanec,38.0,medium,Chennai,Tamil Nadu,India,"3, 4, Fourrts Avenue, Thuraipakkam, Chennai, 600097",12.9297292,80.2335815,,,,,,,,,office=it,openstreetmap,"{""openstreetmap"": ""node:3256666199""}",matched: office=it
Bosch,38.0,medium,Coimbatore,Tamil Nadu,India,"Vilankuruchi Road, Coimbatore",11.0323491,77.0193122,,,,,,,,,office=it,openstreetmap,"{""openstreetmap"": ""node:2590582994""}",matched: office=it
LTI Mind Tree,38.0,medium,Coimbatore,Tamil Nadu,India,,10.9313605,76.9778018,,,,,,,,,office=it,openstreetmap,"{""openstreetmap"": ""node:13249353725""}",matched: office=it
"VerveGen- EdTech, Software Training, Internship and Development Company",38.0,medium,Dehradun,Uttarakhand,India,"Ballupur Road, Dehraun, 248001",30.3322713,78.0104171,https://edtech.vervegen.com/,,,,,none,2026-06-14T20:16:59+00:00,homepage fetch failed: SSLError; https://edtech.vervegen.com/jobs: HTTPError; https://edtech.vervegen.com/jobs/: HTTPError; https://edtech.vervegen.com/career: HTTPError; no careers page detected,office=educational_institution,openstreetmap,"{""openstreetmap"": ""node:10875904400""}",matched: software
INFOSENSE HOUSE,38.0,medium,Gandhinagar,Gujarat,India,"135, Raysan, 382421",23.1596587,72.6492692,,,,,,,,,office=it | building=commercial,openstreetmap,"{""openstreetmap"": ""way:1331910729""}",matched: office=it
Odoo / OpenERP / TinyERP pvt ltd,38.0,medium,Gandhinagar,Gujarat,India,"16,17",23.1934227,72.6376884,,,,,,,,,office=it,openstreetmap,"{""openstreetmap"": ""node:3357264062""}",matched: office=it
Tower 2,38.0,medium,Gandhinagar,Gujarat,India,,23.1928817,72.6378161,,,,,,,,,office=it | building=commercial,openstreetmap,"{""openstreetmap"": ""way:310366759""}",matched: office=it
Veda,38.0,medium,Guntur,Andhra Pradesh,India,"Vidyanagar 1st line, GUNTUR, 522007",16.3174702,80.4260201,,,,,,,,,office=it | building=yes,openstreetmap,"{""openstreetmap"": ""way:410569243""}",matched: office=it
Guavus Network Systems1,38.0,medium,Gurugram,Haryana,India,,28.4972656,77.0864999,,,,,,,,,office=it,openstreetmap,"{""openstreetmap"": ""node:3749005710""}",matched: office=it
NIIT,38.0,medium,Gurugram,Haryana,India,,28.4314583,77.0155773,,,,,,,,,office=it,openstreetmap,"{""openstreetmap"": ""node:5624723857""}",matched: office=it
Phoenix Tech Consulting,38.0,medium,Gurugram,Haryana,India,,28.4069323,77.0422915,,,,,,,,,office=it,openstreetmap,"{""openstreetmap"": ""node:13452367201""}",matched: office=it
The Hitech Robotics Systemz,38.0,medium,Gurugram,Haryana,India,A,28.429763,77.0160847,,,,,,,,,office=it,openstreetmap,"{""openstreetmap"": ""node:5624705981""}",matched: office=it
37 Media,38.0,medium,Hyderabad,Telangana,India,,17.4426807,78.3861367,,,,,,,,,office=it,openstreetmap,"{""openstreetmap"": ""node:7021303620""}",matched: office=it
Aadithya IT Service,38.0,medium,Hyderabad,Telangana,India,,17.4423936,78.387371,,,,,,,,,office=it,openstreetmap,"{""openstreetmap"": ""node:7021303627""}",matched: office=it
Abridge Sol,38.0,medium,Hyderabad,Telangana,India,,17.4423806,78.3861538,,,,,,,,,office=it,openstreetmap,"{""openstreetmap"": ""node:7021303632""}",matched: office=it
Accenture Services Private Limited,38.0,medium,Hyderabad,Telangana,India,,17.4190919,78.3482425,,,,,,,,,office=it,openstreetmap,"{""openstreetmap"": ""node:13021184118""}",matched: office=it
ADP,38.0,medium,Hyderabad,Telangana,India,,17.41538,78.3542806,,,,,,,,,office=it,openstreetmap,"{""openstreetmap"": ""node:11447371958""}",matched: office=it
Apex Covantage,38.0,medium,Hyderabad,Telangana,India,,17.4424234,78.3874247,,,,,,,,,office=it,openstreetmap,"{""openstreetmap"": ""node:7021303634""}",matched: office=it
Big C corporate Office,38.0,medium,Hyderabad,Telangana,India,,17.4424394,78.3853676,,,,,,,,,office=it,openstreetmap,"{""openstreetmap"": ""node:7021303643""}",matched: office=it
CADVision Engineers Pvt Ltd,38.0,medium,Hyderabad,Telangana,India,,17.4509736,78.3858634,,,,,,,,,office=it,openstreetmap,"{""openstreetmap"": ""node:7021303668""}",matched: office=it
CSR IMPEX Private Limited,38.0,medium,Hyderabad,Telangana,India,,17.4450609,78.4002668,,,,,,,,,office=it,openstreetmap,"{""openstreetmap"": ""node:7025820770""}",matched: office=it
DLF park,38.0,medium,Hyderabad,Telangana,India,,17.4475097,78.3549186,,,,,,,,,office=it,openstreetmap,"{""openstreetmap"": ""node:5405055429""}",matched: office=it
ENH iSecure Pvt Ltd,38.0,medium,Hyderabad,Telangana,India,,17.4453869,78.3980799,,,,,,,,,office=it,openstreetmap,"{""openstreetmap"": ""node:7025820777""}",matched: office=it
Evergent,38.0,medium,Hyderabad,Telangana,India,,17.4226031,78.3470936,,,,,,,,,office=it,openstreetmap,"{""openstreetmap"": ""node:11447371959""}",matched: office=it
Fedex ACC Hyderabad,38.0,medium,Hyderabad,Telangana,India,,17.4266377,78.3404173,,,,,,,,,office=it,openstreetmap,"{""openstreetmap"": ""node:11447371962""}",matched: office=it
Genpact,38.0,medium,Hyderabad,Telangana,India,,17.4850693,78.3588343,,,,,,,,,office=it | building=yes,openstreetmap,"{""openstreetmap"": ""way:782005880""}",matched: office=it
Hatch Force,38.0,medium,Hyderabad,Telangana,India,,17.4436259,78.4699308,,,,,,,,,office=it,openstreetmap,"{""openstreetmap"": ""node:3010469787""}",matched: office=it
ICS Tech Service Pvt Ltd,38.0,medium,Hyderabad,Telangana,India,,17.4396921,78.3854689,,,,,,,,,office=it,openstreetmap,"{""openstreetmap"": ""node:7021303615""}",matched: office=it
"International Institute of Information Technology, Hyderabad",38.0,medium,Hyderabad,Telangana,India,"Prof. CR Rao Road, Gachibowli, Hyderabad, 500032",17.4454142,78.3482464,https://www.iiit.ac.in/,,,,,,,,amenity=university,openstreetmap,"{""openstreetmap"": ""way:31355320""}","matched: information technology, technology; negative hints: institute"
Jaini pvt ltd.,38.0,medium,Hyderabad,Telangana,India,,17.4581182,78.371696,,,,,,,,,office=it,openstreetmap,"{""openstreetmap"": ""node:3490944915""}",matched: office=it
Kapston,38.0,medium,Hyderabad,Telangana,India,,17.4501266,78.3869884,,,,,,,,,office=it,openstreetmap,"{""openstreetmap"": ""node:6935208973""}",matched: office=it
Karvy,38.0,medium,Hyderabad,Telangana,India,,17.4497721,78.3870909,,,,,,,,,office=it,openstreetmap,"{""openstreetmap"": ""node:6935240991""}",matched: office=it
Karvy,38.0,medium,Hyderabad,Telangana,India,"Road No 2, Financial District, Hyderabad",17.4218589,78.3328074,,,,,,,,,office=it,openstreetmap,"{""openstreetmap"": ""node:7248877417""}",matched: office=it
Laxmi Infobahn,38.0,medium,Hyderabad,Telangana,India,,17.406908,78.3237268,,,,,,,,,office=it | building=yes,openstreetmap,"{""openstreetmap"": ""way:773812175""}",matched: office=it
Microchip Hyderabad,38.0,medium,Hyderabad,Telangana,India,,17.4008497,78.3384549,,,,,,,,,office=it,openstreetmap,"{""openstreetmap"": ""node:11447353970""}",matched: office=it
Omega IT Professionals Pvt Ltd,38.0,medium,Hyderabad,Telangana,India,,17.4385871,78.3952496,,,,,,,,,office=it,openstreetmap,"{""openstreetmap"": ""node:7025820765""}",matched: office=it
OnePlus,38.0,medium,Hyderabad,Telangana,India,,17.4228419,78.3469795,,,,,,,,,office=it,openstreetmap,"{""openstreetmap"": ""node:11447371961""}",matched: office=it
Oracle Campus Phase 1,38.0,medium,Hyderabad,Telangana,India,,17.4499285,78.373699,,,,,,,,,office=it | building=yes,openstreetmap,"{""openstreetmap"": ""way:90465066""}",matched: office=it
Pearson Prometric center,38.0,medium,Hyderabad,Telangana,India,hyderabad,17.4253124,78.4248624,,,,,,,,,office=it,openstreetmap,"{""openstreetmap"": ""node:3159027259""}",matched: office=it
Prog9 Softtech Private Ltd,38.0,medium,Hyderabad,Telangana,India,,17.4424393,78.3873089,,,,,,,,,office=it,openstreetmap,"{""openstreetmap"": ""node:7021303631""}",matched: office=it
RMSI,38.0,medium,Hyderabad,Telangana,India,,17.4352373,78.3857761,,,,,,,,,office=it,openstreetmap,"{""openstreetmap"": ""node:7035236544""}",matched: office=it
Software Engineering Research Centre,38.0,medium,Hyderabad,Telangana,India,"IIIT Hyderabad, Hyderabad, 500032",17.4457587,78.3487339,https://serc.iiit.ac.in/,,,,,,,,office=research,openstreetmap,"{""openstreetmap"": ""node:13849668773""}",matched: software
Sri Kakatiya Industries (India)Pvt.ltd,38.0,medium,Hyderabad,Telangana,India,,17.4351204,78.3938267,,,,,,,,,office=it,openstreetmap,"{""openstreetmap"": ""node:7025820808""}",matched: office=it
Sufisoft Pvt Ltd,38.0,medium,Hyderabad,Telangana,India,,17.4424896,78.3873649,,,,,,,,,office=it,openstreetmap,"{""openstreetmap"": ""node:7021303625""}",matched: office=it
Sutherland Global Service,38.0,medium,Hyderabad,Telangana,India,"lancohills Road, Hyderabad",17.412001,78.3705553,,,,,,,,,office=it,openstreetmap,"{""openstreetmap"": ""node:7244175919""}",matched: office=it
Swan Environmental Pvt Ltd,38.0,medium,Hyderabad,Telangana,India,922,17.4495782,78.3927097,,,,,,,,,office=it | building=yes,openstreetmap,"{""openstreetmap"": ""way:356182760""}",matched: office=it
Syena Infosoft Pvt Ltd,38.0,medium,Hyderabad,Telangana,India,,17.4517941,78.3877715,,,,,,,,,office=it,openstreetmap,"{""openstreetmap"": ""node:7021303676""}",matched: office=it
Tech Mahindra,38.0,medium,Hyderabad,Telangana,India,"Plot No. 22 to 34, Hi-Tech City, Madhapur, hyderabad, 500081",17.4519323,78.3739365,,,,,,,,,office=it | building=commercial,openstreetmap,"{""openstreetmap"": ""relation:5167102""}",matched: office=it
Tech Mahindra SEZ,38.0,medium,Hyderabad,Telangana,India,,17.5714207,78.4354075,,,,,,,,,office=it,openstreetmap,"{""openstreetmap"": ""way:846811095""}",matched: office=it
Technovert,38.0,medium,Hyderabad,Telangana,India,,17.4373379,78.393206,,,,,,,,,office=it,openstreetmap,"{""openstreetmap"": ""node:7025820844""}",matched: office=it
ux reactor india pvt,38.0,medium,Hyderabad,Telangana,India,,17.489193,78.3930605,,,,,,,,,office=it,openstreetmap,"{""openstreetmap"": ""node:7246498936""}",matched: office=it
Varsity Management pvt ltd,38.0,medium,Hyderabad,Telangana,India,,17.448758,78.3917836,,,,,,,,,office=it,openstreetmap,"{""openstreetmap"": ""node:7025820819""}",matched: office=it
Web Syn,38.0,medium,Hyderabad,Telangana,India,,17.4348029,78.3875868,,,,,,,,,office=it,openstreetmap,"{""openstreetmap"": ""node:7025820754""}",matched: office=it
WebFurther India Pvt. Ltd.,38.0,medium,Hyderabad,Telangana,India,,17.4500391,78.3861339,,,,,,,,,office=it,openstreetmap,"{""openstreetmap"": ""node:7021303682""}",matched: office=it
Wells Fargo Tower 4,38.0,medium,Hyderabad,Telangana,India,,17.4249716,78.3774987,,,,,,,,,office=it | building=yes,openstreetmap,"{""openstreetmap"": ""way:1299545984""}",matched: office=it
Wellsfargo,38.0,medium,Hyderabad,Telangana,India,"Old Bombay Highway, Raidurgam, Hyderabad",17.4243166,78.3788008,,,,,,,,,office=it,openstreetmap,"{""openstreetmap"": ""node:7248877411""}",matched: office=it
Wipro Campus,38.0,medium,Hyderabad,Telangana,India,,17.4261764,78.3432427,,,,,,,,,office=it,openstreetmap,"{""openstreetmap"": ""way:186440854""}",matched: office=it
Teleperformance,38.0,medium,Indore,Madhya Pradesh,India,,22.7455431,75.8925032,,,,,,,,,office=it,openstreetmap,"{""openstreetmap"": ""node:9515853654""}",matched: office=it
Arya College of Engineering and Information Technology,38.0,medium,Jaipur,Rajasthan,India,"SP-40, RIICO Industrial Area, Kukas, Delhi Road, Jaipur Rajasthan - 302028",27.0293391,75.8934479,https://www.aryacollege.org/,,,,,,,,amenity=college,openstreetmap,"{""openstreetmap"": ""way:237962349""}","matched: information technology, technology; negative hints: college"
eSageIT,38.0,medium,Jaipur,Rajasthan,India,,26.9112175,75.7311835,,,,,,,,,office=it,openstreetmap,"{""openstreetmap"": ""node:6531727798""}",matched: office=it
Genpact,38.0,medium,Jaipur,Rajasthan,India,,26.8504389,75.8042061,,,,,,,,,office=it | building=yes,openstreetmap,"{""openstreetmap"": ""node:4361473989""}",matched: office=it
Genpact - Sitapura,38.0,medium,Jaipur,Rajasthan,India,IT Park Road,26.7787918,75.8393889,,,,,,,,,office=it,openstreetmap,"{""openstreetmap"": ""way:863560490""}",matched: office=it
Teleperfomance - Sitapura,38.0,medium,Jaipur,Rajasthan,India,,26.7789861,75.8405894,,,,,,,,,office=it,openstreetmap,"{""openstreetmap"": ""node:8044543760""}",matched: office=it
Abdul Saleem,38.0,medium,Kochi,Kerala,India,,10.0661793,76.3867715,,,,,,,,,office=it,openstreetmap,"{""openstreetmap"": ""node:7492238837""}",matched: office=it
Athulya Info Media,38.0,medium,Kochi,Kerala,India,,9.9767868,76.2868956,,,,,,,,,office=it,openstreetmap,"{""openstreetmap"": ""node:12151273127""}",matched: office=it
Coastal Infocom,38.0,medium,Kochi,Kerala,India,,9.9737752,76.3132818,,,,,,,,,office=it | building=yes,openstreetmap,"{""openstreetmap"": ""way:1177278441""}",matched: office=it
Codepoint,38.0,medium,Kochi,Kerala,India,,9.9680181,76.3051523,,,,,,,,,office=it,openstreetmap,"{""openstreetmap"": ""node:7227121782""}",matched: office=it
Compuage Infocom,38.0,medium,Kochi,Kerala,India,,9.9636254,76.3044995,,,,,,,,,office=it,openstreetmap,"{""openstreetmap"": ""node:11222245175""}",matched: office=it
Corus,38.0,medium,Kochi,Kerala,India,,9.9674764,76.3047315,,,,,,,,,office=it,openstreetmap,"{""openstreetmap"": ""node:11384139967""}",matched: office=it
Credenz Tech,38.0,medium,Kochi,Kerala,India,,9.9636691,76.2981104,,,,,,,,,office=it,openstreetmap,"{""openstreetmap"": ""node:7470419924""}",matched: office=it
Dotz Web,38.0,medium,Kochi,Kerala,India,,9.9603976,76.2890809,,,,,,,,,office=it,openstreetmap,"{""openstreetmap"": ""node:12030958631""}",matched: office=it
Enlyt Tech,38.0,medium,Kochi,Kerala,India,,9.9522031,76.3367625,,,,,,,,,office=it,openstreetmap,"{""openstreetmap"": ""node:12016324521""}",matched: office=it
Fortune Marketing,38.0,medium,Kochi,Kerala,India,,9.9626886,76.2977844,,,,,,,,,office=it,openstreetmap,"{""openstreetmap"": ""node:12023102322""}",matched: office=it
iHub Research & Robotics,38.0,medium,Kochi,Kerala,India,,9.9652815,76.2939826,,,,,,,,,office=it,openstreetmap,"{""openstreetmap"": ""node:12409978176""}",matched: office=it
Infogein,38.0,medium,Kochi,Kerala,India,,9.9686262,76.3048822,,,,,,,,,office=it,openstreetmap,"{""openstreetmap"": ""node:11384110166""}",matched: office=it
Kerala Matrimony,38.0,medium,Kochi,Kerala,India,,9.9592961,76.2892147,,,,,,,,,office=it,openstreetmap,"{""openstreetmap"": ""node:12023362859""}",matched: office=it
Koyal CAD Designing,38.0,medium,Kochi,Kerala,India,,9.9635962,76.3031319,,,,,,,,,office=it,openstreetmap,"{""openstreetmap"": ""node:11222240557""}",matched: office=it
Med Ennove 8,38.0,medium,Kochi,Kerala,India,,9.9505705,76.3027407,,,,,,,,,office=it,openstreetmap,"{""openstreetmap"": ""node:11132025769""}",matched: office=it
Moni Pluz,38.0,medium,Kochi,Kerala,India,,9.9505677,76.3027623,,,,,,,,,office=it,openstreetmap,"{""openstreetmap"": ""node:11132025745""}",matched: office=it
Muziris Softech,38.0,medium,Kochi,Kerala,India,,9.9566208,76.2953061,,,,,,,,,office=it,openstreetmap,"{""openstreetmap"": ""node:12393747031""}",matched: office=it
MVS Glob Soft,38.0,medium,Kochi,Kerala,India,,9.966593,76.3046658,,,,,,,,,office=it,openstreetmap,"{""openstreetmap"": ""node:7471881110""}",matched: office=it
NeST IT,38.0,medium,Kochi,Kerala,India,,10.04813,76.3183926,,,,,,,,,office=it,openstreetmap,"{""openstreetmap"": ""node:8025440490""}",matched: office=it
Pin Kerala,38.0,medium,Kochi,Kerala,India,,9.9632897,76.2955381,,,,,,,,,office=it,openstreetmap,"{""openstreetmap"": ""node:11242038299""}",matched: office=it
Riposta,38.0,medium,Kochi,Kerala,India,,9.9689017,76.2924018,,,,,,,,,office=it,openstreetmap,"{""openstreetmap"": ""node:11235995705""}",matched: office=it
SGI Netronics,38.0,medium,Kochi,Kerala,India,,9.9604636,76.2949564,,,,,,,,,office=it,openstreetmap,"{""openstreetmap"": ""node:11241021664""}",matched: office=it
Tranzmedia,38.0,medium,Kochi,Kerala,India,,9.9601818,76.2960999,,,,,,,,,office=it,openstreetmap,"{""openstreetmap"": ""node:12486068741""}",matched: office=it
Urban Company,38.0,medium,Kochi,Kerala,India,,9.9685932,76.2858657,,,,,,,,,office=it,openstreetmap,"{""openstreetmap"": ""node:11132624146""}",matched: office=it
WebIndia123.com,38.0,medium,Kochi,Kerala,India,,9.9672196,76.2861222,,,,,,,,,office=it,openstreetmap,"{""openstreetmap"": ""node:12378615069""}",matched: office=it
World Viewer Dot Com,38.0,medium,Kochi,Kerala,India,,9.9643133,76.2975478,,,,,,,,,office=it,openstreetmap,"{""openstreetmap"": ""node:12023048237""}",matched: office=it
WPG C&C Computers & Peripherals,38.0,medium,Kochi,Kerala,India,,9.9621593,76.2983592,,,,,,,,,office=it,openstreetmap,"{""openstreetmap"": ""node:12455660478""}",matched: office=it
Zerone Consulting,38.0,medium,Kochi,Kerala,India,"106, Lulu Cyber Tower, InfoPark Express Way, Kakkanad, 682048",10.0102036,76.3655312,,,,,,,,,office=it,openstreetmap,"{""openstreetmap"": ""node:5406654379""}",matched: office=it
Asyst Park,38.0,medium,Kolkata,West Bengal,India,"GN 37/1, Salt Lake Sector 5, 700091",22.5720063,88.4308762,,,,,,,,,office=it | building=yes,openstreetmap,"{""openstreetmap"": ""way:362948114""}",matched: office=it
Einetic,38.0,medium,Kolkata,West Bengal,India,,22.607218,88.4025331,,,,,,,,,office=it,openstreetmap,"{""openstreetmap"": ""node:13771577845""}",matched: office=it
Lexmark International Pvt Ltd,38.0,medium,Kolkata,West Bengal,India,,22.5833115,88.4482536,,,,,,,,,office=it,openstreetmap,"{""openstreetmap"": ""node:3502906053""}",matched: office=it
HCL IT-03,38.0,medium,Lucknow,Uttar Pradesh,India,,26.7930142,81.0245105,,,,,,,,,office=it | building=yes,openstreetmap,"{""openstreetmap"": ""way:1258318817""}",matched: office=it
HCL Office,38.0,medium,Lucknow,Uttar Pradesh,India,,26.7917936,81.0239982,,,,,,,,,office=it | building=yes,openstreetmap,"{""openstreetmap"": ""way:1258317942""}",matched: office=it
HCL SDC 2,38.0,medium,Lucknow,Uttar Pradesh,India,,26.7909791,81.0254842,,,,,,,,,office=it | building=yes,openstreetmap,"{""openstreetmap"": ""way:1258319597""}",matched: office=it
Tata Consultancy Services,38.0,medium,Lucknow,Uttar Pradesh,India,,26.8673852,81.0085569,,,,,,,,,office=it | building=yes,openstreetmap,"{""openstreetmap"": ""way:211514990""}",matched: office=it
"A Wing, Technocity",38.0,medium,Mumbai,Maharashtra,India,,19.1143042,73.0140494,,,,,,,,,office=it | building=yes,openstreetmap,"{""openstreetmap"": ""way:353749236""}",matched: office=it
Accenture,38.0,medium,Mumbai,Maharashtra,India,,19.1028698,72.9214911,,,,,,,,,office=it | building=yes,openstreetmap,"{""openstreetmap"": ""way:352987352""}",matched: office=it
Ashar IT Park,38.0,medium,Mumbai,Maharashtra,India,Thane (west),19.1982899,72.9539408,,,,,,,,,office=it,openstreetmap,"{""openstreetmap"": ""way:319834227""}",matched: office=it
Atos,38.0,medium,Mumbai,Maharashtra,India,,19.1631863,73.0028592,,,,,,,,,office=it,openstreetmap,"{""openstreetmap"": ""node:13853049192""}",matched: office=it
BookMyShow Office,38.0,medium,Mumbai,Maharashtra,India,,19.1089006,72.8548606,,,,,,,,,office=it,openstreetmap,"{""openstreetmap"": ""node:11426733288""}",matched: office=it
Cognizant,38.0,medium,Mumbai,Maharashtra,India,,19.1629119,73.0036568,,,,,,,,,office=it,openstreetmap,"{""openstreetmap"": ""node:13853049193""}",matched: office=it
Framestore,38.0,medium,Mumbai,Maharashtra,India,,19.1523721,72.8542998,,,,,,,,,office=it,openstreetmap,"{""openstreetmap"": ""node:11064884075""}",matched: office=it
G Grop Tech Park,38.0,medium,Mumbai,Maharashtra,India,,19.2663428,72.9653821,,,,,,,,,office=it,openstreetmap,"{""openstreetmap"": ""node:2902109610""}",matched: office=it
IBM,38.0,medium,Mumbai,Maharashtra,India,,19.1632172,73.0037335,,,,,,,,,office=it,openstreetmap,"{""openstreetmap"": ""node:13853049194""}",matched: office=it
Meta,38.0,medium,Mumbai,Maharashtra,India,"ONE BKC, 7th Floor, C-32 G Block, Bandra Kurla Complex, Bandra (East), Mumbai, 400051",19.0608421,72.8650999,,,,,,,,,office=it,openstreetmap,"{""openstreetmap"": ""node:4271113411""}",matched: office=it
Rediff.com,38.0,medium,Mumbai,Maharashtra,India,"1st Floor, L.J. Road No.1, 400016",19.0419654,72.8429059,,,,,,,,,office=it | building=yes,openstreetmap,"{""openstreetmap"": ""node:1383322788""}",matched: office=it
Technocity,38.0,medium,Mumbai,Maharashtra,India,,19.1138568,73.0122888,,,,,,,,,office=it | building=yes,openstreetmap,"{""openstreetmap"": ""way:353772552""}",matched: office=it
6Simplex,38.0,medium,Nagpur,Maharashtra,India,"30, Ambazhari Hilltop, Nagpur, 440033",21.1366314,79.0510026,https://6simplex.co.in/,,,,,,,,"description=GIS Software Development, ArcObjects, ArcGIS Server, ArcGIS JavaScript API, GeoTools, GeoServer, OpenLayers, ArcGIS Android, Google Maps",openstreetmap,"{""openstreetmap"": ""node:5045666758""}",matched: software
Vodafone,38.0,medium,New Delhi,Delhi,India,"27, Inner Circle, Connaught Place, New Delhi, 110001",28.6338612,77.2214817,,,,,,,,,office=it,openstreetmap,"{""openstreetmap"": ""node:3991739825""}",matched: office=it
"Arohan infocare Private Limited
आरोहण इन्फोकेयर प्राइवेट लिमिटेड",38.0,medium,Noida,Uttar Pradesh,India,,28.6128491,77.3779205,,,,,,,,,office=it,openstreetmap,"{""openstreetmap"": ""node:11670008888""}",matched: office=it
Globus IT Park,38.0,medium,Noida,Uttar Pradesh,India,,28.478874,77.4783439,,,,,,,,,office=it,openstreetmap,"{""openstreetmap"": ""node:7835031245""}",matched: office=it
PureSoftware,38.0,medium,Noida,Uttar Pradesh,India,"B9-A, 3rd Floor, Tower B, Green Boulevard, Sector 62, Noida - 201301",28.6231687,77.3671322,,,,,,,,,office=it,openstreetmap,"{""openstreetmap"": ""node:11170988053""}",matched: office=it
Dreamlogic Infosystems,38.0,medium,Panaji/Goa,Goa,India,"4B-G3, Models Complex, Amralwado, panjim, 403002",15.4696134,73.8232276,,,,,,,,,office=it,openstreetmap,"{""openstreetmap"": ""node:6490629831""}",matched: office=it
GoanWap.Com,38.0,medium,Panaji/Goa,Goa,India,,15.5592665,73.7535411,,,,,,,,,office=it,openstreetmap,"{""openstreetmap"": ""node:1291377725""}",matched: office=it
Tata Consultancy Services,38.0,medium,Panaji/Goa,Goa,India,,15.5936735,73.8159189,,,,,,,,,office=it,openstreetmap,"{""openstreetmap"": ""way:1376645663""}",matched: office=it
Apexon,38.0,medium,Pune,Maharashtra,India,,18.578994,73.7385633,,,,,,,,,office=it,openstreetmap,"{""openstreetmap"": ""node:11336819135""}",matched: office=it
Applus+ IDIADA,38.0,medium,Pune,Maharashtra,India,,18.5315347,73.8709175,,,,,,,,,office=it,openstreetmap,"{""openstreetmap"": ""node:11680902125""}",matched: office=it
Birlamedisoft,38.0,medium,Pune,Maharashtra,India,,18.5602769,73.9190716,,,,,,,,,office=it,openstreetmap,"{""openstreetmap"": ""node:4624928645""}",matched: office=it
Bitwise,38.0,medium,Pune,Maharashtra,India,,18.5568704,73.7693739,,,,,,,,,office=it,openstreetmap,"{""openstreetmap"": ""way:652015864""}",matched: office=it
Calsoft Pvt. Ltd.,38.0,medium,Pune,Maharashtra,India,"S.No. 320/1/C, Bavdhan, Mumbai Pune Bypass Road  *  Katraj-Dehu Rd Bypass, Pune, 411021",18.5207577,73.7682707,,,,,,,,,office=it,openstreetmap,"{""openstreetmap"": ""node:7069410754""}",matched: office=it
Cybage Software Pvt Ltd,38.0,medium,Pune,Maharashtra,India,"Central Avenue, Pune, 411014",18.5458213,73.9120357,https://www.cybage.com/,,,,,,,,,openstreetmap,"{""openstreetmap"": ""way:438991867""}",matched: software
Darwish Cybertech,38.0,medium,Pune,Maharashtra,India,,18.5790946,73.7387372,,,,,,,,,office=it,openstreetmap,"{""openstreetmap"": ""node:11336819139""}",matched: office=it
Dassault Systèmes,38.0,medium,Pune,Maharashtra,India,,18.5788794,73.7400812,,,,,,,,,office=it,openstreetmap,"{""openstreetmap"": ""node:11336819130""}",matched: office=it
FIS,38.0,medium,Pune,Maharashtra,India,,18.5638628,73.8069919,,,,,,,,,office=it,openstreetmap,"{""openstreetmap"": ""node:6131097720""}",matched: office=it
Globant,38.0,medium,Pune,Maharashtra,India,,18.5789716,73.7392412,,,,,,,,,office=it,openstreetmap,"{""openstreetmap"": ""node:11336819136""}",matched: office=it
GS LAB,38.0,medium,Pune,Maharashtra,India,"Baner Road, Pune",18.5566892,73.7939139,,,,,,,,,office=it,openstreetmap,"{""openstreetmap"": ""node:5788782066""}",matched: office=it
IBM,38.0,medium,Pune,Maharashtra,India,,18.6056579,73.7158197,,,,,,,,,office=it | building=office,openstreetmap,"{""openstreetmap"": ""way:174500417""}",matched: office=it
LTI Mindtree,38.0,medium,Pune,Maharashtra,India,,18.579251,73.7393119,,,,,,,,,office=it,openstreetmap,"{""openstreetmap"": ""node:11336819144""}",matched: office=it
Microland,38.0,medium,Pune,Maharashtra,India,,18.5791449,73.739082,,,,,,,,,office=it,openstreetmap,"{""openstreetmap"": ""node:11336819133""}",matched: office=it
NCS,38.0,medium,Pune,Maharashtra,India,,18.579251,73.7387755,,,,,,,,,office=it,openstreetmap,"{""openstreetmap"": ""node:11336819151""}",matched: office=it
OLA head office,38.0,medium,Pune,Maharashtra,India,,18.5330973,73.8710146,,,,,,,,,office=it,openstreetmap,"{""openstreetmap"": ""node:11680904838""}",matched: office=it
PubMatic,38.0,medium,Pune,Maharashtra,India,,18.5666343,73.771989,,,,,,,,,office=it,openstreetmap,"{""openstreetmap"": ""node:6128879920""}",matched: office=it
Saama,38.0,medium,Pune,Maharashtra,India,,18.5791923,73.7383894,,,,,,,,,office=it,openstreetmap,"{""openstreetmap"": ""node:11336819138""}",matched: office=it
Sas R&D India Pvt Ltd,38.0,medium,Pune,Maharashtra,India,"Tower 5, Cybercity, Magarpatta Inner Circle, Pune, 411013",18.5131194,73.9242281,,,,,,,,,office=it,openstreetmap,"{""openstreetmap"": ""node:3529997982""}",matched: office=it
Searce,38.0,medium,Pune,Maharashtra,India,,18.5800697,73.7382062,,,,,,,,,office=it,openstreetmap,"{""openstreetmap"": ""node:11336819147""}",matched: office=it
Speciality Business Center,38.0,medium,Pune,Maharashtra,India,Balewadi gaon road,18.5743714,73.7731859,,,,,,,,,office=it,openstreetmap,"{""openstreetmap"": ""node:5877073387""}",matched: office=it
Tower 5,38.0,medium,Pune,Maharashtra,India,"Cybercity, Magarpatta Inner Circle, Pune, 411013",18.513133,73.9242459,,,,,,,,,office=it | building=office,openstreetmap,"{""openstreetmap"": ""way:217659207""}",matched: office=it
Vsynergize,38.0,medium,Pune,Maharashtra,India,,18.5799831,73.7378764,,,,,,,,,office=it,openstreetmap,"{""openstreetmap"": ""node:11336819148""}",matched: office=it
Xoriant,38.0,medium,Pune,Maharashtra,India,,18.5667016,73.7719971,,,,,,,,,office=it,openstreetmap,"{""openstreetmap"": ""node:6128879921""}",matched: office=it
Invincible App Developers,38.0,medium,Ranchi,Jharkhand,India,"Birsa Chowk,Prakash Nagar, Ranchi, 834002",23.3265541,85.30711,,,,,,,,,office=it,openstreetmap,"{""openstreetmap"": ""node:4254523874""}",matched: office=it
Codeleven,38.0,medium,Thiruvananthapuram,Kerala,India,,8.5133903,76.951451,,,,,,,,,office=it,openstreetmap,"{""openstreetmap"": ""node:7469443602""}",matched: office=it
Gayatri Building,38.0,medium,Thiruvananthapuram,Kerala,India,"Technopark Main Road, Trivandrum, 695581",8.5590466,76.877865,,,,,,,,,office=it | building=yes,openstreetmap,"{""openstreetmap"": ""way:224320862""}",matched: office=it
"geekboz, the tech store",38.0,medium,Thiruvananthapuram,Kerala,India,,8.4634564,76.9923074,,,,,,,,,office=it | building=yes,openstreetmap,"{""openstreetmap"": ""way:800105501""}",matched: office=it
GPS Renewables,38.0,medium,Thiruvananthapuram,Kerala,India,,8.5230051,76.955841,,,,,,,,,office=it,openstreetmap,"{""openstreetmap"": ""node:13919146791""}",matched: office=it
Indian Institute of Information Technology and Management – Kerala,38.0,medium,Thiruvananthapuram,Kerala,India,695581,8.5589704,76.8792772,https://www.iiitmk.ac.in/,,,,,,,,amenity=university | building=yes,openstreetmap,"{""openstreetmap"": ""way:361866866""}","matched: information technology, technology; negative hints: institute"
Infosys Limited,38.0,medium,Thiruvananthapuram,Kerala,India,,8.5350303,76.8846893,,,,,,,,,office=it,openstreetmap,"{""openstreetmap"": ""way:315265632""}",matched: office=it
Infosys SDB2,38.0,medium,Thiruvananthapuram,Kerala,India,,8.5331585,76.8835902,,,,,,,,,office=it | building=yes,openstreetmap,"{""openstreetmap"": ""way:1307078488""}",matched: office=it
Infosys SDB4,38.0,medium,Thiruvananthapuram,Kerala,India,,8.5337616,76.8859729,,,,,,,,,office=it | building=office,openstreetmap,"{""openstreetmap"": ""way:800724961""}",matched: office=it
Lawrence E Benjamin,38.0,medium,Thiruvananthapuram,Kerala,India,,8.5050066,76.9546153,https://www.nijolawrence.com/,,,,,none,2026-06-14T21:52:37+00:00,homepage fetch failed: HTTPError; https://www.nijolawrence.com/jobs: HTTPError; https://www.nijolawrence.com/jobs/: HTTPError; https://www.nijolawrence.com/career: HTTPError; no careers page detected,"description=Software Engineer, Drupal Developer",openstreetmap,"{""openstreetmap"": ""node:11357351391""}",matched: software
Quest Towers,38.0,medium,Thiruvananthapuram,Kerala,India,"Technopark, Technopark Roundroad, Trivandrum, 695581",8.559325,76.8828869,,,,,,,,,office=it | building=yes,openstreetmap,"{""openstreetmap"": ""way:156277859""}",matched: office=it
Sherston Softwares,38.0,medium,Thiruvananthapuram,Kerala,India,"Chandragiri, Technopark Back Gate Road, Trivandrum, 695581",8.5590765,76.8818424,,,,,,,,,office=it,openstreetmap,"{""openstreetmap"": ""node:2915591006""}",matched: office=it
Tata Consultancy Services - Peepul Park,38.0,medium,Thiruvananthapuram,Kerala,India,,8.5532585,76.8797821,,,,,,,,,office=it,openstreetmap,"{""openstreetmap"": ""way:511553678""}",matched: office=it
Technoview,38.0,medium,Thiruvananthapuram,Kerala,India,,8.5537744,76.8826139,,,,,,,,,office=it,openstreetmap,"{""openstreetmap"": ""node:2330424854""}",matched: office=it
"UST Global Campus, Trivandrum",38.0,medium,Thiruvananthapuram,Kerala,India,Thiruvananthapuram,8.5376563,76.8836146,,,,,,,,,office=it,openstreetmap,"{""openstreetmap"": ""way:678459603""}",matched: office=it
UST Trivandrum,38.0,medium,Thiruvananthapuram,Kerala,India,,8.5365919,76.8832604,,,,,,,,,office=it | building=office,openstreetmap,"{""openstreetmap"": ""way:1199937338""}",matched: office=it
Vetturoad E-Seva Centre,38.0,medium,Thiruvananthapuram,Kerala,India,,8.5811092,76.8606677,,,,,,,,,office=it,openstreetmap,"{""openstreetmap"": ""node:7517791166""}",matched: office=it
Volks Electronics Development Centre,38.0,medium,Thiruvananthapuram,Kerala,India,,8.4944494,76.943633,,,,,,,,,office=it,openstreetmap,"{""openstreetmap"": ""node:7113370359""}",matched: office=it
SA-Link Software,38.0,medium,Vadodara,Gujarat,India,"319, Ajwa Road, Vadodara, Gujarat 390019",22.3073537,73.1811551,http://sa-link.blogspot.in/,,,,,none,2026-06-14T21:52:38+00:00,https://sa-link.blogspot.com/jobs: HTTPError; https://sa-link.blogspot.com/jobs/: HTTPError; https://sa-link.blogspot.com/career: HTTPError; no careers page detected,,openstreetmap,"{""openstreetmap"": ""node:2565012682""}",matched: software
Infosys,38.0,medium,Visakhapatnam,Andhra Pradesh,India,,17.8110739,83.3891041,,,,,,,,,office=it,openstreetmap,"{""openstreetmap"": ""node:11896343482""}",matched: office=it
Acer Mall,37.0,medium,Bengaluru,Karnataka,India,,12.9392459,77.6258767,,,,,,,,,shop=computer,openstreetmap,"{""openstreetmap"": ""node:10114122214""}","matched: technologies, computer"
Big Data Analytics,37.0,medium,Bengaluru,Karnataka,India,,12.9659812,77.6042763,,,,,,,,,office=company,openstreetmap,"{""openstreetmap"": ""node:4307663668""}","matched: data analytics, office=company"
Mahiti Infotech,37.0,medium,Bengaluru,Karnataka,India,,13.0376828,77.6128514,,,,,,,,,shop=computer,openstreetmap,"{""openstreetmap"": ""node:1160646223""}","matched: infotech, computer"
Nextgen Technologies,37.0,medium,Bengaluru,Karnataka,India,,12.9650385,77.5838344,,,,,,,,,shop=computer,openstreetmap,"{""openstreetmap"": ""node:4414944194""}","matched: technologies, computer"
Prabhu Technologies,37.0,medium,Bengaluru,Karnataka,India,,12.9598638,77.5334473,,,,,,,,,shop=computer,openstreetmap,"{""openstreetmap"": ""node:12438126006""}","matched: technologies, computer"
Primecore Infotech,37.0,medium,Bengaluru,Karnataka,India,,13.0002142,77.6181157,,,,,,,,,shop=computer,openstreetmap,"{""openstreetmap"": ""node:11472852239""}","matched: infotech, computer"
SPG Infotech,37.0,medium,Bengaluru,Karnataka,India,"Rashtriya Vidyalaya Road, Bangalore, 560004",12.9424031,77.5802815,,,,,,,,,shop=computer,openstreetmap,"{""openstreetmap"": ""node:3453283476""}","matched: infotech, computer"
Yash Technologies,37.0,medium,Bengaluru,Karnataka,India,,12.9124015,77.5856011,,,,,,,,,shop=computer,openstreetmap,"{""openstreetmap"": ""node:2934051709""}","matched: technologies, computer"
Non Stop Technology,37.0,medium,Chennai,Tamil Nadu,India,,13.0980319,80.2799253,,,,,,,,,shop=computer,openstreetmap,"{""openstreetmap"": ""node:10933682515""}","matched: technology, computer"
Continental Infotech,37.0,medium,Guwahati,Assam,India,,26.1779694,91.7527122,,,,,,,,,shop=computer,openstreetmap,"{""openstreetmap"": ""node:11942572551""}","matched: infotech, computer"
HTS COMPUTER & TECHNOLOGY,37.0,medium,Guwahati,Assam,India,,26.1743991,91.7580084,,,,,,,,,shop=electronics,openstreetmap,"{""openstreetmap"": ""node:13511606895""}","matched: technology, computer"
MGS Technologies,37.0,medium,Guwahati,Assam,India,,26.1444871,91.780072,,,,,,,,,shop=computer,openstreetmap,"{""openstreetmap"": ""node:12977182584""}","matched: technologies, computer"
RM Infotech,37.0,medium,Guwahati,Assam,India,,26.1766591,91.7547107,,,,,,,,,shop=computer,openstreetmap,"{""openstreetmap"": ""node:11947564105""}","matched: infotech, computer"
Dot Labs Web Solutions Pvt Ltd,37.0,medium,Hyderabad,Telangana,India,"Plot No: 27, Jubilee Enclave, madhapur, 500081",17.4563787,78.374192,,,,,,,,,office=company | building=yes,openstreetmap,"{""openstreetmap"": ""way:356252775""}","matched: solutions, labs, office=company"
Openhippo Library,37.0,medium,Jaipur,Rajasthan,India,"C 72, Mahal Yojana, Jaipur, 302017",26.7967283,75.8516651,,,,,,,,,amenity=library | building=service,openstreetmap,"{""openstreetmap"": ""way:1449421543""}","matched: technologies, computer"
Bismi Infotech,37.0,medium,Kochi,Kerala,India,,9.9556795,76.2950185,,,,,,,,,shop=computer,openstreetmap,"{""openstreetmap"": ""node:11120408531""}","matched: infotech, computer"
Diff Technologies,37.0,medium,Kochi,Kerala,India,,9.9630759,76.3008628,,,,,,,,,shop=computer,openstreetmap,"{""openstreetmap"": ""node:7469548377""}","matched: technologies, computer"
Fortune Infotech,37.0,medium,Kochi,Kerala,India,,9.9318199,76.2669957,,,,,,,,,shop=computer,openstreetmap,"{""openstreetmap"": ""node:12031708993""}","matched: infotech, computer"
Fortune Infotech,37.0,medium,Kochi,Kerala,India,,9.9598225,76.2900424,,,,,,,,,shop=computer,openstreetmap,"{""openstreetmap"": ""node:12198918320""}","matched: infotech, computer"
Lotus Infotech,37.0,medium,Kochi,Kerala,India,,9.9646737,76.2916878,,,,,,,,,shop=computer,openstreetmap,"{""openstreetmap"": ""node:12381898478""}","matched: infotech, computer"
Pioneer Technologies,37.0,medium,Kochi,Kerala,India,,9.9643553,76.2975545,,,,,,,,,shop=computer,openstreetmap,"{""openstreetmap"": ""node:12023079484""}","matched: technologies, computer"
Remnant Technologies,37.0,medium,Kochi,Kerala,India,,9.9634253,76.2938219,,,,,,,,,shop=computer,openstreetmap,"{""openstreetmap"": ""node:12145999327""}","matched: technologies, computer"
Tempest Technologies,37.0,medium,Kochi,Kerala,India,,9.9570517,76.2922163,,,,,,,,,shop=computer,openstreetmap,"{""openstreetmap"": ""node:9157381308""}","matched: technologies, computer"
Asus suprime infotech,37.0,medium,Kolkata,West Bengal,India,,22.5680755,88.356077,,,,,,,,,shop=computer,openstreetmap,"{""openstreetmap"": ""node:9609217517""}","matched: infotech, computer"
Supreme infotech computer store,37.0,medium,Kolkata,West Bengal,India,,22.5680956,88.3561553,,,,,,,,,shop=computer,openstreetmap,"{""openstreetmap"": ""node:9609217617""}","matched: infotech, computer"
Cyber Point,37.0,medium,Mumbai,Maharashtra,India,,19.0719021,72.9999445,,,,,,,,,shop=computer | description=Dell Technologies Exclusive Store,openstreetmap,"{""openstreetmap"": ""node:13866698414""}","matched: technologies, computer"
Mahit Technologies,37.0,medium,Mumbai,Maharashtra,India,,19.1188377,72.9053512,,,,,,,,,shop=computer | description=Dell Authorized computer store,openstreetmap,"{""openstreetmap"": ""node:6802082709""}","matched: technologies, computer"
QDP Technologies,37.0,medium,Mysuru,Karnataka,India,"Sahukar Chennaiah Road, Mysuru",12.3021971,76.6195507,,,,,,,,,shop=computer | building=yes,openstreetmap,"{""openstreetmap"": ""way:313769343""}","matched: technologies, computer"
Computer Technology and Electrical,37.0,medium,Nagpur,Maharashtra,India,,21.0952317,78.9776058,,,,,,,,,,openstreetmap,"{""openstreetmap"": ""node:4711226223""}","matched: technology, computer"
Dell Technologies,37.0,medium,New Delhi,Delhi,India,,28.5857821,77.0711651,,,,,,,,,shop=computer,openstreetmap,"{""openstreetmap"": ""node:12438159330""}","matched: technologies, computer"
HP World,37.0,medium,New Delhi,Delhi,India,,28.6319193,77.2163005,,,,,,,,,shop=computer,openstreetmap,"{""openstreetmap"": ""node:11449298390""}","matched: infotech, computer"
KP Infotech,37.0,medium,New Delhi,Delhi,India,,28.6834349,77.2015147,,,,,,,,,shop=computer,openstreetmap,"{""openstreetmap"": ""node:13573023083""}","matched: infotech, computer"
Dell Technologies,37.0,medium,Noida,Uttar Pradesh,India,,28.6374275,77.2866661,,,,,,,,,shop=computer,openstreetmap,"{""openstreetmap"": ""node:12066218977""}","matched: technologies, computer"
HP World,37.0,medium,Noida,Uttar Pradesh,India,,28.6343014,77.2836041,,,,,,,,,shop=computer,openstreetmap,"{""openstreetmap"": ""node:9216110300""}","matched: solutions, digital, computer"
JT Infotech Private Limited,37.0,medium,Noida,Uttar Pradesh,India,,28.5493488,77.2512904,,,,,,,,,shop=computer,openstreetmap,"{""openstreetmap"": ""node:11917731612""}","matched: infotech, computer"
RSKRISH DELL TECHNOLOGIES,37.0,medium,Noida,Uttar Pradesh,India,"46, Nehru Place Road",28.5495523,77.2511874,,,,,,,,,shop=computer,openstreetmap,"{""openstreetmap"": ""node:11917664890""}","matched: technologies, computer"
SS Infotech,37.0,medium,Noida,Uttar Pradesh,India,110046,28.5480133,77.2516255,,,,,,,,,shop=computer,openstreetmap,"{""openstreetmap"": ""node:11917975577""}","matched: infotech, computer"
Yuva Technologies,37.0,medium,Noida,Uttar Pradesh,India,,28.6349032,77.2844419,,,,,,,,,shop=computer,openstreetmap,"{""openstreetmap"": ""node:13846287111""}","matched: technologies, computer"
Hatley Technologies,37.0,medium,Panaji/Goa,Goa,India,,15.590459,73.8085416,,,,,,,,,shop=computer,openstreetmap,"{""openstreetmap"": ""node:11159475520""}","matched: technologies, computer"
Dell Technologies,37.0,medium,Pune,Maharashtra,India,,18.5638986,73.7828788,,,,,,,,,shop=computer,openstreetmap,"{""openstreetmap"": ""node:13767096763""}","matched: technologies, computer"
Lapworld Technologies,37.0,medium,Pune,Maharashtra,India,,18.5932822,73.7855414,,,,,,,,,shop=computer,openstreetmap,"{""openstreetmap"": ""node:6578279498""}","matched: technologies, computer"
ProCTH,37.0,medium,Pune,Maharashtra,India,,18.48914,73.8139669,,,,,,,,,"description=ProCTH is the most efficient, trustable, and intelligent mobile app for virtual, digital, and decentralized clinical trials. Characteristics of our Mobile Application are: Patient Recruitment, ePRO & Real-time monitoring, Telemedicine, e-ICF(Electronic In",openstreetmap,"{""openstreetmap"": ""node:3650225262""}","matched: mobile app, digital"
Victory Infotech,37.0,medium,Pune,Maharashtra,India,,18.5618286,73.9382946,,,,,,,,,shop=computer,openstreetmap,"{""openstreetmap"": ""node:10567054909""}","matched: infotech, computer"
Shree Technology,37.0,medium,Vadodara,Gujarat,India,"134, shantinagar society behind Sahyog so",22.3359898,73.1454364,,,,,,,,,shop=computer,openstreetmap,"{""openstreetmap"": ""node:11903995932""}","matched: technology, computer"
Aindra Systems,36.0,medium,Bengaluru,Karnataka,India,"24, 24th Main, 19th Cross Road, 560078",12.8974321,77.5872356,https://www.aindra.in/,+91 80 4205 1729,,,,,,,office=company,openstreetmap,"{""openstreetmap"": ""node:5347720321""}","matched: systems, office=company"
BETA CAE Systems India Pvt. Ltd.,36.0,medium,Bengaluru,Karnataka,India,"Dr. Rajkumar Road, 560010",13.0076641,77.5546523,https://www.beta-cae.com/,+918066493400,,,,,,,office=company,openstreetmap,"{""openstreetmap"": ""node:5804054862""}","matched: systems, office=company"
Cadence Design Systems (India) Private Limited,36.0,medium,Bengaluru,Karnataka,India,"21, Level 1, 2 &3, Campus 4A & 4B, RMZ Ecoworld Rd, Sarjapur-, Outer Ring Rd, Marathahalli,, Bengaluru, 560103",12.924382,77.6884487,https://www.cadence.com/,080-4184 1111,,,,,,,office=company,openstreetmap,"{""openstreetmap"": ""node:4445385041""}","matched: systems, office=company"
Routematic (Nivaata Systems),36.0,medium,Bengaluru,Karnataka,India,"549/E, Indiranagar Double Road (Paramahansa Yogananda road), Bangalore, 560038",12.9777147,77.6367469,https://www.routematic.com,+91 80 3951 2990,,,,,,,office=company | description=Office of Routematic (Nivaata Systems Pvt. Ltd.) | office=yes,openstreetmap,"{""openstreetmap"": ""node:7489262681""}","matched: systems, office=company"
TMEIC Industrial Systems india Pvt. Ltd,36.0,medium,Bengaluru,Karnataka,India,"1&2, Karuna Amman Koil, bangalore, 560008",12.9827061,77.6251679,https://tmeic.com/,080675 15599,,,,,,,office=company,openstreetmap,"{""openstreetmap"": ""node:4488717802""}","matched: systems, office=company"
BETA CAE Systems India Pvt. Ltd. (Chennai Office),36.0,medium,Chennai,Tamil Nadu,India,"51, Rattha Tek Meadows Tower B, 3rd Floor, Rajiv Gandhi Salai (OMR), Sholinganallur, Chennai, 600119",12.9057608,80.2266263,https://www.beta-cae.com/,+914430095400,,,,,,,office=company,openstreetmap,"{""openstreetmap"": ""node:5804109153""}","matched: systems, office=company"
BETA CAE Systems India Pvt. Ltd. (Hyderabad Office),36.0,medium,Hyderabad,Telangana,India,500033,17.4305019,78.4081313,https://www.beta-cae.com/,+918066493400,,,,,,,office=company,openstreetmap,"{""openstreetmap"": ""node:11578362769""}","matched: systems, office=company"
Persistent Systems Limited,36.0,medium,Nagpur,Maharashtra,India,"Plot 8-9, Gargi-Maitreyi, Persistent Building, IT Park Road, Gayatri nagar, Nagpur, 440022",21.1214069,79.0473067,https://www.persistent.com/,+91 712 669 2000,,,,,,,office=company | building=yes,openstreetmap,"{""openstreetmap"": ""way:1300842467""}","matched: systems, office=company"
Agni Solar Systems Pvt Ltd,36.0,medium,Pune,Maharashtra,India,"702, North Main Road, Pune, 411001",18.5383826,73.9070871,https://agnisolar.com/,+912066434111,,,,,,,"office=company | building=commercial | description=A Pioneer And Leading Solar Energy Company In Pune - India, Agni Solar Is Market Leader In Rooftop Solar, Solar Water Heating & Solar Electricity System.",openstreetmap,"{""openstreetmap"": ""way:108093167""}","matched: systems, office=company"
Omikron Systems,36.0,medium,Vadodara,Gujarat,India,"205 & 206, SAKAR Complex,, Old Padra Road, Vadodara, 390007",22.3042108,73.1653847,http://omikronsystem.net/,+919328195251,,,,,,,office=company,openstreetmap,"{""openstreetmap"": ""node:9836013612""}","matched: systems, office=company"
Sieve Software-Nearyouu.com,35.0,medium,Hyderabad,Telangana,India,"Block NO. 402, Aditya Enclave, Ameerpet Road, Hyderabad, 500038",17.4383502,78.4449694,,8019242423,,,,,,,,openstreetmap,"{""openstreetmap"": ""node:3396369928""}",matched: software
Kutub Mobile shop,35.0,medium,Nagpur,Maharashtra,India,,21.1801774,79.0415473,,+918999938838;+919604172637,,,,,,,"shop=mobile_phone | description=All online phones available.
All Mobile accessories, repairing & software",openstreetmap,"{""openstreetmap"": ""node:11575936028""}",matched: software
Mobile Hub,35.0,medium,Nagpur,Maharashtra,India,"Katol Road, 440013",21.1752438,79.0531395,,+917030770622,,,,,,,"shop=mobile_phone | description=All Types of Mobile Repairing, Hardware And Software
New Mobile Available, Finance Available
All types of Mobile Accessories Available",openstreetmap,"{""openstreetmap"": ""node:11591805019""}",matched: software
AIM Software Technologies,35.0,medium,Visakhapatnam,Andhra Pradesh,India,,17.7263142,83.3025544,,,,,,,,,amenity=prep_school,openstreetmap,"{""openstreetmap"": ""node:13312902004""}","matched: software, technologies; negative hints: school"
Sauber Environmental Solutions Pvt. Ltd.,34.0,low,Ahmedabad,Gujarat,India,"A – 502, Ambli Bopal Road, Ahmedabad, 380058",23.0261005,72.5030927,https://www.sauberenv.com/,7948003327,,,,,,,office=company,openstreetmap,"{""openstreetmap"": ""node:7066497233""}","matched: solutions, office=company"
Brooks Running,34.0,low,Bengaluru,Karnataka,India,"prestige delta, Saint Mark's Road, Bengaluru, 560001",12.9684121,77.6004743,https://brooksrunningindia.com/,+919845875026,,,,,,,"shop=sports | description=Brooks designs and markets running-specific performance footwear, apparel, and accessories in more than 60 countries worldwide. The number is increasing step by step with the latest technology and comfort with which the shoes are crafted. Brooks’ mission",openstreetmap,"{""openstreetmap"": ""node:9787431809""}",matched: technology
e-con Systems,34.0,low,Bengaluru,Karnataka,India,"Mahatma Gandhi Road, 560001",12.9731569,77.6137794,https://www.e-consystems.com,,,,,,,,office=company,openstreetmap,"{""openstreetmap"": ""node:9891898737""}","matched: systems, office=company"
Expresscion Solutions LLP,34.0,low,Bengaluru,Karnataka,India,"#916, 2nd Main Road, Bengaluru, 560076",12.8871719,77.6002529,http://www.expresscion.com,+9163607 54760,,,,,,,office=company | building=yes,openstreetmap,"{""openstreetmap"": ""way:347583232""}","matched: solutions, office=company"
Firstsource Solutions Ltd.,34.0,low,Bengaluru,Karnataka,India,"Piritech Park (SEZ), Phase 1,  Campus 5B, 1st Floor, Bellandur,, BANGALORE, 560103",12.9236423,77.6824843,https://www.firstsource.com/,080663 36000,,,,,,,office=company,openstreetmap,"{""openstreetmap"": ""node:4445449199""}","matched: solutions, office=company"
Flat World Solutions,34.0,low,Bengaluru,Karnataka,India,"Corporate Court, 15, Infantry Road, 560001",12.981742,77.6009549,https://www.flatworldsolutions.com/,+918042692727,,,,,,,office=company,openstreetmap,"{""openstreetmap"": ""node:1746447191""}","matched: solutions, office=company"
Hybrid Shifting Solutions India Private Limited,34.0,low,Bengaluru,Karnataka,India,"14, Evoma, Bhattarahalli, Old Madras Road, K R Puram, Bengaluru, 560049",13.022506,77.7122068,https://hybridshifting.com/,+91 98449 88888,,,,,,,office=company,openstreetmap,"{""openstreetmap"": ""node:12337064875""}","matched: solutions, office=company"
iBUYPC,34.0,low,Bengaluru,Karnataka,India,"1st Floor, Ashok Tower, 88/1, Sadar Patrappa Rd, Bengaluru, 560002",12.964859,77.5837001,https://ibuypc.in/,+919694699991,,,,,,,"shop=computer | description=iBUYPC designs and delivers custom-built PCs and branded components for gamers, creators, and businesses. The company offers systems for individual users (B2C) and scalable configurations with bulk procurement for businesses (B2B).",openstreetmap,"{""openstreetmap"": ""node:12698412006""}","matched: systems, computer"
Nihon Communication Solutions Pvt. Ltd.,34.0,low,Bengaluru,Karnataka,India,,13.0015026,77.5487358,https://www.ncs-in.com,(+91)-80-23591866,,,,,,,office=company,openstreetmap,"{""openstreetmap"": ""node:9780918384""}","matched: solutions, office=company"
Nuvira Digital,34.0,low,Bengaluru,Karnataka,India,,12.9605014,77.7215566,https://nuvira.digital,+91 7204342727,,,,,,,office=company,openstreetmap,"{""openstreetmap"": ""node:13388013967""}","matched: digital, office=company"
Perdix Business Solutions,34.0,low,Bengaluru,Karnataka,India,"Devarabisanahalli, Bellandur, Bengaluru, 560103",12.9296474,77.6853394,https://www.perdixglobal.com/,072592 89849,,,,,,,office=company,openstreetmap,"{""openstreetmap"": ""node:4446161417""}","matched: solutions, office=company"
Radiant Technologies,34.0,low,Bengaluru,Karnataka,India,"177/26, Industrial Town, IV, Main Road, Rajaji Nagar, Rajaji Nagar, KG Halli, D' Souza Layout, Ashok Nagar, Bangalore, 560053",12.9798025,77.5514127,radianttechups.com,080 2311 6107,,,,,,,,openstreetmap,"{""openstreetmap"": ""node:4489724909""}",matched: technologies
Saatvik solutions LLP,34.0,low,Bengaluru,Karnataka,India,"360, 43rd Main Road, 560098",12.9292629,77.5208437,https://www.saatviksolutions.com/,+918861864555,,,,,,,office=company,openstreetmap,"{""openstreetmap"": ""node:6138976785""}","matched: solutions, office=company"
SAMAN Portable Office Solutions,34.0,low,Bengaluru,Karnataka,India,"Sy No 54/2 Dommasandra village Muthanalluru Cross Near ABR Sport, Chandapura Dommasandra Road, Bengaluru, 562125",12.8781202,77.7451149,https://samanportable.com/,+91 97089 89937,,,,,,,office=company | building=industrial,openstreetmap,"{""openstreetmap"": ""way:956135437""}","matched: solutions, office=company"
Sidvin Global Solutions,34.0,low,Bengaluru,Karnataka,India,,12.9586068,77.564911,https://www.sidvinglobal.com,+91 93419 42256; +91 80 2667 8121,,,,,,,office=company | description=Data Entry office,openstreetmap,"{""openstreetmap"": ""node:11178143836""}","matched: solutions, office=company"
Utthunga - Product Engineering Services & Industrial Solutions Company,34.0,low,Bengaluru,Karnataka,India,"Indiqube, South Summit, S End Rd, Vijayarangam Layout, Jayanagar, 560004",12.9364905,77.5774153,https://utthunga.com/,080 6815 1900,,,,,,,office=company,openstreetmap,"{""openstreetmap"": ""node:13339231402""}","matched: solutions, office=company"
Visvesvaraya Industrial and Technology Museum,34.0,low,Bengaluru,Karnataka,India,,12.9752241,77.5964289,https://vismuseum.gov.in/,+91-080-22866200,,,,,,,,openstreetmap,"{""openstreetmap"": ""way:327551780""}",matched: technology
Vora Infotech,34.0,low,Bengaluru,Karnataka,India,"181, 6th Main Road,Begur Road, Hongasandra, Bangalore, 560068",12.8969441,77.6263543,https://www.vorainfotech.com/,9904416444,,,,,,,,openstreetmap,"{""openstreetmap"": ""node:4754030683""}",matched: infotech
Blink N Boost- Digital Marketing Company in Mohali,34.0,low,Chandigarh-Mohali,Chandigarh/Punjab,India,"Sector 110, Ground Floor, TDI City, 82, 11, Sahibzada Ajit Singh Nagar, Mohali, 140307",30.72812,76.6781875,https://blinknboost.com/,+91 88826 38503,,,,,,,office=company,openstreetmap,"{""openstreetmap"": ""node:12548616808""}","matched: digital, office=company"
ePropelled,34.0,low,Chennai,Tamil Nadu,India,"Gandhi Street, Chennai, 600088",12.9809542,80.1990653,https://epropelled.com/,,,,,,,,"building=industrial | description=ePropelled leads the electric propulsion motors industry with advanced systems and solutions customized for aerospace, unmanned aerial vehicles, unmanned ground vehicles, unmanned surface vehicles, unmanned sea vehicles, sustainability motors, connected s",openstreetmap,"{""openstreetmap"": ""way:938428422""}","matched: systems, solutions"
Zuan Technologies Private Limited,34.0,low,Chennai,Tamil Nadu,India,"no 61, UI Colony 1st Cross St, chennai, 600024",13.0531356,80.2255306,http://www.zuantechnology.com,04443534999,,,,,,,building=commercial,openstreetmap,"{""openstreetmap"": ""way:354843423""}",matched: technologies
Lakshmi Technology and Engineering Industries Limited,34.0,low,Coimbatore,Tamil Nadu,India,"20, Kalapatti road, Coimbatore, 641028",11.0686493,77.0373934,https://www.lakshmitech.com/,+91 422 266 4100,,,,,,,"building=yes | description=e are manufactures of control valve, relief valve, flow control valve, piezoelectric sensor, PTO shaft, pressure sensors for Launch Vehicles and Aerospace Applications",openstreetmap,"{""openstreetmap"": ""way:1234107702""}",matched: technology
LMW Advanced Technology Centre,34.0,low,Coimbatore,Tamil Nadu,India,"489-511, Sathy Main Road",11.0295082,76.9754416,https://www.lmwatc.com,+91 422 719 8998,,,,,,,"description=Advanced Technology Centre, Lakshmi Machine Works",openstreetmap,"{""openstreetmap"": ""node:12425596497""}",matched: technology
Search Pin - Digital Marketing Company in Coimbatore,34.0,low,Coimbatore,Tamil Nadu,India,"2nd Floor, 137, Balamurugan Complex, Avinashi Rd, near Agarwal Sweets, CBE, Sri Nagar, Hope College, Coimbatore, 641004",11.0258356,77.0191588,https://searchpin.in/,8248332048,,,,,,,"office=advertising_agency | description=Search Pin is a leading digital marketing company in Coimbatore, offering a range of services to boost your online presence. From SEO and PPC to social media marketing and web development, their expert team ensures tailored solutions for every business.",openstreetmap,"{""openstreetmap"": ""node:13313164212""}","matched: web development, solutions, digital; negative hints: college"
Geocrat Technologies Private Limited,34.0,low,Ghaziabad,Uttar Pradesh,India,"UG-08, SG Alpha Tower 1, Sector 9, Vasundhara, Ghaziabad, 201012",28.6594882,77.3684606,https://geocrat.com,+91 120 4553616,,,,,,,office=headquarters,openstreetmap,"{""openstreetmap"": ""node:10994012707""}",matched: technologies
Bhavya Web Technologies Pvt Ltd,34.0,low,Hyderabad,Telangana,India,,17.4931886,78.4106279,https://www.bhavyatechnologies.com/,+91 40 32577536,,,,,,,,openstreetmap,"{""openstreetmap"": ""way:314949458""}",matched: technologies
Bizionic Technologies Pvt Ltd,34.0,low,Hyderabad,Telangana,India,"3rd Floor, Office No 1A, 6-3-1090/B/4, Raj Bhavan Road, Hyderabad-500082",17.4229686,78.4623528,https://www.bizionictech.com,9059360184,,,,,,,office=advertising_agency,openstreetmap,"{""openstreetmap"": ""node:11505469876""}",matched: technologies
Charting Now Visual Data Solutions Private Limited,34.0,low,Hyderabad,Telangana,India,"Module No.204, 2nd Floor, Kamala Nagar, ECIL P.O.,, hyderabad, 500062",17.4786643,78.5655075,https://chartingnow.com,+91 9885564260,,,,,,,office=company,openstreetmap,"{""openstreetmap"": ""node:12946439016""}","matched: solutions, office=company"
Fleetronix Systems,34.0,low,Hyderabad,Telangana,India,"House No:70/P, Road No:5, Janardhan Hills, Gachibowli, Hyderabad - 500032",17.4373204,78.3689595,https://fleetronix.io,,,,,,,,office=company,openstreetmap,"{""openstreetmap"": ""node:9274990414""}","matched: systems, office=company"
Kosmik Technologies Pvt Ltd.,34.0,low,Hyderabad,Telangana,India,,17.4957743,78.3955659,https://www.kosmiktechnologies.com/,(+91) 8712186898,,,,,,,office=educational_institution,openstreetmap,"{""openstreetmap"": ""node:7246482629""}",matched: technologies
Qkoncept Learning,34.0,low,Hyderabad,Telangana,India,"1st Floor, 7B, BK Guda Internal Rd, Scientific Colony, BK Guda, Sanjeeva Reddy Nagar, Hyderabad, 500038",17.446984,78.4473046,http://qkonceptlearning.com,+91 90000 08592,,,,,,,office=educational_institution | description=To introduce technology into the classes with an aim of innovation as the outcome.,openstreetmap,"{""openstreetmap"": ""node:6567623609""}",matched: technology
Transguard Electrical Systems,34.0,low,Hyderabad,Telangana,India,500055,17.5299024,78.458329,http://www.transguard.in,,,,,,,,office=company,openstreetmap,"{""openstreetmap"": ""node:13760072401""}","matched: systems, office=company"
Ramraj Associates,34.0,low,Jaipur,Rajasthan,India,"32, Kanwatia Circle, Shastri Nagar, 302016",26.944973,75.7968398,https://ramrajassociates.com/,9413194723,,,,,,,"office=advertising_agency | description=A digital marketing agency offering solutions for online branding, strategy, and business growth.",openstreetmap,"{""openstreetmap"": ""node:11586256262""}","matched: solutions, digital"
Illford Digital,34.0,low,Kochi,Kerala,India,"Illford Digital, BCG TOWER, Door No: 11E, Seaport Airport Road, Kakkanad, Kochi, 682037",10.0060021,76.3456668,https://illforddigital.com/,+91 98478 61800,,,,,,,office=company,openstreetmap,"{""openstreetmap"": ""node:11224354447""}","matched: digital, office=company"
ROGERSOFT Technologies Pvt Ltd,34.0,low,Kochi,Kerala,India,,10.0158084,76.3428749,https://rogersoft.com/,+91-9995-638376,,,,,,,office=educational_institution,openstreetmap,"{""openstreetmap"": ""node:13326122957""}",matched: technologies
S-TECHNOLOGIES,34.0,low,Kochi,Kerala,India,"3rd Floor, Mather Esperanza, Seaport Airport Road, Kochi, 682037",9.999702,76.3493921,https://codingcampuz.com/,+91-8129-766988,,,,,,,office=educational_institution,openstreetmap,"{""openstreetmap"": ""node:13326395518""}",matched: technologies
Aditya Infotech Asia Private Limited,34.0,low,Mumbai,Maharashtra,India,"Tyre Terrace Building, 205/207, 1st floor, Dr, Lamington Rd, above Ali bhai Premji Tyre wala, Grant Road East, Mumbai, 400007",18.9635782,72.8183418,https://www.adityagroup.com/,+912265523332,,,,,,,craft=electronics_repair,openstreetmap,"{""openstreetmap"": ""node:7920057610""}",matched: infotech
Datacomp Web Technologies (I) Pvt. Ltd.,34.0,low,Mumbai,Maharashtra,India,"Veer Savarkar Flyover;Goregaon Mulund Link Rd., Mumbai, 400062",19.1749187,72.8467088,http://www.datacompwebtech.com,+912261838000,,,,,,,,openstreetmap,"{""openstreetmap"": ""node:2397223683""}",matched: technologies
F.T. Solutions Pvt. Ltd.,34.0,low,Mumbai,Maharashtra,India,"401, Meet Galaxy, Behind Tip Top Plaza,, Trimurti Lane, Thane (West), 400604",19.1853398,72.9601476,http://www.futuretecsol.com,+91 8369390146,,,,,,,office=company,openstreetmap,"{""openstreetmap"": ""node:8039469374""}","matched: solutions, office=company"
F.T. Solutions Pvt. Ltd.,34.0,low,Mumbai,Maharashtra,India,"A 278, Rd Number 16A, Ambica Nagar, Wagle Industrial Estate, Thane (West), 400604",19.2015476,72.9548316,https://www.fts-pl.com/,+91 9152360678,,,,,,,office=company,openstreetmap,"{""openstreetmap"": ""node:12829755257""}","matched: solutions, office=company"
Impulse Digital,34.0,low,Mumbai,Maharashtra,India,"No. 5, Second Floor, Naupada, Dr. Moose Road, Thane, 400602",19.1929349,72.9735838,https://www.theimpulsedigital.com/,022-25336112,,,,,,,office=company | building=residential,openstreetmap,"{""openstreetmap"": ""node:4421752781""}","matched: digital, office=company"
Maker's Asylum,34.0,low,Mumbai,Maharashtra,India,"D-11/1,, Road No. 21, Opposite Passport Seva Kendra,, MUMBAI, 400093",19.1198788,72.8753713,https://makersasylum.com/,+919004686828,,,,,,,"building=yes | description=Maker’s Asylum is a community MakerSpace based in Mumbai and Delhi, that allows collaborative ideation. It brings together interdisciplinary activities covering Science, Technology, Engineering, Art and Math (STEAM) to foster a culture of innovation, expl",openstreetmap,"{""openstreetmap"": ""way:357182035""}",matched: technology
Prince Tech Solutions,34.0,low,Mumbai,Maharashtra,India,"D 208, Kailash Esplanade, LBS marg, Ghatkopar West, Mumbai, 400086",19.0934988,72.913481,http://princetechsolutions.com/,+91 992 013 1348,,,,,,,office=company,openstreetmap,"{""openstreetmap"": ""node:3072887400""}","matched: solutions, office=company"
Vu Technologies,34.0,low,Mumbai,Maharashtra,India,"Vu Centre, 29, MIDC Central Road, Andheri East, Mumbai, 400093",19.1216199,72.8704008,https://www.vutvs.com/,+912245417000,,,,,,,"description=Founded in 2006 in California, Vu Technologies is an innovator and manufacturer of premium televisions and intelligent displays. The company has a revenue of Rs.1000 Cr ($130 Million) with over 3 Million TVs sold since inception. Vu Televisions specialize",openstreetmap,"{""openstreetmap"": ""node:9085708083""}",matched: technologies
eLan Technology,34.0,low,Nagpur,Maharashtra,India,"21, Premier Technology Group, IT Park Road, Gayatri Nagar, Nagpur, 440022",21.1202655,79.0478892,https://www.elan-tech.net/,+91-9822231642,,,,,,,office=graphic_design,openstreetmap,"{""openstreetmap"": ""node:12048790789""}",matched: technology
Feminist Approach to Technology,34.0,low,New Delhi,Delhi,India,"134, 2nd & 3rd floor, Lajpat Nagar 2, New Delhi, 110024",28.567495,77.249016,https://fat-net.org/,+91-11-41004951,,,,,,,office=ngo,openstreetmap,"{""openstreetmap"": ""node:8308429191""}",matched: technology
Brandconn Digital,34.0,low,Noida,Uttar Pradesh,India,"C-246, Sector 63, Noida, 201301",28.620768,77.381494,https://www.brandconn.com/,+91 120 4293692,,,,,,,office=company,openstreetmap,"{""openstreetmap"": ""node:10811810966""}","matched: digital, office=company"
GarudaUAV Soft Solutions Private Limited,34.0,low,Noida,Uttar Pradesh,India,"Assotech Business Cresterra: Unit No. 109 to 116, 1st Floor, Tower 2, Plot 22, Sector 135, Noida, Uttar Pradesh, 201304",28.4963767,77.4021198,https://garudauav.com,9354915060,,,,,,,office=company,openstreetmap,"{""openstreetmap"": ""node:11187750376""}","matched: solutions, office=company"
Pointersoft Technologies Pvt Ltd,34.0,low,Noida,Uttar Pradesh,India,"321, Mathura Road, New Delhi, 110014",28.5760891,77.2553338,https://www.pointersoft.in/,+91 9953327284,,,,,,,,openstreetmap,"{""openstreetmap"": ""node:3743797229""}",matched: technologies
Sygnus Technologies,34.0,low,Panaji/Goa,Goa,India,"Panjim, 403001",15.4943998,73.8333648,https://sygnustech.com,+919168879482,,,,,,,shop=hifi,openstreetmap,"{""openstreetmap"": ""node:9524025421""}",matched: technologies
MechIT Technologies,34.0,low,Pune,Maharashtra,India,"10,Green Park, Satara Road, Pune, 411043",18.4585452,73.8584316,www.mechittechnologies.com,+918626023035,,,,,,,,openstreetmap,"{""openstreetmap"": ""node:3320744022""}",matched: technologies
Persistent Systems Ramanujan,34.0,low,Pune,Maharashtra,India,"Blue Ridge Road, Phase 1, Pune, 411057",18.5820109,73.7356,https://www.persistent.com/,,,,,,,,office=company,openstreetmap,"{""openstreetmap"": ""node:10692524033""}","matched: systems, office=company"
VirtuBox Infotech Pvt Ltd,34.0,low,Pune,Maharashtra,India,"Office No. 14, 1st floor, Sparklink Lamour, Bhumkar Chowk Rd, near Ginger hotel, Tathawade, Pune, Pimpri-Chinchwad, Maharashtra 411033, Pune, 411033",18.6078193,73.7519513,https://www.virtubox.io/,07972289981,,,,,,,office=it,openstreetmap,"{""openstreetmap"": ""node:11953308948""}","matched: infotech, office=it; negative hints: hotel"
Rx infotech Pvt Ltd,34.0,low,Raipur,Chhattisgarh,India,"Shop No.3, 3rd Floor, Shyam Plaza, Pandri, Raipur, 492001",21.2493758,81.6460243,https://www.rxinfotech.in/,+91 7714072023,,,,,,,shop=hardware,openstreetmap,"{""openstreetmap"": ""node:4446107017""}",matched: infotech
Clove Technologies,34.0,low,Visakhapatnam,Andhra Pradesh,India,"Plot 9, Hill 2, Pedda Rushikonda, Madhurawada, Visakhapatnam, 530045",17.8070742,83.3914443,https://clovetech.com/,8885730066,,,,,,,office=consulting,openstreetmap,"{""openstreetmap"": ""node:12558782038""}",matched: technologies
Brigade Software Park,33.0,low,Bengaluru,Karnataka,India,,12.9206634,77.5727966,,,,,,,,,,openstreetmap,"{""openstreetmap"": ""way:1253610316""}",matched: software
ESI Software (I) Pvt. Ltd.,33.0,low,Bengaluru,Karnataka,India,"24,25, 27th Cross, Bangalore, 560070",12.9215336,77.5704524,,,,,,,,,,openstreetmap,"{""openstreetmap"": ""node:2331429511""}",matched: software
Fireeye cybersecurity,33.0,low,Bengaluru,Karnataka,India,Swagath Road,12.9319157,77.6015215,,,,,,,,,office=company,openstreetmap,"{""openstreetmap"": ""node:4815124321""}","matched: cybersecurity, office=company"
iCreate Software,33.0,low,Bengaluru,Karnataka,India,,12.9358495,77.6248941,,,,,,,,,building=yes,openstreetmap,"{""openstreetmap"": ""node:1468540738""}",matched: software
Leaf tree Software LLP,33.0,low,Bengaluru,Karnataka,India,,12.9282428,77.5465229,,,,,,,,,building=yes,openstreetmap,"{""openstreetmap"": ""way:350523235""}",matched: software
Nilenso Cycle Stand,33.0,low,Bengaluru,Karnataka,India,,12.9816047,77.6385268,,,,,,,,,amenity=bicycle_parking,openstreetmap,"{""openstreetmap"": ""node:4030163471""}",matched: software
Prompt Cloud,33.0,low,Bengaluru,Karnataka,India,,12.9720657,77.6470014,,,,,,,,,office=company,openstreetmap,"{""openstreetmap"": ""node:4307569898""}","matched: cloud, office=company"
Qube Software Park,33.0,low,Bengaluru,Karnataka,India,,12.9303739,77.695667,,,,,,,,,,openstreetmap,"{""openstreetmap"": ""way:1065090514""}",matched: software
Siemens PLM Software,33.0,low,Bengaluru,Karnataka,India,,12.9662407,77.5958199,,,,,,,,,office=yes,openstreetmap,"{""openstreetmap"": ""node:1474007530""}",matched: software
Silver Software,33.0,low,Bengaluru,Karnataka,India,,12.980772,77.7238023,,,,,,,,,,openstreetmap,"{""openstreetmap"": ""way:181331890""}",matched: software
VMware Software India Pvt. Ltd.,33.0,low,Bengaluru,Karnataka,India,"165/2, 3rd Floor, Doraisanipalya, IIM Post, Bannerughatta Road,, Bangalore, 560076",12.8993766,77.5968829,,,,,,,,,,openstreetmap,"{""openstreetmap"": ""node:2375720022""}",matched: software
Deepak Ranjan Sarangi,33.0,low,Bhubaneswar,Odisha,India,"B9, Kolathia Road, Bhubaneswar, 751030",20.2528387,85.7800892,,,,,,,,,"description=IT Consulting, Software Services",openstreetmap,"{""openstreetmap"": ""node:7668598650""}",matched: software
Carizen Software (P) Ltd.,33.0,low,Chennai,Tamil Nadu,India,"S1, Second Floor, 287, 4th Main road, Burma Colony, Perungudi, Chennai, 600096",12.9590887,80.2478712,,,,,,,,,building=commercial,openstreetmap,"{""openstreetmap"": ""way:623076896""}",matched: software
Department of Information Technology,33.0,low,Chennai,Tamil Nadu,India,,12.9480003,80.1400764,,,,,,,,,amenity=college,openstreetmap,"{""openstreetmap"": ""way:31276233""}","matched: information technology, technology; negative hints: college"
ESPEE IT Park,33.0,low,Chennai,Tamil Nadu,India,"5, Jawaharlal Nehru Road, Chennai, 600032",13.0229249,80.2071279,,,,,,,,,building=commercial | description=7 Floor building with various Software and Telecommunication companies.,openstreetmap,"{""openstreetmap"": ""way:32551817""}",matched: software
Karthikeyan A K (Software Architect),33.0,low,Chennai,Tamil Nadu,India,"36/1, 3rd Street, Sithalapakkam, 600126",12.8926955,80.1854892,,,,,,,,,building=house,openstreetmap,"{""openstreetmap"": ""node:4804242860""}",matched: software
Audlink Software Private Limited,33.0,low,Hyderabad,Telangana,India,"PSR Prime Tower, Unit : 407, Gachibowli,, Old Bombay Road, Gachibowli, 500032",17.4470991,78.3538947,,,,,,,,,,openstreetmap,"{""openstreetmap"": ""node:5625877529""}",matched: software
Jigya Software Services,33.0,low,Hyderabad,Telangana,India,"12, Trendz Avenue, Vittal Rao Nagar, Madhapur, Hyderabad, India, 500081",17.4386629,78.3869782,,,,,,,,,building=commercial,openstreetmap,"{""openstreetmap"": ""way:626554610""}",matched: software
Mwebware Software Pvt Ltd.,33.0,low,Hyderabad,Telangana,India,,17.4483334,78.3883814,,,,,,,,,building=yes,openstreetmap,"{""openstreetmap"": ""way:632255365""}",matched: software
Concord ERP Management Software,33.0,low,Indore,Madhya Pradesh,India,,22.7764828,75.8885,,,,,,,,,,openstreetmap,"{""openstreetmap"": ""way:191598662""}",matched: software
Janadhar EMS,33.0,low,Jaipur,Rajasthan,India,"211-A, Hathi Babu Marg, Jaipur, 302016",26.9314761,75.7954112,,,,,,,,,"building=yes | description=Janadhar Software to enable politicians to access the local, national and global politics by offering them a wide range of political knowledge. www.janadhar.in",openstreetmap,"{""openstreetmap"": ""way:263195972""}",matched: software
Software Block,33.0,low,Kochi,Kerala,India,,10.0492741,76.3313534,,,,,,,,,building=university,openstreetmap,"{""openstreetmap"": ""way:381274156""}",matched: software
Department of Information Technology,33.0,low,Madurai,Tamil Nadu,India,,9.8823964,78.0837529,,,,,,,,,building=college,openstreetmap,"{""openstreetmap"": ""way:755264610""}","matched: information technology, technology; negative hints: college"
Central Institute of Information Technology,33.0,low,Nagpur,Maharashtra,India,,21.1202504,79.0635361,,,,,,,,,office=research,openstreetmap,"{""openstreetmap"": ""node:3062464830""}","matched: information technology, technology; negative hints: institute"
VN Software (VNS),33.0,low,Nashik,Maharashtra,India,,19.9795481,73.787829,,,,,,,,,building=yes,openstreetmap,"{""openstreetmap"": ""way:1336474130""}",matched: software
Belzabar Software Design,33.0,low,New Delhi,Delhi,India,"700, New Delhi, Janakpuri, New Delhi, 110058",28.629955,77.0907938,,,,,,,,,,openstreetmap,"{""openstreetmap"": ""node:4686760472""}",matched: software
Akash  Kumar,33.0,low,Noida,Uttar Pradesh,India,"Surya Colony, Sehatpur, Faridabad, 121003",28.4807306,77.3264789,,,,,,,,,shop=supermarket,openstreetmap,"{""openstreetmap"": ""node:5805953527""}",matched: software
AS Fintech Private Limited,33.0,low,Noida,Uttar Pradesh,India,"7, Service Road, Madhu Vihar, Delhi, 110092",28.6365612,77.3050393,,,,,,,,,office=company,openstreetmap,"{""openstreetmap"": ""node:11586192724""}","matched: fintech, office=company"
JIIT Plant Nursery,33.0,low,Noida,Uttar Pradesh,India,,28.5189163,77.3659478,,,,,,,,,description=Private Nursery of JIIT Sector - 128 Campus. Only used to grow the flowers of upcoming season and store away off-season flowers so that the campus is always blooming.,openstreetmap,"{""openstreetmap"": ""way:1256703429""}","matched: information technology, technology; negative hints: institute"
Open Air Theater,33.0,low,Noida,Uttar Pradesh,India,,28.6307697,77.3715779,,,,,,,,,amenity=theatre | building=yes | description=All in One Stage for Jaypee Institute of Information Technology.,openstreetmap,"{""openstreetmap"": ""way:608015612""}","matched: information technology, technology; negative hints: institute"
Retain user,33.0,low,Noida,Uttar Pradesh,India,"D 242, Sector 63 Noida, Uttar Pradesh, 201301, sector 63, Noida, 201301",28.6292302,77.384168,,,,,,,,,building=yes,openstreetmap,"{""openstreetmap"": ""way:351579330""}",matched: software
ANSYS Software PVT. Ltd.,33.0,low,Pune,Maharashtra,India,,18.5915969,73.7357313,,,,,,,,,building=yes,openstreetmap,"{""openstreetmap"": ""way:359749131""}",matched: software
Cybage Multi-Level Parking,33.0,low,Pune,Maharashtra,India,,18.5463988,73.9124018,,,,,,,,,amenity=parking,openstreetmap,"{""openstreetmap"": ""way:438990090""}",matched: software
Department of Information Technology,33.0,low,Pune,Maharashtra,India,,18.5170524,73.8150096,,,,,,,,,building=school,openstreetmap,"{""openstreetmap"": ""way:273634152""}","matched: information technology, technology; negative hints: school"
Knowhere Geomatics,33.0,low,Pune,Maharashtra,India,,18.5812781,73.8155015,,,,,,,,,description=Software Training and Consultancy,openstreetmap,"{""openstreetmap"": ""node:11722102313""}",matched: software
Software Development Block 3,33.0,low,Pune,Maharashtra,India,,18.5954023,73.7093757,,,,,,,,,office=coworking | building=yes,openstreetmap,"{""openstreetmap"": ""way:1152682797""}",matched: software
Symbiosis Centre for Information Technology,33.0,low,Pune,Maharashtra,India,"Blue Ridge Road, Phase 1, Pune, 411057",18.582872,73.7366772,,,,,,,,,building=college,openstreetmap,"{""openstreetmap"": ""way:1151920030""}","matched: information technology, technology; negative hints: college"
"Cloud SEO ""Best Digital Marketing Agency in Ranchi""",33.0,low,Ranchi,Jharkhand,India,,23.3808905,85.3274055,,,,,,,,,,openstreetmap,"{""openstreetmap"": ""node:12573462405""}","matched: cloud, digital"
Yaseer Innovative Software Private Limited,33.0,low,Ranchi,Jharkhand,India,,23.3452652,85.3273071,,,,,,,,,,openstreetmap,"{""openstreetmap"": ""node:9666838085""}",matched: software
M-Squared Software and Services,33.0,low,Thiruvananthapuram,Kerala,India,,8.5610129,76.8771833,,,,,,,,,building=commercial,openstreetmap,"{""openstreetmap"": ""way:1454111090""}",matched: software
Software Consultant,33.0,low,Vadodara,Gujarat,India,"62, Jetalpur Road, Ahmedabad",22.3073537,73.1811615,,,,,,,,,description=bit coins only,openstreetmap,"{""openstreetmap"": ""node:3588359303""}",matched: software
Block 5 Dept of Information Technology,33.0,low,Warangal,Telangana,India,,18.0531207,79.5379011,,,,,,,,,,openstreetmap,"{""openstreetmap"": ""node:13336072826""}","matched: information technology, technology; negative hints: college"
Red Turtle,32.0,low,Ahmedabad,Gujarat,India,"B-21, Science City Road, ahmedabad, 380060",23.077373,72.5069309,https://redturtle.in/,079 2970 2818,,,,,,,"description=Mobile Apps and Web Development Company - Develop apps in iPhone, Android and Website in WordPress, Magento, Laravel, PrestaShop.",openstreetmap,"{""openstreetmap"": ""way:367949860""}",matched: web development
AADINEX Electro Solutions LLP,32.0,low,Bengaluru,Karnataka,India,,12.9511509,77.5677314,https://aadinex.in/,,,,,,,,office=company,openstreetmap,"{""openstreetmap"": ""node:11178067804""}","matched: solutions, office=company"
Accenture Solutions Pvt Ltd,32.0,low,Bengaluru,Karnataka,India,"Bangalore, 560037",12.968978,77.7225977,https://www.accenture.com/,,,,,,,,office=company | building=office,openstreetmap,"{""openstreetmap"": ""way:181461601""}","matched: solutions, office=company"
Accrete Global Technology,32.0,low,Bengaluru,Karnataka,India,"6th Phase, Bangalore, 560077",12.9000239,77.5777241,http://www.accreteglobal.com/,,,,,,,,,openstreetmap,"{""openstreetmap"": ""node:2534635575""}",matched: technology
Agiledge process solutions Pvt Ltd,32.0,low,Bengaluru,Karnataka,India,"6, 6th Main Krishnappa Block, 560032",13.0169007,77.5907711,https://www.agiledgesolutions.com/,080-23432343,,,,,,,shop=computer,openstreetmap,"{""openstreetmap"": ""node:4697843992""}","matched: solutions, computer"
Altisource Business Solutions Pvt Ltd,32.0,low,Bengaluru,Karnataka,India,"Building 12B, RMZ Ecospace Internal Rd, Bellandur, BANGALORE, 560103",12.9230175,77.6798965,https://www.altisource.com/,,,,,,,,office=company,openstreetmap,"{""openstreetmap"": ""node:4446463782""}","matched: solutions, office=company"
Bengaluru Science & Technology cluster,32.0,low,Bengaluru,Karnataka,India,,13.0132336,77.5688177,https://www.bestkc.in/,,,,,,,,office=ngo,openstreetmap,"{""openstreetmap"": ""node:10965458308""}",matched: technology
Bluemeric Technologies,32.0,low,Bengaluru,Karnataka,India,,12.9661558,77.7137122,www.bluemeric.com,,,,,,,,shop=yes,openstreetmap,"{""openstreetmap"": ""node:4142109989""}",matched: technologies
Bossman Instruments Technology,32.0,low,Bengaluru,Karnataka,India,"Seshadripuram, Bangalore, 560020",12.9882571,77.5736831,https://www.bossmaninternational.com/,,,,,,,,"office=yes | description=Bossmanfilter is one of the leading manufacturers of Industrial filters, Compressed air Purification products, process filter equipments, Air Dryers, Automobile filters, Oil & hydraulic filtration products to meet specific customer requirements.",openstreetmap,"{""openstreetmap"": ""node:12509128849""}",matched: technology
Carelon Global Solutions,32.0,low,Bengaluru,Karnataka,India,,12.9705609,77.7081838,https://www.carelon.com/,,,,,,,,office=company,openstreetmap,"{""openstreetmap"": ""node:9880645605""}","matched: solutions, office=company"
Dr Ravi Labs & Research Center,32.0,low,Bengaluru,Karnataka,India,"72/1A,, GVR Plaza, Outer Ring Road, opposite Central Mall, Bellandur,, Belandur, Bangalore, 560103",12.9264316,77.6799388,www.drravilabs.com,080 4150 4222,,,,,,,office=company,openstreetmap,"{""openstreetmap"": ""node:4446683403""}","matched: labs, office=company"
DreamQuest Infotech,32.0,low,Bengaluru,Karnataka,India,,13.0250368,77.6361978,http://www.dreamqi.com/,,,,,,,,,openstreetmap,"{""openstreetmap"": ""node:454091503""}",matched: infotech
JN Tech Solutions,32.0,low,Bengaluru,Karnataka,India,"2nd Floor, #591/A, 560097",13.0813846,77.559798,https://www.jntechsolutions.org,,,,,,,,office=company,openstreetmap,"{""openstreetmap"": ""node:6704989085""}","matched: solutions, office=company"
Karthavya Technologies Pvt Ltd,32.0,low,Bengaluru,Karnataka,India,"8, Chelkere, 560043",13.0313009,77.6416454,https://www.karthavya.com/,,,,,,,,building=office,openstreetmap,"{""openstreetmap"": ""node:2404633521""}",matched: technologies
Khosla Labs,32.0,low,Bengaluru,Karnataka,India,"18/2A, Sarjapur Road, Bangalore, 560103",12.9188741,77.6702697,http://khoslalabs.com,+91 80 4212 4272,,,,,,,office=company,openstreetmap,"{""openstreetmap"": ""node:3357540334""}","matched: labs, office=company"
MiQ Digital,32.0,low,Bengaluru,Karnataka,India,"5th & 6th Floor, Lavelle Road, Bangalore, 560001",12.9654503,77.5963521,https://www.wearemiq.com/,,,,,,,,office=company,openstreetmap,"{""openstreetmap"": ""node:10291144731""}","matched: digital, office=company"
Proche Solutions,32.0,low,Bengaluru,Karnataka,India,,12.9806412,77.6290874,www.proche.in,,,,,,,,office=company,openstreetmap,"{""openstreetmap"": ""node:8834772574""}","matched: solutions, office=company"
Saartha Labs Private Labs,32.0,low,Bengaluru,Karnataka,India,"#12, 2nd floor, Banaswadi Main Road, Bangalore, 560043",13.0101203,77.6449673,https://www.saartha.com/,+91 9900743078,,,,,,,office=company,openstreetmap,"{""openstreetmap"": ""node:3368028795""}","matched: labs, office=company"
SABIC India Technology Center,32.0,low,Bengaluru,Karnataka,India,"Anekal, 562125",12.8438396,77.7703312,https://www.sabic.com,,,,,,,,office=research,openstreetmap,"{""openstreetmap"": ""way:1077021236""}",matched: technology
Worksupp (WSC Technologies Pvt ltd),32.0,low,Bengaluru,Karnataka,India,"54/A, Venkata Reddy Layout, Ejipura, 560095",12.9383091,77.6271996,https://worksupp.com,,,,,,,,shop=wholesale,openstreetmap,"{""openstreetmap"": ""node:12313885295""}",matched: technologies
TechnoGaze Solutions,32.0,low,Bhopal,Madhya Pradesh,India,,23.2515749,77.4944558,https://g.co/kgs/NJXw9EH,,,,,,,,"description=We offer comprehensive Digital Marketing Course in Patel Nagar, Bhopal",openstreetmap,"{""openstreetmap"": ""node:3692790138""}","matched: solutions, digital"
Odisha University Of Technology And Research,32.0,low,Bhubaneswar,Odisha,India,"Ghatikia, Bhubaneshwar, 751003",20.2771485,85.7766474,https://www.cet.edu.in/,,,,,,,,amenity=university,openstreetmap,"{""openstreetmap"": ""way:230784857""}",matched: technology
National Institite of Fashion Technology Panchkula,32.0,low,Chandigarh-Mohali,Chandigarh/Punjab,India,"Sector 23, Panchkula, 134109",30.6850497,76.8816169,https://nift.ac.in/panchkula/,,,,,,,,amenity=university,openstreetmap,"{""openstreetmap"": ""way:1059372269""}",matched: technology
WebUtopian Technologies PVT. LTD,32.0,low,Chandigarh-Mohali,Chandigarh/Punjab,India,"F- 539, Phase, 8B, Industrial Area, Tower, Sahibzada Ajit Singh Nagar, Punjab, Mohali, 160055",30.7093108,76.6953918,https://webutopian.com/,,,,,,,,description=At Web Utopian Technologies We change the way you think – creating a new way inspired by the changed world and by a passion for making an impact for our clients across the globe. https://webutopian.com/,openstreetmap,"{""openstreetmap"": ""node:7097462740""}",matched: technologies
KOKA TECHNOLOGY,32.0,low,Chennai,Tamil Nadu,India,"No 69, Vellalar st, Chennai, 600037",13.0865001,80.1746595,https://www.k2schoolmanagementsoftware.com/,,,,,,,,building=yes,openstreetmap,"{""openstreetmap"": ""way:354460951""}",matched: technology
Metaforum technologies,32.0,low,Chennai,Tamil Nadu,India,"164, 6th St, Thangal karai, Kumaran Colony,Vadapalani, Chennai, 600026",13.0539871,80.2068665,https://www.metaforumtechnologies.com/dot-net-training-in-chennai,,,,,,,,,openstreetmap,"{""openstreetmap"": ""way:27346920""}",matched: technologies
Raptee.HV HQ,32.0,low,Chennai,Tamil Nadu,India,,13.0179393,80.1737952,https://www.raptee.com/,,,,,,,,description=Raptee.HV is an innovative electric motorcycle company that stands out for its cutting-edge technology and commitment to sustainable mobility.,openstreetmap,"{""openstreetmap"": ""node:12050789761""}",matched: technology
Immersive Technologies,32.0,low,Gurugram,Haryana,India,,28.4664967,77.0938914,https://www.immersivetech.in/,,,,,,,,shop=yes,openstreetmap,"{""openstreetmap"": ""node:13246707625""}",matched: technologies
Insitute of Advanced Study in Science and Technology,32.0,low,Guwahati,Assam,India,"IASST, Paschim Boragaon, Garchuk, Vigyan Path, Guwahati, 781035",26.1110986,91.6852742,https://iasst.gov.in/,,,,,,,,amenity=university,openstreetmap,"{""openstreetmap"": ""way:517462558""}",matched: technology
Centre for Quantum Science & Technology,32.0,low,Hyderabad,Telangana,India,"Old Bombay Road, Hyderabad, 500032",17.4455917,78.349991,https://cqst.iiit.ac.in/,,,,,,,,office=research,openstreetmap,"{""openstreetmap"": ""node:13545320662""}",matched: technology
Digital Mojo,32.0,low,Hyderabad,Telangana,India,"Plot No. 34A, Lane No. 12, Hyderabad, 500033",17.4120529,78.420126,https://www.digitalmojo.in/,,,,,,,,office=company | description=Best Digital Marketing Agency in Hyderabad,openstreetmap,"{""openstreetmap"": ""node:11601446167""}","matched: digital, office=company"
Mindspace Technology Park,32.0,low,Hyderabad,Telangana,India,,17.4402111,78.3822757,https://www.mindspaceindia.com/,,,,,,,,,openstreetmap,"{""openstreetmap"": ""way:292816639""}",matched: technology
VEM Technologies,32.0,low,Hyderabad,Telangana,India,,17.2483141,78.4732248,http://aviationspaceindia.com/content/vem-technologies-pvtltd,,,,,,,,,openstreetmap,"{""openstreetmap"": ""node:5072094278""}",matched: technologies
Raja Ramanna Centre for Advanced Technology,32.0,low,Indore,Madhya Pradesh,India,"Rau-Indore road, Indore",22.6647637,75.802033,http://www.cat.gov.in,,,,,,,,,openstreetmap,"{""openstreetmap"": ""way:192421941""}",matched: technology
2M Infotech Pvt. Ltd.,32.0,low,Jaipur,Rajasthan,India,"Plot No. 3, 2nd Floor, Shalimar Bagh Colony Chitrakoot Marg, Ajmer Rd, Jaipur, 302021",26.894724,75.7390016,https://2minfotech.com/,,,,,,,,,openstreetmap,"{""openstreetmap"": ""way:1232392027""}",matched: infotech
Microzon Infotech,32.0,low,Jaipur,Rajasthan,India,"Ward Number 43, Sector 101, Mansarovar, Meera Marg, Jaipur, 302020",26.8489037,75.7638182,https://microzon.in/,,,,,,,,building=yes | description=Microzon Infotech are the best training programs and development providing company giving international level dot net training in Jaipur.,openstreetmap,"{""openstreetmap"": ""way:476221746""}",matched: infotech
Cochin University of Science And Technology Arena,32.0,low,Kochi,Kerala,India,,10.043154,76.3291171,https://cusat.ac.in,,,,,,,,amenity=university,openstreetmap,"{""openstreetmap"": ""way:475140702""}",matched: technology
Taski Technologies,32.0,low,Kochi,Kerala,India,"43/203 1st Floor, PPJC Tower Kalavat, Kalavath Road, Palarivattom, 682025",10.0034577,76.309337,https://www.taski.in/,,,,,,,,office=yes,openstreetmap,"{""openstreetmap"": ""node:9992466633""}",matched: technologies
Geforce Consulting Solutions Pvt. Ltd.,32.0,low,Kolkata,West Bengal,India,"7th Floor, K-1, Manibhandar Building, Module 7A, Ring Road, EP Block, Sector V, Salt Lake City, 700091",22.5696848,88.4365441,https://gforces.in/,,,,,,,,office=company,openstreetmap,"{""openstreetmap"": ""node:9920814609""}","matched: solutions, office=company"
Softcodelink Web Solutions,32.0,low,Mangaluru,Karnataka,India,"Balmatta Cross Road, Mangalre",12.8704731,74.8460444,http://softcodelink.com/,08244253725,,,,,,,shop=computer,openstreetmap,"{""openstreetmap"": ""node:2470277369""}","matched: solutions, computer"
LogiNext Solutions,32.0,low,Mumbai,Maharashtra,India,"Gate No 2, Plant No. 6, Lal Bahadur Shashtri Road, Vikhroli West, Mumbai, 400079",19.100581,72.9191634,https://www.loginextsolutions.com/,,,,,,,,office=company,openstreetmap,"{""openstreetmap"": ""node:10159682891""}","matched: solutions, office=company"
Suntech Business Solutions,32.0,low,Mumbai,Maharashtra,India,,19.1153572,72.8555855,https://www.suntech-global.com/,+91 22 4972 4686;+91 74004 36581;+91 74004 36585,,,,,,,shop=computer,openstreetmap,"{""openstreetmap"": ""node:8065431802""}","matched: solutions, computer"
Yashuss Unlimited Business Solutions,32.0,low,Mumbai,Maharashtra,India,"G-53/54, Zoom Plaza, Gorai Borivali Road;Lokmanya Tilak Road, Mumbai, 400092",19.2320681,72.8286156,https://www.yashussunlimited.com/,,,,,,,,office=company,openstreetmap,"{""openstreetmap"": ""node:6276070833""}","matched: solutions, office=company"
Zycus Infotech Pvt Ltd,32.0,low,Mumbai,Maharashtra,India,"Plot No. GJ - 07, Seepz++, Andheri East, Mumbai, 400096",19.1281015,72.8788377,https://www.zycus.com/,,,,,,,,building=commercial,openstreetmap,"{""openstreetmap"": ""way:353141393""}",matched: infotech
Infosys Technologies Limited,32.0,low,Mysuru,Karnataka,India,,12.3634226,76.5978838,https://www.infosys.com,,,,,,,,,openstreetmap,"{""openstreetmap"": ""way:231782270""}",matched: technologies
DNA Technology,32.0,low,Nashik,Maharashtra,India,"Fh11-12, Trimbak Road, Nashik, 422008",19.9981054,73.7803273,https://www.dnatechindia.com/,,,,,,,,,openstreetmap,"{""openstreetmap"": ""node:5221734075""}",matched: technology
Aquevix Solutions Pvt Ltd.,32.0,low,New Delhi,Delhi,India,"A8, Bigjos Tower, Netaji Subhash Place, 110034",28.6920168,77.1519473,https://www.aquevix.com,,,,,,,,office=company,openstreetmap,"{""openstreetmap"": ""node:8855679917""}","matched: solutions, office=company"
Faculty of Technology,32.0,low,New Delhi,Delhi,India,"Faculty of Technology, Maharishi Kanad Bhawan, University of Delhi, Delhi-110007",28.6875302,77.2141533,https://fot.du.ac.in,,,,,,,,building=university,openstreetmap,"{""openstreetmap"": ""way:1487166544""}",matched: technology
A.K.S. Networking Solutions,32.0,low,Noida,Uttar Pradesh,India,"89, New Delhi, 110019",28.5480439,77.25339,https://www.aksnetworkingsolutions.com,+91-11-4157-4411,,,,,,,shop=computer,openstreetmap,"{""openstreetmap"": ""node:12031173579""}","matched: solutions, computer"
Neuweg Technologies,32.0,low,Noida,Uttar Pradesh,India,"B-6, 3rd Floor,, Sector-64,, Noida , Uttar Pradesh, 201301",28.6126734,77.3774002,https://neuweg.co.in/,,,,,,,,building=commercial,openstreetmap,"{""openstreetmap"": ""node:2908703579""}",matched: technologies
"Department Of Science, Technology & Waste Management",32.0,low,Panaji/Goa,Goa,India,,15.5167401,73.8376415,https://dstwm.goa.gov.in/,,,,,,,,office=government,openstreetmap,"{""openstreetmap"": ""node:12709416803""}",matched: technology
Goa State Council for Science & Technology,32.0,low,Panaji/Goa,Goa,India,,15.5347309,73.7926421,https://gscst.goa.gov.in/,,,,,,,,office=government,openstreetmap,"{""openstreetmap"": ""way:1372586487""}",matched: technology
Immo Infotech Pvt Ltd,32.0,low,Panaji/Goa,Goa,India,"Belgaum - Panaji Highway, Merces, 403005",15.4925172,73.8511991,https://www.iazi.ch/,,,,,,,,building=commercial,openstreetmap,"{""openstreetmap"": ""way:475838561""}",matched: infotech
iON Digital Zone Examination Centre,32.0,low,Patna,Bihar,India,"GATE NO 1 Road No 2, Block 3 Patliputra Industrial Estate, Road No. 2, Patna, 800013",25.6343683,85.1037307,https://www.tcsion.com,,,,,,,,office=company,openstreetmap,"{""openstreetmap"": ""node:8758555602""}","matched: digital, office=company"
Technology Bhavan,32.0,low,Patna,Bihar,India,"Bailey Road, 800001",25.6064939,85.114903,http://dst.bih.nic.in,,,,,,,,office=government,openstreetmap,"{""openstreetmap"": ""node:5845683094""}",matched: technology
Amura Marketing Technologies,32.0,low,Pune,Maharashtra,India,"3rd Floor, Sr. No. 9, H.No:1/2, umbai Hwy, Near Ramada Plaza, Mahalunge, Pune, 411045",18.5822207,73.7600314,https://www.amuratech.com/,,,,,,,,"building=yes | description=Amura, a leading digital growth marketing agency in India provides a wide range of digital marketing services. Get customized digital marketing solutions for real estate, pharmaceutical, manufacturing, FMCG, and healthcare industries",openstreetmap,"{""openstreetmap"": ""way:359567551""}","matched: technologies, solutions, digital; negative hints: real estate"
Discreet Solutions,32.0,low,Pune,Maharashtra,India,17/7/7 & 178/7,18.5691439,73.7802233,https://discreet.co.in/,,,,,,,,office=company | building=yes,openstreetmap,"{""openstreetmap"": ""way:1389330201""}","matched: solutions, office=company"
SEED Infotech Nalanda centre,32.0,low,Pune,Maharashtra,India,,18.501148,73.8253956,https://seedinfotech.com/,,,,,,,,office=educational_institution | description=IT education,openstreetmap,"{""openstreetmap"": ""node:5253715090""}",matched: infotech
synthesys solutions pvt. ltd,32.0,low,Pune,Maharashtra,India,,18.5072521,73.8030373,https://synthesys.co.in/,,,,,,,,office=company | building=yes,openstreetmap,"{""openstreetmap"": ""way:359810451""}","matched: solutions, office=company"
VayuZon Technology,32.0,low,Pune,Maharashtra,India,"09, Anandnagar, Kothrud, 411038",18.5092259,73.8134823,https://vayuzon.com/,,,,,,,,,openstreetmap,"{""openstreetmap"": ""node:13540096536""}",matched: technology
"Vidnyan Kendra, Lohegaon",32.0,low,Pune,Maharashtra,India,"Vidnyan Kendra, Lohegaon Sunil R Desai C/o Himron System's & Control 253/95, Shrungar Lane no 5, B/H Dr Andurkar Khese Park, Lohogaon Rd Pune 411032",18.5896886,73.9097593,https://vidnyankendra.neocities.org,,,,,,,,description=Vidnyan Kendra is a Peoples' Science and Technology Movement.,openstreetmap,"{""openstreetmap"": ""node:5646173431""}",matched: technology
Rising Star Infotech,32.0,low,Surat,Gujarat,India,,21.2405095,72.8694583,https://risingstarinfotech.com/,,,,,,,,"description=Developing High-Performance
Websites and Mobile Apps that Drive Results",openstreetmap,"{""openstreetmap"": ""node:13168831451""}",matched: infotech
Livares Technologies Pvt Ltd,32.0,low,Thiruvananthapuram,Kerala,India,,8.5468714,76.8790522,https://livares.com/,,,,,,,,"description=5th Floor, Yamuna Building
Technopark Phase III Campus, Trivandrum
Kerala, India-695581",openstreetmap,"{""openstreetmap"": ""node:11924887245""}",matched: technologies
Science & Technology Museum,32.0,low,Thiruvananthapuram,Kerala,India,,8.5099454,76.9468645,https://kstmuseum.com/,,,,,,,,building=government,openstreetmap,"{""openstreetmap"": ""way:382859789""}",matched: technology
Blue Global Technology,32.0,low,Vadodara,Gujarat,India,,22.2654928,73.2225441,https://blueglobtech.com/,,,,,,,,,openstreetmap,"{""openstreetmap"": ""node:13422321430""}",matched: technology
Skenix Infotech,32.0,low,Vadodara,Gujarat,India,,22.2922786,73.2377034,https://www.skenix.com,,,,,,,,,openstreetmap,"{""openstreetmap"": ""node:6377552438""}",matched: infotech
Electro Cloud,31.0,low,Bengaluru,Karnataka,India,,12.9106109,77.6520674,,,,,,,,,shop=computer,openstreetmap,"{""openstreetmap"": ""node:11411649458""}","matched: cloud, computer"
Saas Babu,31.0,low,Guwahati,Assam,India,,26.1810638,91.7402051,,,,,,,,,shop=yes,openstreetmap,"{""openstreetmap"": ""node:12976879927""}",matched: saas
Saas Bahu Ladies Tailor,31.0,low,Jaipur,Rajasthan,India,Vikas Path,26.8991013,75.7847228,,,,,,,,,shop=tailor,openstreetmap,"{""openstreetmap"": ""node:8120433446""}",matched: saas
SAAS CLOTHING,31.0,low,Kochi,Kerala,India,,9.943758,76.3740266,,,,,,,,,shop=clothes,openstreetmap,"{""openstreetmap"": ""node:7465545537""}",matched: saas
Legrand Novateur Electrical & Digital Systems Pvt Ltd,31.0,low,Nashik,Maharashtra,India,D1/36,19.9638336,73.7360529,,+91 0253 26655200;+91 0253 2309 6700,,,,,,,,openstreetmap,"{""openstreetmap"": ""way:1476906067""}","matched: systems, digital"
Unilab Power Systems,31.0,low,Noida,Uttar Pradesh,India,"89, New Delhi, 110019",28.5479719,77.2534288,,+91-11-4501-3542,,,,,,,office=company,openstreetmap,"{""openstreetmap"": ""node:12031170951""}","matched: systems, office=company"
Net Gyani IT Services Private Limited,31.0,low,Pune,Maharashtra,India,"Office # 402,C-Wing,4th Floor, Audumbar Society,, Pune - Bangalore Hwy, Warje,, Pune, 411058",18.4827798,73.8024774,,,,,,,,,building=yes,openstreetmap,"{""openstreetmap"": ""node:4605271217""}",matched: it services
SatLeo Labs Pvt. Ltd.,30.0,low,Ahmedabad,Gujarat,India,"Ratnakar Nine Square, A708, Judges Bunglow Road, Ahmedabad, 380015",23.0284745,72.5301693,https://www.satleolabs.com,,,,,,,,office=company,openstreetmap,"{""openstreetmap"": ""node:12281064418""}","matched: labs, office=company"
Ferlion Labs LLP,30.0,low,Bengaluru,Karnataka,India,"282, 8th Main Road, Bengaluru, 560066",12.9592148,77.7178844,https://ferilionlabs.com/,,,,,,,,office=company,openstreetmap,"{""openstreetmap"": ""node:11933299451""}","matched: labs, office=company"
Micro Labs Limited,30.0,low,Bengaluru,Karnataka,India,"31, Race Course Road, Bengaluru, 560001",12.9843016,77.5789851,https://www.microlabsltd.com/,,,,,,,,office=company,openstreetmap,"{""openstreetmap"": ""node:7276500339""}","matched: labs, office=company"
Safepro Video Security Research Labs,30.0,low,Bengaluru,Karnataka,India,"122, 3rd Main Rd, C-Wing, Gruhalakshmi Layout, II stage, Basaweshwara Nagar, Bengaluru, Karnataka 560079, Bangalore, 560079",12.9944484,77.5323882,https://www.safepro.tech/,,,,,,,,office=company,openstreetmap,"{""openstreetmap"": ""node:6451583824""}","matched: labs, office=company"
SAP Labs India Pvt Ltd,30.0,low,Bengaluru,Karnataka,India,"Outer Ring Road, 560103",12.9244856,77.6701609,https://www.sap.com/,,,,,,,,office=company,openstreetmap,"{""openstreetmap"": ""node:5622287724""}","matched: labs, office=company"
The Comp Solutions,30.0,low,Gurugram,Haryana,India,,28.4606332,77.0790894,https://www.thecompsolutions.com,,,,,,,,shop=computer,openstreetmap,"{""openstreetmap"": ""node:12091658519""}","matched: solutions, computer"
Digital Literacy Centre ( DLC VINAYAKPURAM),30.0,low,Lucknow,Uttar Pradesh,India,"199, Vinayakpuram, 226022",26.9019403,80.9614669,http://www.aimindiatrust.org,,,,,,,,shop=computer,openstreetmap,"{""openstreetmap"": ""node:13622377301""}","matched: digital, computer"
Tech Digital Computer,30.0,low,Noida,Uttar Pradesh,India,,28.5480566,77.2516019,apnidukan9201@gmail.com,,,,,,,,shop=computer,openstreetmap,"{""openstreetmap"": ""node:11917721691""}","matched: digital, computer"
JM Zhongkai Chemical Equipment LLP,29.0,low,Ahmedabad,Gujarat,India,"Plot No. 143, Phase 1, Vatva GIDC, Ahmedabad, 382245",22.9612311,72.6382711,,+91-79-40327309,,,,,,,"description=We are the manufacturer of equipments out of composite materials. We design and manufacture products such as tanks, vessels, heat exchangers, scrubbers, blowers, pipes and fittings, Agitators, Filters. we are known for investment in technology which resu",openstreetmap,"{""openstreetmap"": ""node:10889625664""}",matched: technology
TM Systems Pvt. Ltd.,29.0,low,Ahmedabad,Gujarat,India,"804 Aditya Building, Krupa Shankar Joshi Marg, Ahmedabad, 380006",23.0310817,72.5624122,,,,,,,,,office=company,openstreetmap,"{""openstreetmap"": ""node:3387147612""}","matched: systems, office=company"
Apple Store,29.0,low,Bengaluru,Karnataka,India,"Hosur Road, Bangalore",12.9342242,77.6109653,,+9108046999888,,,,,,,shop=electronics,openstreetmap,"{""openstreetmap"": ""node:11396038128""}",matched: technologies
Atlas Systems,29.0,low,Bengaluru,Karnataka,India,,12.906668,77.5879187,,,,,,,,,office=company,openstreetmap,"{""openstreetmap"": ""node:11303737305""}","matched: systems, office=company"
Citrix Systems,29.0,low,Bengaluru,Karnataka,India,,12.9752015,77.6170135,,,,,,,,,office=company,openstreetmap,"{""openstreetmap"": ""node:13694485091""}","matched: systems, office=company"
Comfort HVAC Systems Ltd,29.0,low,Bengaluru,Karnataka,India,,12.9592025,77.6529837,,,,,,,,,office=company,openstreetmap,"{""openstreetmap"": ""node:3854006369""}","matched: systems, office=company"
Commvault Systems,29.0,low,Bengaluru,Karnataka,India,"Bagmane Tech Park, Bengaluru, 560093",12.9795827,77.6646012,,,,,,,,,office=company,openstreetmap,"{""openstreetmap"": ""node:9783612896""}","matched: systems, office=company"
Control Infotech Private Limited,29.0,low,Bengaluru,Karnataka,India,"426, 426, Phase IV, Peenya Industrial Area, Peenya, Bengaluru, Karnataka – 560058, Bangalore, 560058",13.0208029,77.5085452,,08028362527,,,,,,,,openstreetmap,"{""openstreetmap"": ""node:4489703689""}",matched: infotech
Dassault Systems,29.0,low,Bengaluru,Karnataka,India,,12.9299714,77.5740941,,,,,,,,,office=company,openstreetmap,"{""openstreetmap"": ""node:12308893237""}","matched: systems, office=company"
Delphi Automotive Systems Private Limited,29.0,low,Bengaluru,Karnataka,India,"No 24, Kalyani Platina Tech Park, EPIP Zone Phase 2, Whitefield, Bangalore, 560066",12.9720563,77.7185441,,,,,,,,,office=company,openstreetmap,"{""openstreetmap"": ""node:4861726306""}","matched: systems, office=company"
Dynamatic Technologies Limited,29.0,low,Bengaluru,Karnataka,India,"11, Dynamatic Park, Peenya, Tumkur Road, Vidya Nagar, Peenya, bangalore, 560058",13.0365667,77.5127684,,08028394933,,,,,,,,openstreetmap,"{""openstreetmap"": ""node:4489047280""}",matched: technologies
Klar Systems,29.0,low,Bengaluru,Karnataka,India,"3, Wind Tunnel Road, Bangalore, 560017",12.9532765,77.6529183,,,,,,,,,office=company,openstreetmap,"{""openstreetmap"": ""node:3195448203""}","matched: systems, office=company"
Maveric Systems,29.0,low,Bengaluru,Karnataka,India,,12.9648408,77.5990411,,,,,,,,,office=company,openstreetmap,"{""openstreetmap"": ""node:11542415991""}","matched: systems, office=company"
Nano Technology,29.0,low,Bengaluru,Karnataka,India,"48, Chamrajpet 5th Main Road",12.9570351,77.566046,,+91 86606 80577,,,,,,,shop=electronics,openstreetmap,"{""openstreetmap"": ""node:11178079809""}",matched: technology
Nivetti Systems,29.0,low,Bengaluru,Karnataka,India,,12.9066688,77.5878423,,,,,,,,,office=company,openstreetmap,"{""openstreetmap"": ""node:11303737304""}","matched: systems, office=company"
Ocwen Financial Solutions Pvt ltd,29.0,low,Bengaluru,Karnataka,India,"Building 12B, RMZ Ecospace Internal Rd, Bellandur,, BANGALORE, 560103",12.9224267,77.6798858,,098869 97471,,,,,,,office=company,openstreetmap,"{""openstreetmap"": ""node:4446442141""}","matched: solutions, office=company"
Seenu Precision Tooling Systems,29.0,low,Bengaluru,Karnataka,India,,12.9584737,77.5596721,,,,,,,,,office=company,openstreetmap,"{""openstreetmap"": ""node:11178186996""}","matched: systems, office=company"
SMS Technologies,29.0,low,Bengaluru,Karnataka,India,"107/6, 3rd cross, Bangalore, 560058",13.033725,77.5273435,,+91-9449503160,,,,,,,,openstreetmap,"{""openstreetmap"": ""node:4490148584""}",matched: technologies
SVS Instruments and Control Systems,29.0,low,Bengaluru,Karnataka,India,,12.9102452,77.5991986,,,,,,,,,office=company,openstreetmap,"{""openstreetmap"": ""node:3395243173""}","matched: systems, office=company"
Switchgear Solutions and Innovations,29.0,low,Bengaluru,Karnataka,India,,12.9586016,77.5645897,,+91 89711 96382,,,,,,,office=company,openstreetmap,"{""openstreetmap"": ""node:11178160546""}","matched: solutions, office=company"
TF Air Systems Pvt. Ltd.,29.0,low,Bengaluru,Karnataka,India,,12.9994286,77.6180856,,,,,,,,,office=company,openstreetmap,"{""openstreetmap"": ""node:11853518224""}","matched: systems, office=company"
True Blue Technologies,29.0,low,Bengaluru,Karnataka,India,"No 24/1, Tumkur Road Anchepalya , Nagasandra, Near PONPURE CHEMICALS, banglore, 560073",13.0555958,77.4811299,,(91)-80-23713481,,,,,,,,openstreetmap,"{""openstreetmap"": ""node:4488564545""}",matched: technologies
TVM Signalling and Transportation Systems Pvt altd,29.0,low,Bengaluru,Karnataka,India,"#610, Narayana, 15th Cross, 100 ft Road, JP Nagar, 6th Phase, 15th Cross",12.9062651,77.5763516,,,,,,,,,office=company,openstreetmap,"{""openstreetmap"": ""node:11303760910""}","matched: systems, office=company"
VR e-Biz Solutions Private Limited,29.0,low,Bengaluru,Karnataka,India,"30/86, 20th Main, 2nd Block, Rajajinagar, Bangalore, 560010",12.996254,77.5508998,,"+918022240289, +918022210309",,,,,,,office=company,openstreetmap,"{""openstreetmap"": ""node:2651930666""}","matched: solutions, office=company"
Wipro GE Medical Systems,29.0,low,Bengaluru,Karnataka,India,,12.9917164,77.7455072,,,,,,,,,office=company | building=industrial,openstreetmap,"{""openstreetmap"": ""relation:2129025""}","matched: systems, office=company"
Centre of Excellence in Wireless Technology,29.0,low,Chennai,Tamil Nadu,India,"CEWiT, 3rd Floor, Kanagam road, Taramani, Chennai, 600113",12.9909554,80.2424547,,+91-44-66469201,,,,,,,office=research,openstreetmap,"{""openstreetmap"": ""node:2017710578""}",matched: technology
Maaya Systems,29.0,low,Chennai,Tamil Nadu,India,,13.0657747,80.2563165,,,,,,,,,office=company,openstreetmap,"{""openstreetmap"": ""node:9348174750""}","matched: systems, office=company"
SPJS Infotech,29.0,low,Chennai,Tamil Nadu,India,"6, 5th Cross Street, Govindsamay Nagar, Madipakkam, Chennai, 600091",12.9615837,80.2026432,,+919790811085,,,,,,,,openstreetmap,"{""openstreetmap"": ""node:3632309191""}",matched: infotech
Zilogic Systems Private Limited (Block III),29.0,low,Chennai,Tamil Nadu,India,"I/16, 2nd Floor, Ragula Tech Park, Dr. VSI Estate, Tharamani, 600041",12.9824521,80.2521716,,,,,,,,,office=company | building=yes,openstreetmap,"{""openstreetmap"": ""way:354532499""}","matched: systems, office=company"
e-mug Technologies Pvt. Ltd.,29.0,low,Hyderabad,Telangana,India,"IInd floor, 21, Ceon Road, Jayabheri Pine Valley, Gachibowl, Hyderabad, 500032",17.4304856,78.3710595,,040 2301 9200,,,,,,,,openstreetmap,"{""openstreetmap"": ""node:4489812469""}",matched: technologies
Samsung,29.0,low,Hyderabad,Telangana,India,"Survey No 8 & 9, 1st Floor,, Kothapet, Saroornagar, Hyderabad, 500035",17.3597459,78.5439215,,+ 91 9177303619,,,,,,,shop=electronics,openstreetmap,"{""openstreetmap"": ""node:11676166203""}",matched: technology
Smarttrak Solar Systems,29.0,low,Hyderabad,Telangana,India,,17.4439768,78.3853005,,,,,,,,,office=company,openstreetmap,"{""openstreetmap"": ""node:7021303679""}","matched: systems, office=company"
Tata Advance Systems Ltd.,29.0,low,Hyderabad,Telangana,India,,17.2440483,78.5418811,,,,,,,,,office=company,openstreetmap,"{""openstreetmap"": ""node:6273534626""}","matched: systems, office=company"
Feroca Buliding Systems,29.0,low,Kochi,Kerala,India,"104, Kadavanthra, Kochi",9.9625508,76.2985266,,,,,,,,,office=company | building=detached,openstreetmap,"{""openstreetmap"": ""way:1011901890""}","matched: systems, office=company"
Hilton Fitness Systems,29.0,low,Kochi,Kerala,India,,9.9357021,76.2724687,,,,,,,,,office=company | building=yes,openstreetmap,"{""openstreetmap"": ""way:798820217""}","matched: systems, office=company"
Verdant Telemetry & Antenna Systems,29.0,low,Kochi,Kerala,India,,9.942219,76.3018888,,,,,,,,,office=company | building=office,openstreetmap,"{""openstreetmap"": ""way:1054323243""}","matched: systems, office=company"
Diya systems,29.0,low,Mangaluru,Karnataka,India,,12.9135547,74.8622131,,,,,,,,,office=company,openstreetmap,"{""openstreetmap"": ""node:6395118243""}","matched: systems, office=company"
SP Ultraflex Systems Pvt. Ltd.,29.0,low,Mumbai,Maharashtra,India,Ghodbandar Road,19.2902414,72.8896282,,,,,,,,,office=company | building=yes,openstreetmap,"{""openstreetmap"": ""way:471777620""}","matched: systems, office=company"
Aditya Birla Science and Technology Company,29.0,low,Navi Mumbai,Maharashtra,India,,19.0585379,73.1042785,,+91 22 6760 3000,,,,,,,,openstreetmap,"{""openstreetmap"": ""way:209199024""}",matched: technology
GETEL TECHNOLOGY,29.0,low,Noida,Uttar Pradesh,India,"A-297/, Sarita Vihar, Delhi, 110076",28.5352182,77.2949938,,9850607878,,,,,,,,openstreetmap,"{""openstreetmap"": ""node:3195429581""}",matched: technology
Gloria Systems,29.0,low,Thiruvananthapuram,Kerala,India,,8.5242488,76.939614,,+91-471-2555623,,,,,,,shop=computer,openstreetmap,"{""openstreetmap"": ""node:3898452810""}","matched: systems, computer"
Efftronics Systems Pvt Ltd,29.0,low,Vijayawada,Andhra Pradesh,India,"4, IT Park, Mangalagiri, 522503",16.4210676,80.5608602,,,,,,,,,office=company,openstreetmap,"{""openstreetmap"": ""node:13232198610""}","matched: systems, office=company"
Elite Aqua Chem Technologies,29.0,low,Vijayawada,Andhra Pradesh,India,,16.5064971,80.6760876,,+91 80963 19645,,,,,,,amenity=car_wash,openstreetmap,"{""openstreetmap"": ""node:12991193959""}",matched: technologies
svt infotech,29.0,low,Vijayawada,Andhra Pradesh,India,"29-2-4/5, ramamandiram road",16.511645,80.6299921,,9494788179,,,,,,,office=educational_institution,openstreetmap,"{""openstreetmap"": ""node:11292673983""}",matched: infotech
Sri Sai Teja Technologies,29.0,low,Visakhapatnam,Andhra Pradesh,India,,17.7253124,83.3031063,,+91 92480 73777; +91 92461 73777,,,,,,,shop=electrical,openstreetmap,"{""openstreetmap"": ""node:11609602298""}",matched: technologies
"Jaaga Startup, Study and Labs",28.0,low,Bengaluru,Karnataka,India,"PH1, 6th Floor, Rich Homes, 5/1, Richmond Road, Bengaluru, 560025",12.9656927,77.6001774,https://www.jaaga.in/,,,,,,,,office=coworking | amenity=coworking_space,openstreetmap,"{""openstreetmap"": ""node:4542473044""}","matched: labs, startup"
Kcyber Experts Pvt Ltd,28.0,low,Nagpur,Maharashtra,India,"GPO Road, Civil Lines, Nagpur, Maharashtra 440001",21.1509477,79.068656,https://kcyberexperts.com/,91722 06400,,,,,,,office=cybersecurity_office,openstreetmap,"{""openstreetmap"": ""node:13817844781""}",matched: cybersecurity
Candolim Area Luxury 6BR Luxury Villa Cloud with private pool,28.0,low,Panaji/Goa,Goa,India,,15.4970981,73.8016136,https://villagoa.in/6-bedroom-sea-view-luxury-villa-cloud/,+91 95451 00011,,,,,,,,openstreetmap,"{""openstreetmap"": ""node:12222072165""}",matched: cloud
ARE Infotech,27.0,low,Ahmedabad,Gujarat,India,,23.0397667,72.5635693,,,,,,,,,building=commercial,openstreetmap,"{""openstreetmap"": ""way:487512871""}",matched: infotech
Creative Encode Technologies - Dev Aurum,27.0,low,Ahmedabad,Gujarat,India,"C/415, Dev Aurum Commercial, Near Anand Nagar Cross Roads, Ahmedabad, 380015",23.0118342,72.514776,,,,,,,,,building=yes,openstreetmap,"{""openstreetmap"": ""way:367789288""}",matched: technologies
"Faculty of Technology, CEPT University",27.0,low,Ahmedabad,Gujarat,India,"ahmedabad, 380009",23.0368666,72.5499986,,,,,,,,,building=university,openstreetmap,"{""openstreetmap"": ""way:317649575""}",matched: technology
Infineon Infotech,27.0,low,Ahmedabad,Gujarat,India,,23.0409881,72.5587625,,,,,,,,,building=commercial,openstreetmap,"{""openstreetmap"": ""way:487512956""}",matched: infotech
Moweb Technologies,27.0,low,Ahmedabad,Gujarat,India,"Swastik Char Rashta, Swastik Society Road, Ahmedabad, 380009",23.0372488,72.5609092,,,,,,,,,building=yes,openstreetmap,"{""openstreetmap"": ""way:1390043843""}",matched: technologies
parshwa technologies,27.0,low,Ahmedabad,Gujarat,India,"2nd Floor, Aditya Complex, Opp kasturi Dining Hall, Paldi Cross Road, Paldi, ahmedabad, 380007",23.0139722,72.5650882,,,,,,,,,,openstreetmap,"{""openstreetmap"": ""node:4284066679""}",matched: technologies
Aimoreen Digital Solutions,27.0,low,Bengaluru,Karnataka,India,"520, 8th Main Road",12.9588581,77.7200381,,,,,,,,,shop=copyshop,openstreetmap,"{""openstreetmap"": ""node:13321349874""}","matched: solutions, digital"
Alfa Technology,27.0,low,Bengaluru,Karnataka,India,,12.9772972,77.638063,,,,,,,,,office=yes,openstreetmap,"{""openstreetmap"": ""node:3370242726""}",matched: technology
Aliaxis Research and Technology Centre Asia,27.0,low,Bengaluru,Karnataka,India,"HP Suhas Park, 3rd Cross Rd, Electronics City Phase 1, Electronic City, Bengaluru, 560100",12.8378806,77.6650796,,,,,,,,,building=commercial,openstreetmap,"{""openstreetmap"": ""way:391787112""}",matched: technology
Ample Technologies,27.0,low,Bengaluru,Karnataka,India,,13.0282919,77.5958844,,,,,,,,,,openstreetmap,"{""openstreetmap"": ""node:850751621""}",matched: technologies
Ankit Infotech,27.0,low,Bengaluru,Karnataka,India,,12.9646385,77.5835239,,,,,,,,,shop=electronics,openstreetmap,"{""openstreetmap"": ""node:13735291747""}",matched: infotech
Apta Infotech,27.0,low,Bengaluru,Karnataka,India,,12.9280328,77.633072,,,,,,,,,,openstreetmap,"{""openstreetmap"": ""node:5915887981""}",matched: infotech
Bagmane World Technology Center,27.0,low,Bengaluru,Karnataka,India,,12.9843092,77.6949436,,,,,,,,,,openstreetmap,"{""openstreetmap"": ""way:91237236""}",matched: technology
Bionivid Technology Private Limited,27.0,low,Bengaluru,Karnataka,India,,13.0048359,77.6558154,,,,,,,,,building=office,openstreetmap,"{""openstreetmap"": ""node:1541339830""}",matched: technology
Bodhileaf Technologies Private Limited,27.0,low,Bengaluru,Karnataka,India,"3rd Cross, 9 H Main Road, HRBR Layout 1st Block,, Kalyan Nagar Post, Bengaluru, 560043",13.018593,77.6535587,,,,,,,,,office=yes,openstreetmap,"{""openstreetmap"": ""node:12509046853""}",matched: technologies
Categies Solutions Pvt Ltd,27.0,low,Bengaluru,Karnataka,India,,12.9719492,77.6473124,,,,,,,,,office=company,openstreetmap,"{""openstreetmap"": ""node:4307559702""}","matched: solutions, office=company"
Centre for Sustainable Technologies (formerly ASTRA),27.0,low,Bengaluru,Karnataka,India,,13.0127038,77.5695263,,,,,,,,,building=university,openstreetmap,"{""openstreetmap"": ""way:37974374""}",matched: technologies
CliQr technologies,27.0,low,Bengaluru,Karnataka,India,,12.9115948,77.599069,,,,,,,,,,openstreetmap,"{""openstreetmap"": ""node:4010731393""}",matched: technologies
Cognizant Technologies,27.0,low,Bengaluru,Karnataka,India,"C.V Raman Nagar, Byrasandra, Bangalore, 560093",12.9794872,77.6634982,,,,,,,,,building=office,openstreetmap,"{""openstreetmap"": ""way:201986090""}",matched: technologies
"Composite Technology Park, RV TIFAC",27.0,low,Bengaluru,Karnataka,India,,12.9197751,77.4720347,,,,,,,,,office=research,openstreetmap,"{""openstreetmap"": ""way:1262098000""}",matched: technology
Cordis Technology,27.0,low,Bengaluru,Karnataka,India,,12.9239785,77.6546129,,,,,,,,,building=commercial,openstreetmap,"{""openstreetmap"": ""way:1274231242""}",matched: technology
CoreEL Technologies,27.0,low,Bengaluru,Karnataka,India,,12.9251637,77.6334195,,,,,,,,,office=educational_institution,openstreetmap,"{""openstreetmap"": ""node:5915887968""}",matched: technologies
Evora IT Solutions Private Limited,27.0,low,Bengaluru,Karnataka,India,,12.9704579,77.6422291,,,,,,,,,office=company,openstreetmap,"{""openstreetmap"": ""node:4315678615""}","matched: solutions, office=company"
Filtrex Technologies,27.0,low,Bengaluru,Karnataka,India,,13.0278179,77.6356862,,,,,,,,,,openstreetmap,"{""openstreetmap"": ""node:443648476""}",matched: technologies
First Technology Place,27.0,low,Bengaluru,Karnataka,India,,12.9837828,77.7302655,,,,,,,,,,openstreetmap,"{""openstreetmap"": ""way:123613260""}",matched: technology
Global Technology Park,27.0,low,Bengaluru,Karnataka,India,,12.9256684,77.6826976,,,,,,,,,,openstreetmap,"{""openstreetmap"": ""way:450537541""}",matched: technology
Global technology Park Tower Road,27.0,low,Bengaluru,Karnataka,India,,12.9270798,77.6827842,,,,,,,,,office=yes | building=office,openstreetmap,"{""openstreetmap"": ""way:692956912""}",matched: technology
Green vision Technologies,27.0,low,Bengaluru,Karnataka,India,3rd Main road palace guttahalli bangalore,12.9995086,77.5790032,,,,,,,,,,openstreetmap,"{""openstreetmap"": ""node:2533454224""}",matched: technologies
GYR IT Solutions,27.0,low,Bengaluru,Karnataka,India,,12.9043578,77.5990145,,,,,,,,,office=company,openstreetmap,"{""openstreetmap"": ""node:11411767458""}","matched: solutions, office=company"
Hafele Solutions Private Limited,27.0,low,Bengaluru,Karnataka,India,100 Feet Road,12.9724264,77.6415235,,,,,,,,,office=company,openstreetmap,"{""openstreetmap"": ""node:3725721585""}","matched: solutions, office=company"
Hanatech Solutions Pvt Ltd,27.0,low,Bengaluru,Karnataka,India,,12.9066752,77.577323,,,,,,,,,office=company,openstreetmap,"{""openstreetmap"": ""node:11303765272""}","matched: solutions, office=company"
Hawkstack Technologies,27.0,low,Bengaluru,Karnataka,India,"780, 16th Main Road, BTM Layout, Bangalore, 560076",12.9147472,77.6099123,,,,,,,,,building=retail,openstreetmap,"{""openstreetmap"": ""way:348202013""}",matched: technologies
HCL Technologies,27.0,low,Bengaluru,Karnataka,India,,12.8437784,77.6717453,,,,,,,,,,openstreetmap,"{""openstreetmap"": ""way:236516032""}",matched: technologies
Hi-Tech Technologies,27.0,low,Bengaluru,Karnataka,India,"107, 3rd cross, Bangalore, 560058",13.034336,77.5276666,,,,,,,,,,openstreetmap,"{""openstreetmap"": ""node:4490216808""}",matched: technologies
Highsource HR Solutions,27.0,low,Bengaluru,Karnataka,India,,12.8960831,77.6351931,,,,,,,,,office=company,openstreetmap,"{""openstreetmap"": ""node:12706360456""}","matched: solutions, office=company"
Hinduja Global Solutions Ltd.,27.0,low,Bengaluru,Karnataka,India,,12.8999003,77.6311922,,,,,,,,,office=company,openstreetmap,"{""openstreetmap"": ""node:9253530906""}","matched: solutions, office=company"
"Hinduja Global Solutions, (HGS)",27.0,low,Bengaluru,Karnataka,India,"Building 14, Pritech Park, Outer Ring Road, Bengaluru, 560103",12.9210658,77.6807407,,,,,,,,,office=company,openstreetmap,"{""openstreetmap"": ""node:6801839057""}","matched: solutions, office=company"
IBS Business Solutions,27.0,low,Bengaluru,Karnataka,India,,12.916991,77.6314701,,,,,,,,,office=company,openstreetmap,"{""openstreetmap"": ""node:11801955133""}","matched: solutions, office=company"
IdeoForge Technology Limited,27.0,low,Bengaluru,Karnataka,India,,13.1498146,77.7079529,,,,,,,,,,openstreetmap,"{""openstreetmap"": ""way:1161960259""}",matched: technology
Infosys Technologies Limited,27.0,low,Bengaluru,Karnataka,India,,12.8488919,77.6659169,,,,,,,,,,openstreetmap,"{""openstreetmap"": ""way:364872809""}",matched: technologies
Infotech Enterprises Ltd,27.0,low,Bengaluru,Karnataka,India,,12.8368055,77.6623857,,,,,,,,,,openstreetmap,"{""openstreetmap"": ""way:231410912""}",matched: infotech
Innoz Technologies Private Limited,27.0,low,Bengaluru,Karnataka,India,,12.9361602,77.6167455,,,,,,,,,office=yes,openstreetmap,"{""openstreetmap"": ""node:5915195091""}",matched: technologies
IP Digital,27.0,low,Bengaluru,Karnataka,India,,12.9066729,77.5773665,,,,,,,,,office=company,openstreetmap,"{""openstreetmap"": ""node:11303766441""}","matched: digital, office=company"
ISPG Technologies,27.0,low,Bengaluru,Karnataka,India,,12.9411165,77.5854351,,,,,,,,,building=office,openstreetmap,"{""openstreetmap"": ""node:1685656329""}",matched: technologies
Karnataka State Council for Science and Technology (KSCST),27.0,low,Bengaluru,Karnataka,India,,13.0136897,77.5692712,,,,,,,,,office=research,openstreetmap,"{""openstreetmap"": ""node:4005079984""}",matched: technology
Kentropy Technologies,27.0,low,Bengaluru,Karnataka,India,"116, 2nd Main Road, Bengaluru, 560034",12.9284402,77.6350056,,,,,,,,,building=yes,openstreetmap,"{""openstreetmap"": ""way:347040127""}",matched: technologies
Kirti Integrated Solutions India Pvt. Ltd.,27.0,low,Bengaluru,Karnataka,India,,12.9515154,77.5689092,,,,,,,,,office=company,openstreetmap,"{""openstreetmap"": ""node:11178116146""}","matched: solutions, office=company"
Kowey Conveying Technology,27.0,low,Bengaluru,Karnataka,India,84,12.9753957,77.6377011,,,,,,,,,,openstreetmap,"{""openstreetmap"": ""node:3369909137""}",matched: technology
Larsen & Toubro Infotech Ltd,27.0,low,Bengaluru,Karnataka,India,"25 - 31, Bangalore",12.9819023,77.7227162,,,,,,,,,,openstreetmap,"{""openstreetmap"": ""way:122668435""}",matched: infotech
LDRA Technologies Pvt Ltd,27.0,low,Bengaluru,Karnataka,India,80 Feet Road(Sir C.V. Raman Hospital Road),12.9702171,77.6473633,,,,,,,,,office=it,openstreetmap,"{""openstreetmap"": ""node:3851665170""}","matched: technologies, office=it; negative hints: hospital"
Lithium Urban technologies,27.0,low,Bengaluru,Karnataka,India,"158, I T P L Main Road, Bengaluru, 560048",12.9830441,77.7089879,,,,,,,,,building=commercial,openstreetmap,"{""openstreetmap"": ""way:350830297""}",matched: technologies
Mahindra Comviva Technologies Ltd.,27.0,low,Bengaluru,Karnataka,India,,13.0516187,77.5954092,,,,,,,,,office=telecommunication,openstreetmap,"{""openstreetmap"": ""node:2712115346""}",matched: technologies
Mantle Solutions,27.0,low,Bengaluru,Karnataka,India,,12.9769925,77.7252705,,,,,,,,,office=company,openstreetmap,"{""openstreetmap"": ""node:12147783390""}","matched: solutions, office=company"
Minchu Technologies Road,27.0,low,Bengaluru,Karnataka,India,,13.0493229,77.5110908,,,,,,,,,,openstreetmap,"{""openstreetmap"": ""way:236950876""}",matched: technologies
Mistral Solutions Pvt Ltd,27.0,low,Bengaluru,Karnataka,India,"60, bangalore, 560071",12.9593734,77.6412702,,,,,,,,,office=company,openstreetmap,"{""openstreetmap"": ""node:958109470""}","matched: solutions, office=company"
Mobstac Technologies,27.0,low,Bengaluru,Karnataka,India,,12.9818173,77.6405063,,,,,,,,,office=private,openstreetmap,"{""openstreetmap"": ""node:3371304653""}",matched: technologies
Nano technology,27.0,low,Bengaluru,Karnataka,India,,13.0174924,77.5891779,,,,,,,,,,openstreetmap,"{""openstreetmap"": ""node:4708186192""}",matched: technology
NIIT Technologies,27.0,low,Bengaluru,Karnataka,India,"Rupena Agrahara, Hosur Road, Bangalore",12.9151861,77.6242633,,,,,,,,,building=yes,openstreetmap,"{""openstreetmap"": ""node:1467918892""}",matched: technologies
Orient Technologies Private Limited,27.0,low,Bengaluru,Karnataka,India,,12.9916521,77.6021282,,,,,,,,,office=yes,openstreetmap,"{""openstreetmap"": ""node:5174903784""}",matched: technologies
Ozone Manay Technology Park,27.0,low,Bengaluru,Karnataka,India,,12.8914704,77.6375458,,,,,,,,,,openstreetmap,"{""openstreetmap"": ""way:1257330725""}",matched: technology
Peertone Technologies,27.0,low,Bengaluru,Karnataka,India,"943, 1st Floor, 11th Main, HAL II Stage, Bangalore, 560008",12.9704829,77.6392752,,,,,,,,,,openstreetmap,"{""openstreetmap"": ""way:416707210""}",matched: technologies
pixelsbrew solutions,27.0,low,Bengaluru,Karnataka,India,,13.0028709,77.5503068,,,,,,,,,office=company,openstreetmap,"{""openstreetmap"": ""node:11662113629""}","matched: solutions, office=company"
Pragathi Technologies,27.0,low,Bengaluru,Karnataka,India,,12.957534,77.7009125,,,,,,,,,office=educational_institution,openstreetmap,"{""openstreetmap"": ""node:3803761226""}",matched: technologies
Prasad Technology Park,27.0,low,Bengaluru,Karnataka,India,,12.9760088,77.7258262,,,,,,,,,,openstreetmap,"{""openstreetmap"": ""way:1144296220""}",matched: technology
Productiva IT Solutions,27.0,low,Bengaluru,Karnataka,India,,12.9592515,77.7169489,,,,,,,,,office=company,openstreetmap,"{""openstreetmap"": ""node:10699991473""}","matched: solutions, office=company"
Rajendra Infotech Road,27.0,low,Bengaluru,Karnataka,India,,13.0405036,77.6203392,,,,,,,,,,openstreetmap,"{""openstreetmap"": ""way:395483361""}",matched: infotech
"Robert Bosch Engineering and Business Solutions India Pvt Ltd.,",27.0,low,Bengaluru,Karnataka,India,"No. 690, Hosur Road, Bengaluru, 560068",12.9015806,77.6328786,,,,,,,,,office=company,openstreetmap,"{""openstreetmap"": ""node:1467921623""}","matched: solutions, office=company"
Sathvick Infotech Private Limited,27.0,low,Bengaluru,Karnataka,India,"Bangalore, 560079",12.9775705,77.5312574,,,,,,,,,amenity=studio,openstreetmap,"{""openstreetmap"": ""node:3823691057""}",matched: infotech
Schunk Carbon Technology India Pvt. Ltd,27.0,low,Bengaluru,Karnataka,India,,12.9948778,77.6899495,,,,,,,,,,openstreetmap,"{""openstreetmap"": ""way:219618422""}",matched: technology
Science And Technology Takes Off,27.0,low,Bengaluru,Karnataka,India,,12.976277,77.6036223,,,,,,,,,,openstreetmap,"{""openstreetmap"": ""node:12118015677""}",matched: technology
Semiconductor Technology and Applied Research Centre,27.0,low,Bengaluru,Karnataka,India,,13.0013731,77.6771934,,,,,,,,,office=government | building=yes,openstreetmap,"{""openstreetmap"": ""way:1491276471""}",matched: technology
Shiksha Infotech pvt ltd,27.0,low,Bengaluru,Karnataka,India,"90, Manjunath kanika, 2nd Main, Bangalore, 560100",12.8416847,77.6670908,,,,,,,,,office=yes,openstreetmap,"{""openstreetmap"": ""node:12538932155""}",matched: infotech
Signa Health Solutions,27.0,low,Bengaluru,Karnataka,India,,12.9441517,77.6938936,,,,,,,,,office=company,openstreetmap,"{""openstreetmap"": ""node:11608263621""}","matched: solutions, office=company"
Siliciti Technologies,27.0,low,Bengaluru,Karnataka,India,"80 Ft Main Rd,NGEF Layout, Stage 2, Naagarabhaavi, Bengaluru, 560056",12.9608478,77.5094134,,,,,,,,,office=yes,openstreetmap,"{""openstreetmap"": ""node:12540878596""}",matched: technologies
Silkworm Seed Technology Laboratory,27.0,low,Bengaluru,Karnataka,India,,12.8812513,77.7106838,,,,,,,,,office=research,openstreetmap,"{""openstreetmap"": ""way:1088209020""}",matched: technology
Slv Engineering Technologies,27.0,low,Bengaluru,Karnataka,India,"3rd cross, Bangalore, 560058",13.0336166,77.5271115,,,,,,,,,,openstreetmap,"{""openstreetmap"": ""node:4490148583""}",matched: technologies
SoftInWay Turbomachinery Solutions Private Limited,27.0,low,Bengaluru,Karnataka,India,,12.9902188,77.5914976,,,,,,,,,office=company,openstreetmap,"{""openstreetmap"": ""node:12131844219""}","matched: solutions, office=company"
Tally Solutions Private Limited,27.0,low,Bengaluru,Karnataka,India,,12.8991094,77.6310713,,,,,,,,,office=company,openstreetmap,"{""openstreetmap"": ""node:9253551418""}","matched: solutions, office=company"
Tavant Technologies India Pvt Ltd,27.0,low,Bengaluru,Karnataka,India,,12.9338324,77.6185621,,,,,,,,,office=yes,openstreetmap,"{""openstreetmap"": ""node:5915409408""}",matched: technologies
The Institution of Engineering and Technology;IET,27.0,low,Bengaluru,Karnataka,India,,12.9733724,77.6137266,,,,,,,,,office=association,openstreetmap,"{""openstreetmap"": ""node:3808578261""}",matched: technology
Thirumala Carving Technology,27.0,low,Bengaluru,Karnataka,India,,13.046863,77.5077537,,,,,,,,,building=commercial,openstreetmap,"{""openstreetmap"": ""way:726429187""}",matched: technology
Tidalwave Solutions Private Limited,27.0,low,Bengaluru,Karnataka,India,,12.9762513,77.6407718,,,,,,,,,office=company,openstreetmap,"{""openstreetmap"": ""node:12125802593""}","matched: solutions, office=company"
Total RCM Solutions,27.0,low,Bengaluru,Karnataka,India,,12.9185753,77.6493543,,,,,,,,,office=company,openstreetmap,"{""openstreetmap"": ""node:11533128579""}","matched: solutions, office=company"
Trintech Solutions,27.0,low,Bengaluru,Karnataka,India,,12.9891224,77.7326435,,,,,,,,,office=company,openstreetmap,"{""openstreetmap"": ""node:13816579182""}","matched: solutions, office=company"
Velabh Technologies PVT LTD,27.0,low,Bengaluru,Karnataka,India,,13.069142,77.5549604,,,,,,,,,shop=yes,openstreetmap,"{""openstreetmap"": ""node:12766683173""}",matched: technologies
Vomsoft Technology and Consultancy (P) Ltd,27.0,low,Bengaluru,Karnataka,India,,12.9515351,77.7000534,,,,,,,,,office=yes,openstreetmap,"{""openstreetmap"": ""node:3541884420""}",matched: technology
Vyusync Design Solutions,27.0,low,Bengaluru,Karnataka,India,,12.9185744,77.6493857,,,,,,,,,office=company,openstreetmap,"{""openstreetmap"": ""node:11533128580""}","matched: solutions, office=company"
Western Digital,27.0,low,Bengaluru,Karnataka,India,,12.9437649,77.6931426,,,,,,,,,office=company,openstreetmap,"{""openstreetmap"": ""node:11608263620""}","matched: digital, office=company"
Zool Tech Solutions Pvt Ltd,27.0,low,Bengaluru,Karnataka,India,,12.9077497,77.6445912,,,,,,,,,office=company,openstreetmap,"{""openstreetmap"": ""node:4799061087""}","matched: solutions, office=company"
Technology Park,27.0,low,Bhopal,Madhya Pradesh,India,,23.2779837,77.4659004,,,,,,,,,,openstreetmap,"{""openstreetmap"": ""node:3892044619""}",matched: technology
Technology Park,27.0,low,Bhopal,Madhya Pradesh,India,,23.3000663,77.3632427,,,,,,,,,,openstreetmap,"{""openstreetmap"": ""way:1527712071""}",matched: technology
Technology Corridor,27.0,low,Bhubaneswar,Odisha,India,,20.348582,85.8070221,,,,,,,,,,openstreetmap,"{""openstreetmap"": ""way:1208791974""}",matched: technology
Technology Corridor,27.0,low,Bhubaneswar,Odisha,India,,20.3403055,85.8073534,,,,,,,,,,openstreetmap,"{""openstreetmap"": ""way:1393494685""}",matched: technology
Adwintage,27.0,low,Chandigarh-Mohali,Chandigarh/Punjab,India,"SCO 11-A, Sector 7-C, Madhya Marg, Chandigarh, 160019",30.7330933,76.7980135,,,,,,,,,"description=Adwintage leading Branding marketing & advertising agency providing 360 degree solutions in Marketing, PR, Events, Communications, designing, Website Development, Internet/ digital marketing Services based on client's specific needs.",openstreetmap,"{""openstreetmap"": ""node:4269366422""}","matched: solutions, digital"
H.R. Infotech,27.0,low,Chandigarh-Mohali,Chandigarh/Punjab,India,"SCO-356,1st Floor, Sector 32D, Sector 32, Chandigarh, 160031, Chandigarh, 160031",30.7090974,76.7733412,,,,,,,,,shop=electronics,openstreetmap,"{""openstreetmap"": ""node:12597413325""}",matched: infotech
PAMM Infotech,27.0,low,Chandigarh-Mohali,Chandigarh/Punjab,India,"IT-C2, First Floor, Sector 67 Mohali - India, First Floor, Sector 67, Mohali, 160062",30.6811687,76.7279902,,,,,,,,,,openstreetmap,"{""openstreetmap"": ""node:5803912910""}",matched: infotech
Rajput IT Solutions,27.0,low,Chandigarh-Mohali,Chandigarh/Punjab,India,"Shop No 73, Sunny Enclave, Sector 125,, Kharar, 140301",30.7417668,76.6759146,,+91-8558-000594,,,,,,,shop=computer,openstreetmap,"{""openstreetmap"": ""node:13306843692""}","matched: solutions, computer"
"Technology Park, Panchkula",27.0,low,Chandigarh-Mohali,Chandigarh/Punjab,India,Panchkula,30.6945439,76.8791497,,,,,,,,,,openstreetmap,"{""openstreetmap"": ""way:1214583663""}",matched: technology
ThinkNEXT Technology,27.0,low,Chandigarh-Mohali,Chandigarh/Punjab,India,"Sec 65, Chandi Path, Mohali, 160062",30.6780891,76.7478766,,,,,,,,,office=educational_institution,openstreetmap,"{""openstreetmap"": ""node:4586801153""}",matched: technology
Department of Textile Technology,27.0,low,Chennai,Tamil Nadu,India,,13.0082491,80.2379005,,,,,,,,,building=yes,openstreetmap,"{""openstreetmap"": ""relation:2062932""}",matched: technology
Dhyan Networks and Technologies,27.0,low,Chennai,Tamil Nadu,India,,13.0357899,80.2465778,,,,,,,,,building=yes,openstreetmap,"{""openstreetmap"": ""way:214599076""}",matched: technologies
Edufic Digital,27.0,low,Chennai,Tamil Nadu,India,,13.0543101,80.2461365,,,,,,,,,office=company | description=Elearning material,openstreetmap,"{""openstreetmap"": ""node:7261455965""}","matched: digital, office=company"
Evolution Infotech,27.0,low,Chennai,Tamil Nadu,India,,13.0680952,80.2259399,,,,,,,,,building=yes,openstreetmap,"{""openstreetmap"": ""way:354565735""}",matched: infotech
F5ive Technologies,27.0,low,Chennai,Tamil Nadu,India,,13.0489077,80.1957119,,,,,,,,,,openstreetmap,"{""openstreetmap"": ""node:411316980""}",matched: technologies
Fire Technologies India Pvt Ltd,27.0,low,Chennai,Tamil Nadu,India,,12.9209254,80.2299723,,,,,,,,,building=yes,openstreetmap,"{""openstreetmap"": ""way:355600889""}",matched: technologies
Firstplanet Technologies Pvt Ltd,27.0,low,Chennai,Tamil Nadu,India,"Anna Salai, 600002",13.0647984,80.2655785,,,,,,,,,description=Website Indian Local Business,openstreetmap,"{""openstreetmap"": ""node:1821078821""}",matched: technologies
Ford Technology Services,27.0,low,Chennai,Tamil Nadu,India,,12.9719871,80.2433014,,,,,,,,,building=yes,openstreetmap,"{""openstreetmap"": ""way:132190862""}",matched: technology
GAVS Technologies,27.0,low,Chennai,Tamil Nadu,India,,12.9059663,80.2291182,,,,,,,,,building=yes,openstreetmap,"{""openstreetmap"": ""way:355100259""}",matched: technologies
GeoFiny Technologies Pvt ltd,27.0,low,Chennai,Tamil Nadu,India,,12.8759523,80.2236053,,,,,,,,,,openstreetmap,"{""openstreetmap"": ""way:1299931624""}",matched: technologies
HCL Technologies,27.0,low,Chennai,Tamil Nadu,India,,13.0145675,80.199506,,,,,,,,,,openstreetmap,"{""openstreetmap"": ""node:978180589""}",matched: technologies
"HCL TECHNOLOGIES LTD,AMB4",27.0,low,Chennai,Tamil Nadu,India,,13.0878629,80.173557,,,,,,,,,,openstreetmap,"{""openstreetmap"": ""node:5027815571""}",matched: technologies
HCL Technologies Ltd.,27.0,low,Chennai,Tamil Nadu,India,"ELCOT - SEZ Unit-II Special Economic Zone, SDB2, #602/3, No 138, Shollinganallur - Medavakkam High Road, Shollinganallur Village, Tambaram Taluk, Kancheepuram (Dist), Chennai 600119. TN, India",12.9062268,80.2184576,,,,,,,,,office=yes,openstreetmap,"{""openstreetmap"": ""way:154089806""}",matched: technologies
Ideas2IT Technology Services Private Limited,27.0,low,Chennai,Tamil Nadu,India,"C50, C51, Water Works Road, Chennai Corporation, 600032",13.0145781,80.2099202,,,,,,,,,building=commercial,openstreetmap,"{""openstreetmap"": ""way:1500715272""}",matched: technology
Jasmin infotch Pvt Ltd,27.0,low,Chennai,Tamil Nadu,India,"119, Velachery Main Road, Chennnai",12.9474776,80.209077,,,,,,,,,building=commercial | description=Jasmin Infotech Pvt Ltd,openstreetmap,"{""openstreetmap"": ""way:355598745""}",matched: infotech
Kin Technologies Pvt Ltd,27.0,low,Chennai,Tamil Nadu,India,,13.0518576,80.2468873,,,,,,,,,office=yes,openstreetmap,"{""openstreetmap"": ""node:7272149140""}",matched: technologies
LMS India Engg. Solutions Pvt. Ltd,27.0,low,Chennai,Tamil Nadu,India,"20, Kannadasan Road, Chennai, 600017",13.0371594,80.2346071,,,,,,,,,office=company,openstreetmap,"{""openstreetmap"": ""node:3182651397""}","matched: solutions, office=company"
Modinity Technologies,27.0,low,Chennai,Tamil Nadu,India,,13.0684549,80.2258082,,,,,,,,,building=yes,openstreetmap,"{""openstreetmap"": ""way:354862135""}",matched: technologies
Olympia Technology Park,27.0,low,Chennai,Tamil Nadu,India,,13.0148745,80.2036221,,,,,,,,,building=office,openstreetmap,"{""openstreetmap"": ""way:1136406530""}",matched: technology
Periyar Science and Technology Centre,27.0,low,Chennai,Tamil Nadu,India,,13.0127435,80.2427845,,,,,,,,,,openstreetmap,"{""openstreetmap"": ""way:35015788""}",matched: technology
Shah Infotech,27.0,low,Chennai,Tamil Nadu,India,,13.0697977,80.2712864,,,,,,,,,shop=electronics,openstreetmap,"{""openstreetmap"": ""node:5079397474""}",matched: infotech
ampere,27.0,low,Coimbatore,Tamil Nadu,India,"100 Feet Road, coimbatore",11.0199984,76.9669945,,,,,,,,,shop=motorcycle,openstreetmap,"{""openstreetmap"": ""node:8253315571""}",matched: technologies
Atom8 IT solutions P Ltd,27.0,low,Coimbatore,Tamil Nadu,India,,11.0319188,77.0190445,,,,,,,,,office=company,openstreetmap,"{""openstreetmap"": ""node:10289023512""}","matched: solutions, office=company"
Department of Nanoscience and Technology,27.0,low,Coimbatore,Tamil Nadu,India,Centinery Building path,11.0144691,76.9364461,,,,,,,,,building=university,openstreetmap,"{""openstreetmap"": ""way:463631912""}",matched: technology
INFENCE Technologies,27.0,low,Coimbatore,Tamil Nadu,India,"Bharathi Park 1st Cross, 641043",11.020225,76.9453773,,,,,,,,,building=yes,openstreetmap,"{""openstreetmap"": ""node:1425214651""}",matched: technologies
Luminous Power Technologies Pvt Ltd,27.0,low,Coimbatore,Tamil Nadu,India,,11.0164766,76.9735628,,,,,,,,,shop=electronics,openstreetmap,"{""openstreetmap"": ""node:4925842501""}",matched: technologies
PSG GRD Museum of Science & Technology,27.0,low,Coimbatore,Tamil Nadu,India,,11.0663812,77.0935081,,,,,,,,,,openstreetmap,"{""openstreetmap"": ""node:13434210508""}",matched: technology
Skybean Technologies (P) Ltd,27.0,low,Coimbatore,Tamil Nadu,India,"10, Aditya Avenue Extension, Saravana Nagar North, Coimbatore, 641025",11.0546524,76.9279774,,,,,,,,,,openstreetmap,"{""openstreetmap"": ""node:4756188365""}",matched: technologies
SVB Tech Park,27.0,low,Coimbatore,Tamil Nadu,India,"SF No.60/2B, Sitra - Kurumbapalayam Road, Coimbatore, 641048",11.0935774,77.0325388,,,,,,,,,"building=commercial | description=SVB Tech Park in Kalapatti houses Infosys from 1st to 6th floors, Infosys BPM on the 6th, Mahindra and Mahindra Ltd on the 7th, and Deloitte on the 8th and 9th floors, symbolizing the fusion of technology and corporate brilliance.",openstreetmap,"{""openstreetmap"": ""way:1220480518""}",matched: technology
Indian Oil Technology Development and Deployment Centre,27.0,low,Faridabad,Haryana,India,,28.3121545,77.3624343,,,,,,,,,,openstreetmap,"{""openstreetmap"": ""way:1482139139""}",matched: technology
R.S. Technologies,27.0,low,Faridabad,Haryana,India,,28.3790002,77.3410076,,,,,,,,,,openstreetmap,"{""openstreetmap"": ""node:5409478520""}",matched: technologies
Sietz Technologies Pvt. Ltd.,27.0,low,Faridabad,Haryana,India,,28.3632409,77.3216478,,,,,,,,,building=industrial,openstreetmap,"{""openstreetmap"": ""way:143866953""}",matched: technologies
Codoffer Infotech,27.0,low,Gandhinagar,Gujarat,India,"204 D, Pandit Dindayal Upadhyay Marg, Gandhinagar, 382421",23.1819924,72.6280907,,,,,,,,,building=commercial,openstreetmap,"{""openstreetmap"": ""way:1336760672""}",matched: infotech
Department of Science Technology,27.0,low,Gandhinagar,Gujarat,India,,23.2211724,72.6575896,,,,,,,,,office=yes,openstreetmap,"{""openstreetmap"": ""node:7861004158""}",matched: technology
Electronic Hardware and Technology Park,27.0,low,Gurugram,Haryana,India,,28.4329279,77.0103299,,,,,,,,,,openstreetmap,"{""openstreetmap"": ""relation:3596105""}",matched: technology
Indo-German Science and Technology Center,27.0,low,Gurugram,Haryana,India,102,28.452572,77.0733467,,,,,,,,,building=yes,openstreetmap,"{""openstreetmap"": ""node:4462855352""}",matched: technology
Samsung,27.0,low,Gurugram,Haryana,India,,28.4808527,77.0804286,,,,,,,,,shop=electronics,openstreetmap,"{""openstreetmap"": ""node:13890672518""}",matched: technologies
advance infotech,27.0,low,Guwahati,Assam,India,,26.1527514,91.7880008,,,,,,,,,shop=electronics,openstreetmap,"{""openstreetmap"": ""node:12970716197""}",matched: infotech
Assam Science and Technology University,27.0,low,Guwahati,Assam,India,,26.1412711,91.6664819,,,,,,,,,amenity=university,openstreetmap,"{""openstreetmap"": ""way:1024517861""}",matched: technology
Dee Tee Infotech,27.0,low,Guwahati,Assam,India,,26.1846512,91.7749326,,,,,,,,,office=consulting,openstreetmap,"{""openstreetmap"": ""node:11896883252""}",matched: infotech
Elevate Technology,27.0,low,Guwahati,Assam,India,,26.1779089,91.7528858,,,,,,,,,shop=electronics,openstreetmap,"{""openstreetmap"": ""node:11942619697""}",matched: technology
J.D. Infotech,27.0,low,Guwahati,Assam,India,,26.1774544,91.7535333,,,,,,,,,shop=repair,openstreetmap,"{""openstreetmap"": ""node:11942655449""}",matched: infotech
M. STATIONAERY AND INFOTECH,27.0,low,Guwahati,Assam,India,,26.1319443,91.8072904,,,,,,,,,shop=stationery,openstreetmap,"{""openstreetmap"": ""node:13516352682""}",matched: infotech
Ragvik technologies,27.0,low,Guwahati,Assam,India,,26.1726598,91.7596304,,,,,,,,,,openstreetmap,"{""openstreetmap"": ""node:3002313795""}",matched: technologies
VIMAL INFOTECH,27.0,low,Guwahati,Assam,India,,26.1715843,91.7479749,,,,,,,,,craft=electronics_repair,openstreetmap,"{""openstreetmap"": ""node:13506845476""}",matched: infotech
N. S. Infotech Ltd,27.0,low,Hubballi-Dharwad,Karnataka,India,"Navanagar, Hubli, 580025",15.3985839,75.0734759,,,,,,,,,,openstreetmap,"{""openstreetmap"": ""way:377130430""}",matched: infotech
Areksoft Technologies Road,27.0,low,Hyderabad,Telangana,India,,17.3983704,78.55464,,,,,,,,,,openstreetmap,"{""openstreetmap"": ""way:1287278467""}",matched: technologies
BIR Solutions,27.0,low,Hyderabad,Telangana,India,,17.444095,78.4009588,,,,,,,,,office=company,openstreetmap,"{""openstreetmap"": ""node:7027817040""}","matched: solutions, office=company"
Chekhra Business Solutions Private Limited,27.0,low,Hyderabad,Telangana,India,,17.4507851,78.3854519,,,,,,,,,office=company,openstreetmap,"{""openstreetmap"": ""node:7021303705""}","matched: solutions, office=company"
CipherHub Solutions,27.0,low,Hyderabad,Telangana,India,"#201, Mount Raghava Complex, Dwarakapuri Colony, Hyderabad, 500082",17.4247098,78.4521203,,,,,,,,,office=company | building=residential,openstreetmap,"{""openstreetmap"": ""way:356535125""}","matched: solutions, office=company"
Cognizant Technologies,27.0,low,Hyderabad,Telangana,India,,17.4199686,78.3357457,,,,,,,,,building=yes,openstreetmap,"{""openstreetmap"": ""way:342243558""}",matched: technologies
Cognizant Technologies,27.0,low,Hyderabad,Telangana,India,Mindspace,17.4381445,78.3834557,,,,,,,,,building=commercial,openstreetmap,"{""openstreetmap"": ""way:625040462""}",matched: technologies
Fedele Info solutions India pvt ltd,27.0,low,Hyderabad,Telangana,India,,17.4335926,78.3922862,,,,,,,,,office=company,openstreetmap,"{""openstreetmap"": ""node:7021303674""}","matched: solutions, office=company"
Gebbs Healthcare Solutions,27.0,low,Hyderabad,Telangana,India,"Hitech City Road, Hyderabad",17.4437278,78.3738392,,,,,,,,,office=company,openstreetmap,"{""openstreetmap"": ""node:10279728139""}","matched: solutions, office=company"
Hindhuja Global Solutions,27.0,low,Hyderabad,Telangana,India,"DLF Road, Hyderabad",17.4473795,78.3559499,,,,,,,,,office=company,openstreetmap,"{""openstreetmap"": ""node:10279728140""}","matched: solutions, office=company"
Holy Mary Group of Technology & Science Corporate office,27.0,low,Hyderabad,Telangana,India,"8-2-248/A, Road Number 3, Banjara Hills,, 500070",17.4266686,78.4479464,,,,,,,,,office=educational_institution | building=yes,openstreetmap,"{""openstreetmap"": ""way:738273051""}",matched: technology
IIC Technologies Pvt. Ltd.,27.0,low,Hyderabad,Telangana,India,"Banjarahiils, Rd. No. 3",17.4258124,78.4442792,,,,,,,,,building=office,openstreetmap,"{""openstreetmap"": ""way:117653524""}",matched: technologies
Infosys Technologies Limited,27.0,low,Hyderabad,Telangana,India,,17.4338421,78.3523029,,,,,,,,,,openstreetmap,"{""openstreetmap"": ""node:2714199924""}",matched: technologies
"Ion Digital Zone CVK Infrastructure,Near coca cola factory,opp jubliant food",27.0,low,Hyderabad,Telangana,India,"12, NFC Main Road",17.455895,78.5572447,,,,,,,,,office=company,openstreetmap,"{""openstreetmap"": ""node:11993246269""}","matched: digital, office=company"
iON Digital Zone iDz2,27.0,low,Hyderabad,Telangana,India,"3-56/3, Vivekananda Nagar",17.4470547,78.5717177,,,,,,,,,office=company,openstreetmap,"{""openstreetmap"": ""node:11993257569""}","matched: digital, office=company"
"iON Digital Zone iDz2,Mallapur,Secunderabad",27.0,low,Hyderabad,Telangana,India,"3-56/3, Vivekananda Nagar",17.4472685,78.5717789,,,,,,,,,office=company,openstreetmap,"{""openstreetmap"": ""node:11993261570""}","matched: digital, office=company"
"iON Digital Zone, iDZ Karmanghat",27.0,low,Hyderabad,Telangana,India,"32/A, Bairamalguda Main Road",17.3439132,78.5366913,,,,,,,,,office=company,openstreetmap,"{""openstreetmap"": ""node:11993260572""}","matched: digital, office=company"
"iON Digital Zone, iDZ L.B.Nagar",27.0,low,Hyderabad,Telangana,India,Saroor Nagar Mini Tank Bund Road,17.3443332,78.549101,,,,,,,,,office=company,openstreetmap,"{""openstreetmap"": ""node:11993252069""}","matched: digital, office=company"
"iON Digital Zone, Old Alwal",27.0,low,Hyderabad,Telangana,India,"1-5-909/1, Father Balaiah Nagar",17.5068152,78.4976776,,,,,,,,,office=company,openstreetmap,"{""openstreetmap"": ""node:11993260573""}","matched: digital, office=company"
"iON Digital Zone,Hayath Nagar Rd,Arunodhaya Nagar",27.0,low,Hyderabad,Telangana,India,"9, Hayath Nagar Road",17.3317303,78.5902405,,,,,,,,,office=company,openstreetmap,"{""openstreetmap"": ""node:11993267169""}","matched: digital, office=company"
Medintu Health Solutions Pvt. Ltd.,27.0,low,Hyderabad,Telangana,India,,17.4507745,78.3915126,,,,,,,,,office=company,openstreetmap,"{""openstreetmap"": ""node:7025820831""}","matched: solutions, office=company"
mtar technologies pvt ltd,27.0,low,Hyderabad,Telangana,India,,17.4194561,78.489021,,,,,,,,,building=yes,openstreetmap,"{""openstreetmap"": ""way:356520618""}",matched: technologies
Pinnaclespro Solutions,27.0,low,Hyderabad,Telangana,India,"#3-5-885/1, Himayath Nagar Road, Hyderabad, 500029",17.3976038,78.4840867,,,,,,,,,"description=Pinnaclespro solutions is a leading global management consulting and professional service providing company. We provide Digital Marketing, IT Solutions, Business Consultant, Oracle and Staffing Services",openstreetmap,"{""openstreetmap"": ""node:5533049908""}","matched: solutions, digital"
Polaris Financial Technology Ltd.,27.0,low,Hyderabad,Telangana,India,,17.4265269,78.3384509,,,,,,,,,,openstreetmap,"{""openstreetmap"": ""way:139444439""}",matched: technology
Rural Technology Park,27.0,low,Hyderabad,Telangana,India,,17.3127736,78.3982325,,,,,,,,,,openstreetmap,"{""openstreetmap"": ""way:246112068""}",matched: technology
satya technologies,27.0,low,Hyderabad,Telangana,India,,17.4371547,78.4474623,,,,,,,,,office=educational_institution,openstreetmap,"{""openstreetmap"": ""node:7244230291""}",matched: technologies
STS sylon techno solutions,27.0,low,Hyderabad,Telangana,India,,17.4099571,78.4889688,,,,,,,,,office=company,openstreetmap,"{""openstreetmap"": ""way:265627863""}","matched: solutions, office=company"
Teamworks Creative Solutions,27.0,low,Hyderabad,Telangana,India,,17.4514281,78.3874948,,,,,,,,,office=company,openstreetmap,"{""openstreetmap"": ""node:7021303675""}","matched: solutions, office=company"
Vasista Enterprise Solutions Pvt. Ltd.,27.0,low,Hyderabad,Telangana,India,,17.4474301,78.3852469,,,,,,,,,office=company,openstreetmap,"{""openstreetmap"": ""node:7021303702""}","matched: solutions, office=company"
Velaga Soft Solutions Private Limited,27.0,low,Hyderabad,Telangana,India,,17.449272,78.3855176,,,,,,,,,office=company,openstreetmap,"{""openstreetmap"": ""node:7021303699""}","matched: solutions, office=company"
Verudix Solutions Pvt Ltd,27.0,low,Hyderabad,Telangana,India,,17.4379387,78.3878765,,,,,,,,,office=company,openstreetmap,"{""openstreetmap"": ""node:7021303684""}","matched: solutions, office=company"
WhereSoft Technologies Private Limited,27.0,low,Hyderabad,Telangana,India,"Plot No: 92, Vishnu Priya Nagar, Vasanth Nagar Colony, Pragathi Nagar, Hyderabad, 500090",17.5320584,78.3886759,,,,,,,,,building=yes,openstreetmap,"{""openstreetmap"": ""way:1430801137""}",matched: technologies
zoom technologies,27.0,low,Hyderabad,Telangana,India,,17.4370631,78.4441247,,,,,,,,,office=educational_institution,openstreetmap,"{""openstreetmap"": ""node:5316360821""}",matched: technologies
Citrusly Media technology,27.0,low,Indore,Madhya Pradesh,India,,22.7158812,75.9029029,,,,,,,,,building=yes,openstreetmap,"{""openstreetmap"": ""way:703402650""}",matched: technology
India Infotech,27.0,low,Indore,Madhya Pradesh,India,,22.718294,75.9057845,,,,,,,,,shop=yes,openstreetmap,"{""openstreetmap"": ""node:8909386823""}",matched: infotech
Ixora Infotech,27.0,low,Indore,Madhya Pradesh,India,,22.7207424,75.9002214,,,,,,,,,shop=yes,openstreetmap,"{""openstreetmap"": ""node:8906592766""}",matched: infotech
Kankeshwari Infotech Udyaan,27.0,low,Indore,Madhya Pradesh,India,"Nanda Nagar, Indore",22.7447242,75.8758118,,,,,,,,,,openstreetmap,"{""openstreetmap"": ""way:671637867""}",matched: infotech
ssv technologies,27.0,low,Indore,Madhya Pradesh,India,,22.7189075,75.8890586,,,,,,,,,building=yes,openstreetmap,"{""openstreetmap"": ""way:704013021""}",matched: technologies
Digital Creative Tech Solutions,27.0,low,Jaipur,Rajasthan,India,"69/334, VT Road, Jaipur, 302020",26.8608631,75.7632867,,,,,,,,,building=yes,openstreetmap,"{""openstreetmap"": ""way:476483585""}","matched: solutions, digital"
Hero Motocorp. - Centre of Innovation and Technology,27.0,low,Jaipur,Rajasthan,India,,27.0385179,75.8984643,,,,,,,,,,openstreetmap,"{""openstreetmap"": ""node:10015635629""}",matched: technology
iON Digital Zone iDZ Sitapura,27.0,low,Jaipur,Rajasthan,India,302022,26.7864828,75.8440819,,,,,,,,,office=company,openstreetmap,"{""openstreetmap"": ""node:13452476101""}","matched: digital, office=company"
kvcolor - Digital Marketing and SEO Solutions,27.0,low,Jaipur,Rajasthan,India,"303, Khatipura Road, jaipur, 302012",26.9372897,75.7578605,,,,,,,,,,openstreetmap,"{""openstreetmap"": ""node:6837985670""}","matched: solutions, digital"
"Sashakta Technologies, SAP Jaipur, SAP Rajasthan",27.0,low,Jaipur,Rajasthan,India,"45-46, Gayatri Nagar B, Maharani Farm, Durgapura, Maharani Farm, Durgapura, Jaipur, 302018",26.8501389,75.7782573,,,,,,,,,building=office,openstreetmap,"{""openstreetmap"": ""node:3452836377""}",matched: technologies
Sigma Engineered Solutions सिग्मा इंजीनियर्ड सॉल्यूशंस,27.0,low,Jaipur,Rajasthan,India,302013,26.992335,75.7814899,,,,,,,,,office=company,openstreetmap,"{""openstreetmap"": ""node:13333679701""}","matched: solutions, office=company"
TECHNOLOGY PARK,27.0,low,Jaipur,Rajasthan,India,,26.868347,75.766465,,,,,,,,,,openstreetmap,"{""openstreetmap"": ""way:733429795""}",matched: technology
AGS Transact Technologies Pvt Ltd,27.0,low,Kochi,Kerala,India,,10.0146206,76.3017063,,,,,,,,,office=yes | building=yes,openstreetmap,"{""openstreetmap"": ""way:803368842""}",matched: technologies
Amenity Center,27.0,low,Kochi,Kerala,India,,10.0426073,76.3288235,,,,,,,,,building=university,openstreetmap,"{""openstreetmap"": ""way:381274144""}",matched: technology
amrita Technologies,27.0,low,Kochi,Kerala,India,,10.0337894,76.2919651,,,,,,,,,amenity=kindergarten,openstreetmap,"{""openstreetmap"": ""node:1474159165""}",matched: technologies
Aptech Systems,27.0,low,Kochi,Kerala,India,,9.9619148,76.3011965,,,,,,,,,shop=computer,openstreetmap,"{""openstreetmap"": ""node:11126212097""}","matched: systems, computer"
Aquasan Technologies Private Limited,27.0,low,Kochi,Kerala,India,,10.016261,76.3038935,,,,,,,,,,openstreetmap,"{""openstreetmap"": ""node:7474099728""}",matched: technologies
Arvin Technologies,27.0,low,Kochi,Kerala,India,,10.0586534,76.3250554,,,,,,,,,office=yes | building=yes,openstreetmap,"{""openstreetmap"": ""way:802145636""}",matched: technologies
Ayano Infotech,27.0,low,Kochi,Kerala,India,,9.9667574,76.3133388,,,,,,,,,building=commercial,openstreetmap,"{""openstreetmap"": ""way:1296318994""}",matched: infotech
Cerebtec Technologies pvt.ltd,27.0,low,Kochi,Kerala,India,Shastha Temple Road,9.9960152,76.2891741,,,,,,,,,amenity=police,openstreetmap,"{""openstreetmap"": ""node:4463909589""}",matched: technologies
Chemsbury Environmental Solutions,27.0,low,Kochi,Kerala,India,,9.9725373,76.2830378,,,,,,,,,office=company,openstreetmap,"{""openstreetmap"": ""node:12124386425""}","matched: solutions, office=company"
Cochin University of Science and Technology,27.0,low,Kochi,Kerala,India,,10.0436296,76.3267282,,,,,,,,,,openstreetmap,"{""openstreetmap"": ""way:675365841""}",matched: technology
Cochin University Of Science And Technology Payyapally Road,27.0,low,Kochi,Kerala,India,,10.0466878,76.3210299,,,,,,,,,,openstreetmap,"{""openstreetmap"": ""way:1086178347""}",matched: technology
Cochin University of Science And Technology Volleyball Court,27.0,low,Kochi,Kerala,India,,10.0421416,76.3290252,,,,,,,,,,openstreetmap,"{""openstreetmap"": ""way:381277791""}",matched: technology
Cochin University Park,27.0,low,Kochi,Kerala,India,,10.044191,76.3246039,,,,,,,,,,openstreetmap,"{""openstreetmap"": ""way:837561633""}",matched: technology
Cognizant Technologies,27.0,low,Kochi,Kerala,India,,10.005612,76.3752465,,,,,,,,,amenity=parking,openstreetmap,"{""openstreetmap"": ""way:1299223838""}",matched: technologies
CRS Technologies Pvt Ltd,27.0,low,Kochi,Kerala,India,,10.0088104,76.316596,,,,,,,,,building=commercial,openstreetmap,"{""openstreetmap"": ""way:366296583""}",matched: technologies
CSIS Childrens Science Park,27.0,low,Kochi,Kerala,India,,10.0461893,76.3278379,,,,,,,,,,openstreetmap,"{""openstreetmap"": ""way:381274143""}",matched: technology
CUSAT Marine Sciences Boat Jetty,27.0,low,Kochi,Kerala,India,"Foreshore Road, Ernakulam, 682016",9.9641148,76.2822935,,,,,,,,,amenity=ferry_terminal,openstreetmap,"{""openstreetmap"": ""node:11668486244""}",matched: technology
Department of Hindi,27.0,low,Kochi,Kerala,India,,10.0427177,76.3280517,,,,,,,,,building=university,openstreetmap,"{""openstreetmap"": ""way:906931954""}",matched: technology
Department of Polymer Science and Rubber Technology,27.0,low,Kochi,Kerala,India,,10.0461655,76.3255348,,,,,,,,,building=university,openstreetmap,"{""openstreetmap"": ""way:475140664""}",matched: technology
Department of Ship Technology,27.0,low,Kochi,Kerala,India,,10.0452701,76.3261745,,,,,,,,,building=university | office=educational_institution | building=yes,openstreetmap,"{""openstreetmap"": ""way:1221435827""}",matched: technology
Eyerov Technology,27.0,low,Kochi,Kerala,India,,10.0556102,76.3548867,,,,,,,,,office=yes,openstreetmap,"{""openstreetmap"": ""node:7925541559""}",matched: technology
Focuz Infotech,27.0,low,Kochi,Kerala,India,,10.0128564,76.3029843,,,,,,,,,office=consulting,openstreetmap,"{""openstreetmap"": ""node:7514062536""}",matched: infotech
Forerun Systems,27.0,low,Kochi,Kerala,India,,9.9557155,76.3021543,,,,,,,,,shop=computer,openstreetmap,"{""openstreetmap"": ""node:7457269736""}","matched: systems, computer"
Freezefast Technologies,27.0,low,Kochi,Kerala,India,,9.9879645,76.3178683,,,,,,,,,building=commercial,openstreetmap,"{""openstreetmap"": ""way:799514055""}",matched: technologies
High Technology,27.0,low,Kochi,Kerala,India,,9.9975071,76.2800875,,,,,,,,,craft=electronics_repair,openstreetmap,"{""openstreetmap"": ""node:12012831774""}",matched: technology
Indoor Badminton Court,27.0,low,Kochi,Kerala,India,,10.0406721,76.3265995,,,,,,,,,,openstreetmap,"{""openstreetmap"": ""way:381274152""}",matched: technology
Infoprint Technologies,27.0,low,Kochi,Kerala,India,,10.0260011,76.2984334,,,,,,,,,shop=printer_ink,openstreetmap,"{""openstreetmap"": ""node:7468295646""}",matched: technologies
instriva technologies,27.0,low,Kochi,Kerala,India,"FIRST FLOOR, EDAPPALLY, COCHIN, 682024",10.0238546,76.3128995,,,,,,,,,building=office,openstreetmap,"{""openstreetmap"": ""node:3734194062""}",matched: technologies
Inter University IPR Studies,27.0,low,Kochi,Kerala,India,,10.0439086,76.3285499,,,,,,,,,building=university,openstreetmap,"{""openstreetmap"": ""way:381274146""}",matched: technology
Kerala Technology Innovation Zone(Ktiz),27.0,low,Kochi,Kerala,India,,10.0556836,76.3545474,,,,,,,,,building=office,openstreetmap,"{""openstreetmap"": ""way:381278453""}",matched: technology
Kripa Systems,27.0,low,Kochi,Kerala,India,,9.9432365,76.2950262,,,,,,,,,shop=computer,openstreetmap,"{""openstreetmap"": ""node:11072515966""}","matched: systems, computer"
LBS Centre For Science And Technology Kalamassery,27.0,low,Kochi,Kerala,India,,10.0578947,76.3248053,,,,,,,,,office=government | building=yes,openstreetmap,"{""openstreetmap"": ""way:802145638""}",matched: technology
Leniko Solutions,27.0,low,Kochi,Kerala,India,,9.9611816,76.2875216,,,,,,,,,office=company,openstreetmap,"{""openstreetmap"": ""node:6179367422""}","matched: solutions, office=company"
Linways Technologies Pvt. Ltd.,27.0,low,Kochi,Kerala,India,,10.0557434,76.3548114,,,,,,,,,office=yes,openstreetmap,"{""openstreetmap"": ""node:7925541556""}",matched: technologies
NeST Information Technologies (P) Ltd.,27.0,low,Kochi,Kerala,India,,10.0481331,76.3183464,,,,,,,,,building=yes,openstreetmap,"{""openstreetmap"": ""way:861069080""}",matched: technologies
Positive Systems,27.0,low,Kochi,Kerala,India,"Kalathiparambil Road, Ernakulam South, Kochi",9.9671117,76.2895715,,,,,,,,,shop=computer | building=detached,openstreetmap,"{""openstreetmap"": ""way:1300038647""}","matched: systems, computer"
SD Solutions,27.0,low,Kochi,Kerala,India,"1st Floor, Raveendran Memorial Shopping Complex, Old Bus Stand, Tripunithura, Tripunithura, 682301",9.9488039,76.3475101,,9447001633,,,,,,,shop=computer,openstreetmap,"{""openstreetmap"": ""node:12291682555""}","matched: solutions, computer"
Ship Technology Lab,27.0,low,Kochi,Kerala,India,,10.0457287,76.3260037,,,,,,,,,building=university,openstreetmap,"{""openstreetmap"": ""way:475140666""}",matched: technology
Signx solutions,27.0,low,Kochi,Kerala,India,,10.0432463,76.2185457,,9961191714,,,,,,,shop=computer,openstreetmap,"{""openstreetmap"": ""node:13806330627""}","matched: solutions, computer"
Sila Solutions,27.0,low,Kochi,Kerala,India,,9.965083,76.3055532,,,,,,,,,office=company,openstreetmap,"{""openstreetmap"": ""node:12535881122""}","matched: solutions, office=company"
Smart Engineering And Design Solutions Pvt. Ltd.,27.0,low,Kochi,Kerala,India,,10.0244666,76.3389245,,,,,,,,,office=company,openstreetmap,"{""openstreetmap"": ""node:13785034902""}","matched: solutions, office=company"
Souram Technologies - Air Compressor Dealers,27.0,low,Kochi,Kerala,India,,9.9982312,76.3029043,,,,,,,,,building=yes,openstreetmap,"{""openstreetmap"": ""way:958345522""}",matched: technologies
Spectrum Softech Solutions,27.0,low,Kochi,Kerala,India,,9.9733401,76.2874871,,,,,,,,,office=company,openstreetmap,"{""openstreetmap"": ""node:6179371832""}","matched: solutions, office=company"
Staff Quarters,27.0,low,Kochi,Kerala,India,,10.0412622,76.3284654,,,,,,,,,building=residential,openstreetmap,"{""openstreetmap"": ""way:475140680""}",matched: technology
Technoline systems & services,27.0,low,Kochi,Kerala,India,"Temple Road, kochi, 682020",9.9691195,76.3001036,,,,,,,,,shop=computer | building=yes,openstreetmap,"{""openstreetmap"": ""way:798621096""}","matched: systems, computer"
Tradex Systems,27.0,low,Kochi,Kerala,India,,9.9663116,76.3057543,,,,,,,,,shop=computer,openstreetmap,"{""openstreetmap"": ""node:11166386155""}","matched: systems, computer"
Vadizen Technologies,27.0,low,Kochi,Kerala,India,,10.0052957,76.3459251,,,,,,,,,shop=electronics,openstreetmap,"{""openstreetmap"": ""node:6165583416""}",matched: technologies
Vittree Business Solutions,27.0,low,Kochi,Kerala,India,,9.96015,76.2961217,,,,,,,,,office=company,openstreetmap,"{""openstreetmap"": ""node:12486076539""}","matched: solutions, office=company"
VVDN Technologies,27.0,low,Kochi,Kerala,India,,10.0107257,76.3241483,,,,,,,,,office=yes,openstreetmap,"{""openstreetmap"": ""node:8827040206""}",matched: technologies
Wipro Technologies,27.0,low,Kochi,Kerala,India,,10.0118546,76.3640891,,,,,,,,,building=yes,openstreetmap,"{""openstreetmap"": ""node:1471782817""}",matched: technologies
Xtend Technologies & Sanjo Tailors,27.0,low,Kochi,Kerala,India,,9.9663003,76.288953,,,,,,,,,building=service,openstreetmap,"{""openstreetmap"": ""way:1300167136""}",matched: technologies
Zinage Systems,27.0,low,Kochi,Kerala,India,,9.9606161,76.2899383,,,,,,,,,shop=computer,openstreetmap,"{""openstreetmap"": ""node:12198862894""}","matched: systems, computer"
Zion Safety Systems,27.0,low,Kochi,Kerala,India,,9.9477237,76.2923742,,,,,,,,,shop=computer,openstreetmap,"{""openstreetmap"": ""node:11054945394""}","matched: systems, computer"
Calcutta University Technology Campus,27.0,low,Kolkata,West Bengal,India,,22.5675983,88.4155546,,,,,,,,,amenity=university,openstreetmap,"{""openstreetmap"": ""way:192722674""}",matched: technology
Georoid Technologies,27.0,low,Kolkata,West Bengal,India,,22.5114762,88.4001005,,,,,,,,,building=office,openstreetmap,"{""openstreetmap"": ""node:2392401080""}",matched: technologies
Labtech Research Solutions,27.0,low,Kolkata,West Bengal,India,,22.6510212,88.3946852,,,,,,,,,office=company,openstreetmap,"{""openstreetmap"": ""node:12745151501""}","matched: solutions, office=company"
Maulana Abul Kalam Azad University of Technology,27.0,low,Kolkata,West Bengal,India,,22.5964916,88.4174395,,,,,,,,,amenity=university,openstreetmap,"{""openstreetmap"": ""node:249363447""}",matched: technology
MJ Infotech,27.0,low,Kolkata,West Bengal,India,,22.5545928,88.3539444,,,,,,,,,shop=mobile_phone,openstreetmap,"{""openstreetmap"": ""node:7059347956""}",matched: infotech
Optima Infotech,27.0,low,Kolkata,West Bengal,India,,22.5511842,88.3538745,,,,,,,,,shop=electronics,openstreetmap,"{""openstreetmap"": ""node:6135364886""}",matched: infotech
Pharmaceutical Technology,27.0,low,Kolkata,West Bengal,India,,22.5011905,88.3705837,,,,,,,,,building=yes,openstreetmap,"{""openstreetmap"": ""way:119066533""}",matched: technology
TCS iON Digital Zone,27.0,low,Kolkata,West Bengal,India,"Sodepur Road, 700130",22.6959235,88.4520844,,,,,,,,,office=company,openstreetmap,"{""openstreetmap"": ""node:12169289301""}","matched: digital, office=company"
Wipro Technologies,27.0,low,Kolkata,West Bengal,India,,22.5784778,88.428408,,,,,,,,,,openstreetmap,"{""openstreetmap"": ""way:153796170""}",matched: technologies
Augurs Technologies Pvt. Ltd.,27.0,low,Lucknow,Uttar Pradesh,India,,26.8633562,80.9966008,,,,,,,,,,openstreetmap,"{""openstreetmap"": ""node:6229305794""}",matched: technologies
Iph technologies,27.0,low,Lucknow,Uttar Pradesh,India,"Iph technologies, VIP Road, Lucknow, 226012",26.7978864,80.9026268,,,,,,,,,,openstreetmap,"{""openstreetmap"": ""node:10960949498""}",matched: technologies
CA Infotech India Private Limited,27.0,low,Madurai,Tamil Nadu,India,"No 5/103, Narmadha street, Athikulam, 625007",9.9526372,78.1376623,,,,,,,,,,openstreetmap,"{""openstreetmap"": ""node:6009672713""}",matched: infotech
Invenger Technologies,27.0,low,Mangaluru,Karnataka,India,,12.90576,74.83638,,,,,,,,,building=yes,openstreetmap,"{""openstreetmap"": ""node:1208929432""}",matched: technologies
Asian Paints - Research & Technology,27.0,low,Mumbai,Maharashtra,India,,19.0838897,73.019756,,,,,,,,,building=yes,openstreetmap,"{""openstreetmap"": ""way:353755401""}",matched: technology
Balaji Infotech Park,27.0,low,Mumbai,Maharashtra,India,"Plot No. 278, Ambica Nagar, Wagle Industrial Estate, Road No. 16A, Thane (West), 400604",19.2015349,72.954888,,,,,,,,,building=yes,openstreetmap,"{""openstreetmap"": ""way:352804460""}",matched: infotech
Bharati Vidyapeeth Deemed University Department of Engineering and Technology,27.0,low,Mumbai,Maharashtra,India,,19.0306419,73.0590002,,,,,,,,,amenity=university,openstreetmap,"{""openstreetmap"": ""way:1019632944""}",matched: technology
Genstar network solutions,27.0,low,Mumbai,Maharashtra,India,"10/11, Lal Bahadur Shastri Marg, 400086",19.0929329,72.9159455,,,,,,,,,office=company,openstreetmap,"{""openstreetmap"": ""node:12904807001""}","matched: solutions, office=company"
Innovation cell,27.0,low,Mumbai,Maharashtra,India,,19.1341026,72.9168011,,,,,,,,,description=Technology innovation ,openstreetmap,"{""openstreetmap"": ""node:5304411908""}",matched: technology
KVAR Technologies,27.0,low,Mumbai,Maharashtra,India,,19.0325888,72.8424192,,,,,,,,,,openstreetmap,"{""openstreetmap"": ""node:12635382280""}",matched: technologies
L& T Infotech,27.0,low,Mumbai,Maharashtra,India,,19.1253477,72.8942198,,,,,,,,,,openstreetmap,"{""openstreetmap"": ""way:366912371""}",matched: infotech
Nazara Technologies Pvt. Ltd.,27.0,low,Mumbai,Maharashtra,India,"Jamnalal Bajaj Marg, Mumbai, 400 021",18.9249038,72.8230642,,,,,,,,,office=yes,openstreetmap,"{""openstreetmap"": ""node:12560921721""}",matched: technologies
Parth Technologies,27.0,low,Mumbai,Maharashtra,India,,19.0911059,72.8910882,,,,,,,,,,openstreetmap,"{""openstreetmap"": ""node:9363967483""}",matched: technologies
Primetals Technologies,27.0,low,Mumbai,Maharashtra,India,,19.0617836,73.0221746,,,,,,,,,,openstreetmap,"{""openstreetmap"": ""way:1411093182""}",matched: technologies
Rahul Bajaj Technology Innovation Centre,27.0,low,Mumbai,Maharashtra,India,,19.1328359,72.9184771,,,,,,,,,building=university,openstreetmap,"{""openstreetmap"": ""way:1292613436""}",matched: technology
Rolta Technology Park-A,27.0,low,Mumbai,Maharashtra,India,"22nd Road, Mumbai, 400096",19.1233406,72.8704597,,,,,,,,,building=yes,openstreetmap,"{""openstreetmap"": ""way:352978388""}",matched: technology
Sai Infotech,27.0,low,Mumbai,Maharashtra,India,,19.0848296,72.9091179,,,,,,,,,,openstreetmap,"{""openstreetmap"": ""way:1330629247""}",matched: infotech
Sang Infotech,27.0,low,Mumbai,Maharashtra,India,"B1, Senapati Bapat Road, 400013",18.9931552,72.8261533,,,,,,,,,building=office,openstreetmap,"{""openstreetmap"": ""relation:2693295""}",matched: infotech
Shivshakti technologies,27.0,low,Mumbai,Maharashtra,India,,19.1272142,72.9192233,,,,,,,,,shop=mobile_phone | description=Mobile and laptop service,openstreetmap,"{""openstreetmap"": ""node:6804290534""}",matched: technologies
Siemens Building Technologies,27.0,low,Mumbai,Maharashtra,India,"130, Pandurang Budhkar Marg, Mumbai, 400018",19.0169764,72.8364475,,,,,,,,,building=yes,openstreetmap,"{""openstreetmap"": ""node:3149878065""}",matched: technologies
star infotech,27.0,low,Mumbai,Maharashtra,India,,19.1881277,72.819273,,,,,,,,,,openstreetmap,"{""openstreetmap"": ""way:1353273948""}",matched: infotech
Sun Infotech Park,27.0,low,Mumbai,Maharashtra,India,,19.1963673,72.9567665,,,,,,,,,,openstreetmap,"{""openstreetmap"": ""way:363739901""}",matched: infotech
Technology Consultant,27.0,low,Mumbai,Maharashtra,India,,19.1745241,72.8616616,,,,,,,,,description=www.about.me/ankitmodi,openstreetmap,"{""openstreetmap"": ""node:8401879199""}",matched: technology
Technology Street,27.0,low,Mumbai,Maharashtra,India,,19.1196907,72.9143826,,,,,,,,,,openstreetmap,"{""openstreetmap"": ""way:1502773954""}",matched: technology
Thyrocare Technologies Ltd,27.0,low,Mumbai,Maharashtra,India,,19.0616924,73.0256444,,,,,,,,,,openstreetmap,"{""openstreetmap"": ""way:1413325248""}",matched: technologies
Toyo Technology Centre,27.0,low,Mumbai,Maharashtra,India,,19.1320978,72.9307226,,,,,,,,,building=yes,openstreetmap,"{""openstreetmap"": ""way:353193490""}",matched: technology
Centre for Information Science and Technology (CIST),27.0,low,Mysuru,Karnataka,India,,12.3140794,76.6249161,,,,,,,,,office=educational_institution,openstreetmap,"{""openstreetmap"": ""node:9324319688""}",matched: technology
"Kaparthy, Infotech Pvt. Ltd.,",27.0,low,Mysuru,Karnataka,India,,12.293997,76.6174261,,,,,,,,,,openstreetmap,"{""openstreetmap"": ""node:3232429349""}",matched: infotech
Kaynes Technology,27.0,low,Mysuru,Karnataka,India,"12, A 1, 12, 2nd Main Road, Peenya Industrial Area, Phase IV, Peenya, Bengaluru, Karnataka – 560058., bangalore, 560016",12.3572002,76.6059347,,,,,,,,,,openstreetmap,"{""openstreetmap"": ""node:4489680726""}",matched: technology
Technology block,27.0,low,Mysuru,Karnataka,India,,12.3083574,76.6135595,,,,,,,,,building=yes,openstreetmap,"{""openstreetmap"": ""way:314690490""}",matched: technology
Center for advanced mobilities technologies,27.0,low,Nagpur,Maharashtra,India,,21.1240401,79.0499458,,,,,,,,,building=university,openstreetmap,"{""openstreetmap"": ""way:1326220457""}",matched: technologies
Shri Krishna Technologies,27.0,low,Nagpur,Maharashtra,India,,21.1177713,79.0431793,,,,,,,,,,openstreetmap,"{""openstreetmap"": ""node:3060601357""}",matched: technologies
PAARSH INFOTECH PVT,27.0,low,Nashik,Maharashtra,India,,19.9814295,73.7818864,,,,,,,,,building=yes,openstreetmap,"{""openstreetmap"": ""way:1336485516""}",matched: infotech
360 Degree Digital Solutions,27.0,low,New Delhi,Delhi,India,"38/3, 2nd Floor, DLF Industrial Area, Kirti Nagar, Delh, 110015",28.6578369,77.1414518,,,,,,,,,,openstreetmap,"{""openstreetmap"": ""node:4039887799""}","matched: solutions, digital"
Department of Textile Technology,27.0,low,New Delhi,Delhi,India,,28.544007,77.1935479,,,,,,,,,building=university,openstreetmap,"{""openstreetmap"": ""way:1088204568""}",matched: technology
Division of Seed Technology,27.0,low,New Delhi,Delhi,India,,28.6415242,77.165578,,,,,,,,,building=yes,openstreetmap,"{""openstreetmap"": ""way:445329850""}",matched: technology
Evps technology,27.0,low,New Delhi,Delhi,India,"1264/4, 1264/4 gali no 4 karolbagh New Delhi 110005, 110005",28.6488355,77.1978773,,,,,,,,,shop=motorcycle_repair,openstreetmap,"{""openstreetmap"": ""node:12640886201""}",matched: technology
Grapes Digital,27.0,low,New Delhi,Delhi,India,,28.5162345,77.1978854,,,,,,,,,office=company,openstreetmap,"{""openstreetmap"": ""node:6118494844""}","matched: digital, office=company"
Jappa Solutions Pvt Ltd,27.0,low,New Delhi,Delhi,India,,28.7400465,77.1163966,,,,,,,,,office=company,openstreetmap,"{""openstreetmap"": ""node:11998918451""}","matched: solutions, office=company"
Parsh Infotech Inc.,27.0,low,New Delhi,Delhi,India,,28.5679581,77.187546,,,,,,,,,,openstreetmap,"{""openstreetmap"": ""node:3153979864""}",matched: infotech
Prinknest Technology LLP,27.0,low,New Delhi,Delhi,India,"Prinknest Technology LLP, RZ-123 D, Palam Dabri Marg, Vaishali, New Delhi, 110045",28.6069289,77.0817266,,,,,,,,,building=commercial,openstreetmap,"{""openstreetmap"": ""way:355015110""}",matched: technology
Vetic,27.0,low,New Delhi,Delhi,India,"2, Anand Vihar, Delhi, 110092",28.6598519,77.3175348,,,,,,,,,amenity=veterinary,openstreetmap,"{""openstreetmap"": ""node:13397952405""}",matched: technologies
Asfera Technologies,27.0,low,Noida,Uttar Pradesh,India,"Saroj Tower, Office No:- 15 First Floor,, New Delhi, 110019",28.540074,77.2620387,,,,,,,,,building=apartments,openstreetmap,"{""openstreetmap"": ""way:351388640""}",matched: technologies
Bitcomm Technologies,27.0,low,Noida,Uttar Pradesh,India,,28.5832928,77.3239099,,,,,,,,,office=yes,openstreetmap,"{""openstreetmap"": ""node:3484152056""}",matched: technologies
Contec Systems,27.0,low,Noida,Uttar Pradesh,India,,28.549457,77.2512351,,,,,,,,,shop=computer,openstreetmap,"{""openstreetmap"": ""node:11917746146""}","matched: systems, computer"
Fix My Laptop,27.0,low,Noida,Uttar Pradesh,India,47;48,28.5495924,77.2512098,,,,,,,,,shop=repair,openstreetmap,"{""openstreetmap"": ""node:11917975572""}","matched: systems, computer"
HCL Technologies,27.0,low,Noida,Uttar Pradesh,India,"A-5, Sector 24, Noida, 201301",28.5888195,77.3475442,,,,,,,,,building=yes,openstreetmap,"{""openstreetmap"": ""way:167171872""}",matched: technologies
Masha Telecom Solutions,27.0,low,Noida,Uttar Pradesh,India,"1140, Durga Marg, Mandawali, Delhi, 110092",28.6243059,77.2905661,,,,,,,,,office=company,openstreetmap,"{""openstreetmap"": ""node:12803480330""}","matched: solutions, office=company"
ND Infotech Road,27.0,low,Noida,Uttar Pradesh,India,,28.5958044,77.3401472,,,,,,,,,,openstreetmap,"{""openstreetmap"": ""way:71215860""}",matched: infotech
NIIT Technologies,27.0,low,Noida,Uttar Pradesh,India,,28.5188709,77.2944174,,,,,,,,,building=commercial,openstreetmap,"{""openstreetmap"": ""way:235626080""}",matched: technologies
Noida Technology park,27.0,low,Noida,Uttar Pradesh,India,,28.5689491,77.3365335,,,,,,,,,,openstreetmap,"{""openstreetmap"": ""node:4047399434""}",matched: technology
Orbit Trade Solutions Private Limited,27.0,low,Noida,Uttar Pradesh,India,"89, New Delhi, 110019",28.5480242,77.2534112,,,,,,,,,office=company,openstreetmap,"{""openstreetmap"": ""node:12031170927""}","matched: solutions, office=company"
PHi Business Solutions Limited,27.0,low,Noida,Uttar Pradesh,India,"89, New Delhi, 110019",28.5481454,77.2533617,,,,,,,,,office=company,openstreetmap,"{""openstreetmap"": ""node:12031170942""}","matched: solutions, office=company"
Radiance Space Solutions Private Limited,27.0,low,Noida,Uttar Pradesh,India,"33, Okhla Industrial Area Phase 2, New Delhi, 110020",28.5409688,77.277806,,,,,,,,,office=company,openstreetmap,"{""openstreetmap"": ""node:13094386601""}","matched: solutions, office=company"
Smart Digital,27.0,low,Noida,Uttar Pradesh,India,"7, Gali Number 1, Patparganj, Delhi, 110092",28.6365396,77.3050148,,,,,,,,,office=company,openstreetmap,"{""openstreetmap"": ""node:11586192730""}","matched: digital, office=company"
Technology Apartment,27.0,low,Noida,Uttar Pradesh,India,"24, Delhi, 110092",28.6247405,77.3026366,,,,,,,,,,openstreetmap,"{""openstreetmap"": ""way:447014262""}",matched: technology
Zodiac Computer Systems,27.0,low,Noida,Uttar Pradesh,India,"89, New Delhi, 110019",28.5480609,77.2533445,,,,,,,,,craft=electronics_repair,openstreetmap,"{""openstreetmap"": ""node:12031170930""}","matched: systems, computer"
Pro Imaging Technologies,27.0,low,Panaji/Goa,Goa,India,,15.5271928,73.8259428,,,,,,,,,shop=electronics,openstreetmap,"{""openstreetmap"": ""node:4759414825""}",matched: technologies
Vipra Infotech,27.0,low,Panaji/Goa,Goa,India,,15.4911965,73.8199973,,,,,,,,,shop=yes,openstreetmap,"{""openstreetmap"": ""node:4561922837""}",matched: infotech
3RI Technologies,27.0,low,Pune,Maharashtra,India,"405, Rainbow Plaza Wakad- Nashik Phata BRTS Road above McDonalds Pimple , Saudagar, Rahatani, Pune, 411017",18.5968023,73.7867361,,,,,,,,,,openstreetmap,"{""openstreetmap"": ""node:12768300195""}",matched: technologies
A G Technology,27.0,low,Pune,Maharashtra,India,"127, Shankarao Gaikwad path, Pune, 411007",18.553624,73.807574,,,,,,,,,building=office,openstreetmap,"{""openstreetmap"": ""way:359795781""}",matched: technology
Anjali Technologies,27.0,low,Pune,Maharashtra,India,"Gat no. 188, Talawade Road, 411062",18.6822216,73.7874563,,,,,,,,,craft=metal_construction,openstreetmap,"{""openstreetmap"": ""node:12477841101""}",matched: technologies
Astech Laptop & Security Systems,27.0,low,Pune,Maharashtra,India,,18.5524317,73.8032654,,,,,,,,,shop=computer,openstreetmap,"{""openstreetmap"": ""node:13583153801""}","matched: systems, computer"
Bio Informatics and Bio Technology Dept,27.0,low,Pune,Maharashtra,India,,18.546461,73.8303705,,,,,,,,,office=educational_institution | building=yes,openstreetmap,"{""openstreetmap"": ""way:291406595""}",matched: technology
Bonzai Digital Pvt. Ltd,27.0,low,Pune,Maharashtra,India,"Koregaon Road, Pune, 411001",18.5371085,73.8858484,,,,,,,,,office=company,openstreetmap,"{""openstreetmap"": ""node:5150213352""}","matched: digital, office=company"
Departmentn of Technology,27.0,low,Pune,Maharashtra,India,"Pune University campus, Pune, 411007",18.5569168,73.8277317,,,,,,,,,amenity=university | building=university,openstreetmap,"{""openstreetmap"": ""way:1030307470""}",matched: technology
Ebixcash Technologies Pvt Ltd,27.0,low,Pune,Maharashtra,India,,18.5259657,73.771609,,,,,,,,,,openstreetmap,"{""openstreetmap"": ""way:1411065270""}",matched: technologies
Elite Computer Systems,27.0,low,Pune,Maharashtra,India,,18.5888149,73.7387558,,,,,,,,,shop=computer,openstreetmap,"{""openstreetmap"": ""node:13852176752""}","matched: systems, computer"
FPL Technologies Pvt. Ltd.,27.0,low,Pune,Maharashtra,India,,18.5534723,73.8090211,,,,,,,,,office=yes,openstreetmap,"{""openstreetmap"": ""node:10250092097""}",matched: technologies
GameCloud Technologies Private Limited,27.0,low,Pune,Maharashtra,India,"DSK Vishwa Road, Pune, 411041",18.446852,73.8002336,,,,,,,,,building=yes,openstreetmap,"{""openstreetmap"": ""way:360518417""}",matched: technologies
HCL technologies,27.0,low,Pune,Maharashtra,India,,18.5121728,73.9335057,,,,,,,,,,openstreetmap,"{""openstreetmap"": ""way:1413228253""}",matched: technologies
Hinjawadi Rajiv Gandhi Infotech Park,27.0,low,Pune,Maharashtra,India,,18.5810576,73.7407806,,,,,,,,,,openstreetmap,"{""openstreetmap"": ""way:1410067936""}",matched: infotech
JK Infotech,27.0,low,Pune,Maharashtra,India,,18.5924802,73.7336668,,,,,,,,,,openstreetmap,"{""openstreetmap"": ""way:1411752673""}",matched: infotech
KNORR-BREMSE Technology Center India Private Limited,27.0,low,Pune,Maharashtra,India,,18.5960976,73.7010251,,,,,,,,,shop=yes,openstreetmap,"{""openstreetmap"": ""way:1411818641""}",matched: technology
KPIT Technologies,27.0,low,Pune,Maharashtra,India,,18.5789577,73.7397923,,,,,,,,,office=engineer,openstreetmap,"{""openstreetmap"": ""node:11336819129""}",matched: technologies
KPIT Technologies R&D Building,27.0,low,Pune,Maharashtra,India,,18.5917555,73.7355256,,,,,,,,,building=commercial,openstreetmap,"{""openstreetmap"": ""way:359749212""}",matched: technologies
kreativ technology,27.0,low,Pune,Maharashtra,India,,18.6455538,73.755548,,,,,,,,,,openstreetmap,"{""openstreetmap"": ""node:2446729615""}",matched: technology
Micorprecision Technologies,27.0,low,Pune,Maharashtra,India,"Kate Khadi Machine, Pune-Nashik Highway, Pajnjarpol, Bhosari, 411026",18.6386952,73.8520874,,,,,,,,,building=industrial,openstreetmap,"{""openstreetmap"": ""way:359520179""}",matched: technologies
Microlucid Technology,27.0,low,Pune,Maharashtra,India,,18.5629123,73.7675286,,,,,,,,,building=office,openstreetmap,"{""openstreetmap"": ""way:1067633099""}",matched: technology
Motega Technologies Pvt. Ltd.,27.0,low,Pune,Maharashtra,India,"D-34, Dhole Patil Road, 411001",18.5326058,73.8749778,,,,,,,,,building=yes,openstreetmap,"{""openstreetmap"": ""node:1344487356""}",matched: technologies
Nitor Infotech,27.0,low,Pune,Maharashtra,India,,18.539534,73.8289767,,,,,,,,,office=yes,openstreetmap,"{""openstreetmap"": ""node:3090360564""}",matched: infotech
Nuvolo Technologies,27.0,low,Pune,Maharashtra,India,,18.563452,73.7663151,,,,,,,,,office=yes,openstreetmap,"{""openstreetmap"": ""node:9801921236""}",matched: technologies
Passogen Technologies,27.0,low,Pune,Maharashtra,India,"41/6, Lane Number 3, Sai Nagar, Katraj - Dehu Road Bypass, Pune, 411046",18.4519536,73.8481229,,,,,,,,,building=yes,openstreetmap,"{""openstreetmap"": ""way:360292053""}",matched: technologies
Pesh Infotech,27.0,low,Pune,Maharashtra,India,"Plot No. 46, Rajiv Gandhi Infotech Park,, Pune, 411057",18.5871519,73.738137,,,,,,,,,building=office,openstreetmap,"{""openstreetmap"": ""way:359749225""}",matched: infotech
Rathod Systems,27.0,low,Pune,Maharashtra,India,,18.4453494,73.810571,,,,,,,,,shop=computer,openstreetmap,"{""openstreetmap"": ""node:13620851371""}","matched: systems, computer"
Reinvent Design Technologies LLP,27.0,low,Pune,Maharashtra,India,"15A, City Vista, Fountain Road, Kharadi, Pune, 411014",18.5615032,73.9445814,,,,,,,,,building=commercial,openstreetmap,"{""openstreetmap"": ""way:1001612382""}",matched: technologies
Science and Technology Park,27.0,low,Pune,Maharashtra,India,,18.5527328,73.8230973,,,,,,,,,office=research | building=university,openstreetmap,"{""openstreetmap"": ""way:1030861961""}",matched: technology
Seed infotech,27.0,low,Pune,Maharashtra,India,,18.5598897,73.808915,,,,,,,,,office=educational_institution,openstreetmap,"{""openstreetmap"": ""node:11061383053""}",matched: infotech
Sterlite Technologies Ltd,27.0,low,Pune,Maharashtra,India,,18.5903183,73.7324305,,,,,,,,,office=yes,openstreetmap,"{""openstreetmap"": ""node:6501779302""}",matched: technologies
Sysap Technologies,27.0,low,Pune,Maharashtra,India,,18.5618823,73.7854384,,,,,,,,,office=employment_agency,openstreetmap,"{""openstreetmap"": ""node:13762876312""}",matched: technologies
"Tennis Court, Wipro Technologies",27.0,low,Pune,Maharashtra,India,,18.6000374,73.7175124,,,,,,,,,,openstreetmap,"{""openstreetmap"": ""node:10716161255""}",matched: technologies
ThoughtWorks Technologies (India) Pvt. Ltd.,27.0,low,Pune,Maharashtra,India,"6th Floor, Binarius Building, Deepak Complex, Beside Sales Tax Office, Shastrinagar, Yerawada, National Games Road, Pune, 411006",18.5558875,73.8919566,,,,,,,,,building=commercial,openstreetmap,"{""openstreetmap"": ""node:5575299124""}",matched: technologies
Transworld Technologies,27.0,low,Pune,Maharashtra,India,,18.5678097,73.9190361,,,,,,,,,amenity=office,openstreetmap,"{""openstreetmap"": ""node:9766112638""}",matched: technologies
Zensar Technologies,27.0,low,Pune,Maharashtra,India,"MIDC, Kharadi, 411014",18.5481893,73.9428636,,,,,,,,,building=office,openstreetmap,"{""openstreetmap"": ""node:1796636686""}",matched: technologies
"Essela Technologies Inc,",27.0,low,Surat,Gujarat,India,,21.2134832,72.7865545,,,,,,,,,,openstreetmap,"{""openstreetmap"": ""node:7548706302""}",matched: technologies
Addon Technologies,27.0,low,Thiruvananthapuram,Kerala,India,,8.5138105,76.9523329,,,,,,,,,shop=printer_ink,openstreetmap,"{""openstreetmap"": ""node:7469443600""}",matched: technologies
Captronic Systems Pvt Ltd,27.0,low,Thiruvananthapuram,Kerala,India,"1st floor, 1st Floor, Soorya Enclave, Kumarapuram Kannanmoola Rd, trivandrum, 695011",8.5068897,76.9311457,,,,,,,,,shop=computer | building=yes,openstreetmap,"{""openstreetmap"": ""way:1196404823""}","matched: systems, computer"
CDNS Technology India Pvt Ltd ( Apple Authorized Reseller ),27.0,low,Thiruvananthapuram,Kerala,India,,8.5115142,76.967653,,,,,,,,,building=commercial,openstreetmap,"{""openstreetmap"": ""way:958204012""}",matched: technology
Council for Science Technology and Environment,27.0,low,Thiruvananthapuram,Kerala,India,,8.5216851,76.9415128,,,,,,,,,office=government,openstreetmap,"{""openstreetmap"": ""node:3898452797""}",matched: technology
Department of Bio Technology,27.0,low,Thiruvananthapuram,Kerala,India,,8.5645442,76.8868504,,,,,,,,,office=educational_institution,openstreetmap,"{""openstreetmap"": ""node:5418122302""}",matched: technology
Dnet Systems,27.0,low,Thiruvananthapuram,Kerala,India,,8.5791112,76.8652031,,,,,,,,,shop=computer | building=yes,openstreetmap,"{""openstreetmap"": ""way:803678521""}","matched: systems, computer"
Fakeeh technologies pvt,27.0,low,Thiruvananthapuram,Kerala,India,,8.4849418,76.9289585,,,,,,,,,building=yes,openstreetmap,"{""openstreetmap"": ""way:802451693""}",matched: technologies
KM Technologies,27.0,low,Thiruvananthapuram,Kerala,India,,8.5226857,76.9451237,,,,,,,,,building=commercial,openstreetmap,"{""openstreetmap"": ""way:750779719""}",matched: technologies
MohandasCollege of Engineering and Technology,27.0,low,Thiruvananthapuram,Kerala,India,,8.5178727,76.9517484,,,,,,,,,building=yes,openstreetmap,"{""openstreetmap"": ""way:799324973""}",matched: technology
Oval Blue Office Technologies,27.0,low,Thiruvananthapuram,Kerala,India,,8.4989149,76.9323773,,,,,,,,,building=yes,openstreetmap,"{""openstreetmap"": ""way:802531723""}",matched: technologies
Prompt Systems,27.0,low,Thiruvananthapuram,Kerala,India,,8.5488141,76.9192608,,,,,,,,,shop=computer,openstreetmap,"{""openstreetmap"": ""node:4910145721""}","matched: systems, computer"
Silicon Systems and Services,27.0,low,Thiruvananthapuram,Kerala,India,,8.4873501,76.9422522,,,,,,,,,shop=computer,openstreetmap,"{""openstreetmap"": ""node:7130344543""}","matched: systems, computer"
Virtus Innovative Solutions Private Limited,27.0,low,Thiruvananthapuram,Kerala,India,,8.5188681,76.9585628,,,,,,,,,office=company | building=yes,openstreetmap,"{""openstreetmap"": ""way:798618707""}","matched: solutions, office=company"
cistron infotech pvt,27.0,low,Tiruchirappalli,Tamil Nadu,India,,10.8062398,78.680753,,,,,,,,,craft=electrician,openstreetmap,"{""openstreetmap"": ""node:5234732316""}",matched: infotech
Insys Solutions,27.0,low,Tiruchirappalli,Tamil Nadu,India,9,10.7957484,78.7584444,,+919843079797,,,,,,,shop=computer,openstreetmap,"{""openstreetmap"": ""node:5224415321""}","matched: solutions, computer"
Scofish Technologies Private Limited,27.0,low,Tiruchirappalli,Tamil Nadu,India,"16/73 E, Salai Road, Trichy, 620018",10.8285822,78.6838431,,,,,,,,,office=yes | building=yes,openstreetmap,"{""openstreetmap"": ""way:1226563750""}",matched: technologies
Apidel Technologies,27.0,low,Vadodara,Gujarat,India,,22.302995,73.154501,,,,,,,,,,openstreetmap,"{""openstreetmap"": ""way:930875294""}",matched: technologies
Faculty of Technology and Engineering MSU,27.0,low,Vadodara,Gujarat,India,,22.2971533,73.1972551,,,,,,,,,amenity=university,openstreetmap,"{""openstreetmap"": ""way:225758337""}",matched: technology
Techgrains Technologies Pvt. Ltd.,27.0,low,Vadodara,Gujarat,India,"706/707 (Tower 1A), 73 East Avenue, Sarabhai Campus, Nr. Genda Circle",22.3194611,73.1692494,,,,,,,,,building=commercial,openstreetmap,"{""openstreetmap"": ""way:1296027132""}",matched: technologies
KK Systems,27.0,low,Vijayawada,Andhra Pradesh,India,,16.5112347,80.625113,,,,,,,,,shop=computer,openstreetmap,"{""openstreetmap"": ""node:11573979313""}","matched: systems, computer"
Vijaya Technologies,27.0,low,Vijayawada,Andhra Pradesh,India,,16.5067281,80.6442695,,,,,,,,,shop=yes,openstreetmap,"{""openstreetmap"": ""node:12873579812""}",matched: technologies
Innovation centre for drone technologies,27.0,low,Visakhapatnam,Andhra Pradesh,India,,17.7325255,83.3192209,,,,,,,,,office=educational_institution | building=yes,openstreetmap,"{""openstreetmap"": ""way:1260751865""}",matched: technologies
Science and Technology Bhavan,27.0,low,Visakhapatnam,Andhra Pradesh,India,,17.7239476,83.3250068,,,,,,,,,building=yes,openstreetmap,"{""openstreetmap"": ""relation:6041660""}",matched: technology
Siri Infotech,27.0,low,Visakhapatnam,Andhra Pradesh,India,,17.7260445,83.3014401,,,,,,,,,craft=electronics_repair,openstreetmap,"{""openstreetmap"": ""node:13312902005""}",matched: infotech
Sree Silicon Technologies,27.0,low,Visakhapatnam,Andhra Pradesh,India,,17.7262828,83.3025025,,,,,,,,,craft=electronics_repair,openstreetmap,"{""openstreetmap"": ""node:13312902003""}",matched: technologies
Syam IT Solutions,27.0,low,Visakhapatnam,Andhra Pradesh,India,,17.726219,83.3010822,,,,,,,,,office=company,openstreetmap,"{""openstreetmap"": ""node:13800470051""}","matched: solutions, office=company"
CloudJet Labs,26.0,low,Bengaluru,Karnataka,India,"77/A, 1st floor, Cygnus Chambers, Jyoti Nivas College Road, Bangalore, 560034",12.9325544,77.6139375,,,,,,,,,office=it,openstreetmap,"{""openstreetmap"": ""node:4084743885""}","matched: labs, office=it; negative hints: college"
CLOUDEAN : TRUE CLOUD,26.0,low,Pune,Maharashtra,India,"Solapur Road, PUNE, 411028",18.5007918,73.9384993,https://cloudean.com/,,,,,,,,,openstreetmap,"{""openstreetmap"": ""node:4004442232""}",matched: cloud
Cell fix Smart Solutions,25.0,low,Bengaluru,Karnataka,India,,12.9699346,77.6937681,,,,,,,,,shop=computer,openstreetmap,"{""openstreetmap"": ""node:5503164672""}","matched: solutions, computer"
Center for Artificial Intelligence and Robotics,25.0,low,Bengaluru,Karnataka,India,,12.9876261,77.6684954,,,,,,,,,,openstreetmap,"{""openstreetmap"": ""way:164050955""}",matched: artificial intelligence
F1 Info Solutions & Services Pvt Ltd,25.0,low,Bengaluru,Karnataka,India,,12.9876942,77.5948863,,,,,,,,,shop=computer,openstreetmap,"{""openstreetmap"": ""node:4586443789""}","matched: solutions, computer"
Granite Rive Labs,25.0,low,Bengaluru,Karnataka,India,,12.9494883,77.6997773,,,,,,,,,,openstreetmap,"{""openstreetmap"": ""node:3540853027""}","matched: labs, office=company"
JN Rrseearch Labs LLP.,25.0,low,Bengaluru,Karnataka,India,,12.9276564,77.5174966,,,,,,,,,office=company,openstreetmap,"{""openstreetmap"": ""node:13240199708""}","matched: labs, office=company"
Mantra Labs,25.0,low,Bengaluru,Karnataka,India,,12.9846898,77.726976,,,,,,,,,office=company,openstreetmap,"{""openstreetmap"": ""node:12072910347""}","matched: labs, office=company"
Print IT Solutions,25.0,low,Bengaluru,Karnataka,India,,12.9589011,77.7017139,,,,,,,,,shop=computer,openstreetmap,"{""openstreetmap"": ""node:13594648879""}","matched: solutions, computer"
RS Digital Color labs,25.0,low,Bengaluru,Karnataka,India,,12.9591031,77.6612875,,,,,,,,,craft=photographic_laboratory,openstreetmap,"{""openstreetmap"": ""node:3806442336""}","matched: digital, labs"
SAP Labs India,25.0,low,Bengaluru,Karnataka,India,,12.9859191,77.7428944,,,,,,,,,office=company,openstreetmap,"{""openstreetmap"": ""node:1564814117""}","matched: labs, office=company"
SAP Labs India Pvt. Ltd.,25.0,low,Bengaluru,Karnataka,India,"138, EPIP Zone, Bengaluru, 560066",12.9788461,77.7149222,,,,,,,,,office=company,openstreetmap,"{""openstreetmap"": ""node:4489121316""}","matched: labs, office=company"
Sn digital,25.0,low,Bengaluru,Karnataka,India,,13.0021544,77.6327813,,,,,,,,,shop=computer,openstreetmap,"{""openstreetmap"": ""node:4844867523""}","matched: digital, computer"
Zapr Media Labs,25.0,low,Bengaluru,Karnataka,India,,12.970596,77.6470969,,,,,,,,,office=company,openstreetmap,"{""openstreetmap"": ""node:4315678643""}","matched: labs, office=company"
Linux Solutions,25.0,low,Chandigarh-Mohali,Chandigarh/Punjab,India,"390, Sector 6, backside lane laxmi narayan mandir, 134109",30.7054095,76.8597668,,,,,,,,,shop=computer,openstreetmap,"{""openstreetmap"": ""node:13426071101""}","matched: solutions, computer"
Professional it solutions,25.0,low,Guntur,Andhra Pradesh,India,lam,16.38244,80.4342967,,,,,,,,,shop=computer,openstreetmap,"{""openstreetmap"": ""node:5309964836""}","matched: solutions, computer"
Asus,25.0,low,Gurugram,Haryana,India,,28.4806895,77.0800465,,,,,,,,,shop=electronics,openstreetmap,"{""openstreetmap"": ""node:13890672521""}","matched: solutions, computer"
Lenovo,25.0,low,Gurugram,Haryana,India,,28.4807703,77.0804242,,,,,,,,,shop=electronics,openstreetmap,"{""openstreetmap"": ""node:13890672616""}","matched: solutions, computer"
Starnet Computer and Solutions,25.0,low,Guwahati,Assam,India,,26.1786483,91.7509962,,,,,,,,,shop=computer,openstreetmap,"{""openstreetmap"": ""node:11932595328""}","matched: solutions, computer"
Value Labs,25.0,low,Hyderabad,Telangana,India,,17.4494029,78.3724744,,,,,,,,,office=company | building=yes,openstreetmap,"{""openstreetmap"": ""way:89914126""}","matched: labs, office=company"
Balaji Solutions,25.0,low,Kochi,Kerala,India,"18, Kochukadavanthra, Kochi, 682036",9.9501108,76.3030314,,,,,,,,,shop=computer | building=detached,openstreetmap,"{""openstreetmap"": ""way:1347149481""}","matched: solutions, computer"
Deepthi IT Solutions,25.0,low,Kochi,Kerala,India,,9.9481807,76.292281,,,,,,,,,shop=computer,openstreetmap,"{""openstreetmap"": ""node:11053496984""}","matched: solutions, computer"
Digital Monkey,25.0,low,Kochi,Kerala,India,Sahodaran Ayyappan Road,9.9657244,76.2954291,,,,,,,,,shop=computer | building=commercial,openstreetmap,"{""openstreetmap"": ""way:1344372831""}","matched: digital, computer"
imc Digital,25.0,low,Kochi,Kerala,India,,9.9647275,76.2901178,,,,,,,,,shop=computer,openstreetmap,"{""openstreetmap"": ""node:5244190367""}","matched: digital, computer"
Kerala Startup Mission,25.0,low,Kochi,Kerala,India,,10.0556581,76.3541565,,,,,,,,,office=company | building=office,openstreetmap,"{""openstreetmap"": ""node:6359773812""}","matched: startup, office=company"
Legendary Digital Store,25.0,low,Kochi,Kerala,India,,9.9559631,76.3021869,,,,,,,,,shop=computer,openstreetmap,"{""openstreetmap"": ""node:7457780758""}","matched: digital, computer"
Rashu Solutions,25.0,low,Mumbai,Maharashtra,India,"Plot NO !4, Road Number 3, MUMBAI, 400043",19.0654862,72.9220619,,,,,,,,,shop=computer,openstreetmap,"{""openstreetmap"": ""node:3213873073""}","matched: solutions, computer"
Amethyst IT Solutions Private Limited,25.0,low,Noida,Uttar Pradesh,India,"G-7, Vishal Bhawan, 95, Nehru Place",28.5480804,77.2522115,,,,,,,,,craft=electronics_repair | shop=computer,openstreetmap,"{""openstreetmap"": ""node:13078233164""}","matched: solutions, computer"
Total Solutions,25.0,low,Noida,Uttar Pradesh,India,,28.5481495,77.2516865,,,,,,,,,shop=computer | craft=electronics_repair,openstreetmap,"{""openstreetmap"": ""node:11917721685""}","matched: solutions, computer"
U.M. Computer Solutions,25.0,low,Noida,Uttar Pradesh,India,,28.5482711,77.2520062,,,,,,,,,shop=computer,openstreetmap,"{""openstreetmap"": ""node:11917724354""}","matched: solutions, computer"
DIGITAL COMPUTER CENTRE (DCC),25.0,low,Patna,Bihar,India,,25.5959574,85.1282757,,,,,,,,,,openstreetmap,"{""openstreetmap"": ""node:11698016745""}","matched: digital, computer"
computer solutions,25.0,low,Ranchi,Jharkhand,India,,23.3778508,85.3329036,,,,,,,,,,openstreetmap,"{""openstreetmap"": ""way:352724953""}","matched: solutions, computer"
A+ve Laptop Solutions,25.0,low,Tiruchirappalli,Tamil Nadu,India,,10.8220245,78.6834236,,,,,,,,,shop=computer,openstreetmap,"{""openstreetmap"": ""node:4701651809""}","matched: solutions, computer"
Prologic Solutions,25.0,low,Visakhapatnam,Andhra Pradesh,India,,17.7268614,83.3004942,,,,,,,,,shop=computer,openstreetmap,"{""openstreetmap"": ""node:13800470068""}","matched: solutions, computer"
Sanrad Infotech,24.0,low,Coimbatore,Tamil Nadu,India,"No.80/11 & 12, Arts College Road, 641044",10.9981247,76.971162,https://sanradinfotech.com,08848752625;08848712625;08590752625;04223570334;04223510842,,,,,,,office=company,openstreetmap,"{""openstreetmap"": ""node:13564896001""}","matched: infotech, office=company; negative hints: college"
Askus Building Systems,24.0,low,Kochi,Kerala,India,"17/954, Seaport Airport Road, Kochi, 682037",10.0024415,76.3491626,https://askusbs.com/,+91-9633-041810,,,,,,,"office=construction_company | description=Pre Engineered Building Manufacturer in Kerala, PEB contractor in Kerala",openstreetmap,"{""openstreetmap"": ""node:13389622650""}",matched: systems
Integra Micro Systems (P) ltd.,24.0,low,Kolkata,West Bengal,India,"15, Lake Place, Lake Place, Kolkata, 700029",22.5149099,88.3496836,https://www.integramicro.com/,+91 033 24660363,,,,,,,,openstreetmap,"{""openstreetmap"": ""node:4443890291""}",matched: systems
"Library, Computer & CPMU Labs",23.0,low,Bengaluru,Karnataka,India,,13.0686362,77.6110273,,,,,,,,,building=university,openstreetmap,"{""openstreetmap"": ""way:471741287""}","matched: labs, computer"
Swastiks Digital Technologies Private Limited,23.0,low,Chennai,Tamil Nadu,India,"35A, North Usman Road, T.Nagar,, Chennai, 600017",13.051839,80.2342458,,+91-9840733801/02/05,,,,,,,"building=commercial | description=Designing, DTP, Printing,",openstreetmap,"{""openstreetmap"": ""way:354770985""}","matched: technologies, digital; negative hints: printing"
Baked for Indulgence,23.0,low,Lucknow,Uttar Pradesh,India,,26.8113952,80.9951683,,+91-7054034673,,,,,,,"shop=bakery | description=Classic American deserts and artisanal breads. Order based only, cloud kitchen",openstreetmap,"{""openstreetmap"": ""node:11176412917""}",matched: cloud
SEO Giants,22.0,low,Ahmedabad,Gujarat,India,"B-401, Arham Purex SEO Giants Amrapali Lakeview, Vastrapur, Ahmedabad, 380054",23.0397947,72.529108,https://www.seogiants.in/,09574474443,,,,,,,"office=marketing | description=Take your business to the next level. Get expert SEO and Digital Marketing services to grow your business. Get visible, Get Ahead - Free Consultation!",openstreetmap,"{""openstreetmap"": ""node:12526016934""}",matched: digital
Cloudphysician,22.0,low,Bengaluru,Karnataka,India,"7, Bellary Road, Ganganagar, Bengaluru, 560032",13.0209141,77.5844951,https://cloudphysician.net/,+91-80-2309 2922,,,,,,,office=company,openstreetmap,"{""openstreetmap"": ""node:7257189846""}",matched: office=company
CMS Info Systems,22.0,low,Bengaluru,Karnataka,India,,13.0001303,77.6204117,https://www.cms.com/,,,,,,,,office=yes | building=yes,openstreetmap,"{""openstreetmap"": ""way:965191484""}",matched: systems
F1 info solutions and services pvt ltd,22.0,low,Bengaluru,Karnataka,India,"13th Cross Road, 5600102",12.9161421,77.6309745,http://1infoservices.com,08040979030,,,,,,,craft=electronics_repair,openstreetmap,"{""openstreetmap"": ""node:11006391105""}",matched: solutions
House360.in,22.0,low,Bengaluru,Karnataka,India,"Sarjapura Road, Chambenahalli, 562125",12.8779579,77.7621322,https://www.house360.in/,919983512989,,,,,,,"shop=wallpaper | description=House360 in is a leading provider of custom wallpaper solutions in Bengaluru. We specialize in designing high-quality, personalized wallpapers for both residential and commercial spaces.",openstreetmap,"{""openstreetmap"": ""node:13903665744""}",matched: solutions
MAKc Automation and Solutions,22.0,low,Bengaluru,Karnataka,India,,12.961617,77.7205123,https://makcautomations.com/,+91 7338504442,,,,,,,shop=lighting,openstreetmap,"{""openstreetmap"": ""node:10606091757""}",matched: solutions
Mathew Digital,22.0,low,Bengaluru,Karnataka,India,"3rd Floor, Hustlehub Tech Park, 36/5, Somasundarapalya Main Rd, adjacent 27th Main Road, PWD Quarters, Haralukunte Village, Sector 2, HSR Layout, Bengaluru, Karnataka 560102",12.901075,77.6509734,https://mathewdigital.com/,9019888640,,,,,,,office=advertising_agency | description=Digital Marketing Agency,openstreetmap,"{""openstreetmap"": ""node:12589624599""}",matched: digital
Reliance Digital,22.0,low,Bengaluru,Karnataka,India,"Survey No. 132P, 133P, & 134P, Nagawara Junction, Manayata Tech Park, Thanisandra Main Road, Bangalore, 560077",13.0454286,77.6269247,https://www.reliancedigital.in/,80672 94052,,,,,,,shop=electronics | building=retail,openstreetmap,"{""openstreetmap"": ""way:164570816""}",matched: digital
Reliance SMART Superstore,22.0,low,Bengaluru,Karnataka,India,"1254/46/3/1, Vidyaranyapura Main Rd, near Indian Oil Petrol Pump, Doddabommasandra, 560097",13.0632212,77.5592227,https://stores.reliancesmartbazaar.com/reliance-smart-superstore-hypermarket-vidyaranyapura-bengaluru-280327/Home,18008910001,,,,,,,shop=electronics,openstreetmap,"{""openstreetmap"": ""node:11215176140""}",matched: digital
Sign Boards Maker,22.0,low,Bengaluru,Karnataka,India,"505, East End Main Road, Jayanagar 9th Block, Bengaluru, 560069",12.9173526,77.5967367,https://signboardsmaker.com/,+91-9845385315,,,,,,,"craft=signmaker | description=Professional signboard manufacturer offering glow sign boards, pylon signs, wayfinding signage, LED displays, ACP cladding, advertising hoarding structures, frosted glass installations, retail branding, and custom indoor/outdoor signage solutions.",openstreetmap,"{""openstreetmap"": ""node:13935352216""}",matched: solutions
Tech Solutions.pvt.ltd,22.0,low,Bengaluru,Karnataka,India,"Bull Temple Rd, Gavipuram Extn, Gandhi Bazaar, Basavanagudi, Bangalore, 560004",12.9448286,77.5670946,innovationof2morrow.blogspot.com,078296 73492,,,,,,,,openstreetmap,"{""openstreetmap"": ""node:4489711218""}",matched: solutions
unilet solar solutions,22.0,low,Bengaluru,Karnataka,India,"411, 8th Cross Road, 560064",13.0710482,77.6169173,https://www.uniletsolar.com/,9632417722,,,,,,,shop=electronics,openstreetmap,"{""openstreetmap"": ""node:4758186134""}",matched: solutions
Bootesnull,22.0,low,Chandigarh-Mohali,Chandigarh/Punjab,India,"IT PARK, Teneil IT Tower, PLOT NO F-549, Industrial Area, Sector 75, Sahibzada Ajit Singh Nagar, Punjab 160055, Mohali, 160055",30.6972618,76.6895937,https://bootesnull.com,+91 90-4111-4448,,,,,,,"office=employment_agency | description=BootesNull, the best Web & Mobile Development Company that can fulfill every development need with the most suitable solutions and assist to achieve success.",openstreetmap,"{""openstreetmap"": ""node:13639962258""}",matched: solutions
Epilogue : Digital Marketing & Advertising Agency,22.0,low,Chandigarh-Mohali,Chandigarh/Punjab,India,"SCO 144-145, LEVEL 1, Sector 34 A, Chandigarh, 160022",30.721764,76.7700221,https://epilogue.co.in/,0172 419 0760,,,,,,,office=advertising_agency,openstreetmap,"{""openstreetmap"": ""node:13344336784""}",matched: digital
PR Digital,22.0,low,Chandigarh-Mohali,Chandigarh/Punjab,India,"F-545, Showbiz Tower, Mohali, 160055",30.6974483,76.6894909,https://www.prdigitalservices.com/,+91 6280020946,,,,,,,office=advertising_agency,openstreetmap,"{""openstreetmap"": ""node:11108009796""}",matched: digital
Travel Windo,22.0,low,Chandigarh-Mohali,Chandigarh/Punjab,India,"sco 264, Second Floor, Sector 70, Sahibzada Ajit Singh Nagar, 160070",30.6958404,76.7186602,https://travelwindo.com/,0172 352 9400,,,,,,,"shop=travel_agency | description=Travel Windo is a globally connected travel solutions provider specializing in crafting seamless travel experiences for individuals and groups. We offer end-to-end travel services, including customized travel packages, air ticket bookings etc.",openstreetmap,"{""openstreetmap"": ""node:12823171566""}",matched: solutions
Lookin Digital,22.0,low,Coimbatore,Tamil Nadu,India,"509, 1st Floor, Red Rose Plaza, Diwan Bahadur Rd, coimbatore, 641002",11.0070327,76.9508062,https://www.lookindigital.com,8807888188,,,,,,,office=advertising_agency,openstreetmap,"{""openstreetmap"": ""node:11698121276""}",matched: digital
Macronimous web solutions,22.0,low,Coimbatore,Tamil Nadu,India,"1029,, Sreevatsa Center, Mettupalayam Road, Coimbatore, 641025",11.0622463,76.9436954,https://www.macronimous.com/,+919944249039,,,,,,,building=commercial,openstreetmap,"{""openstreetmap"": ""node:2550159276""}",matched: solutions
Krafting Digital,22.0,low,Dehradun,Uttarakhand,India,"West Rest Camp, 7,, Tyagi Road, Adjacent Dang CA classes Govind Nagar, Race Course, Dehradun, 248001",30.3112485,78.0356444,https://kraftingdigital.com/,9760097910,,,,,,,office=advertising_agency,openstreetmap,"{""openstreetmap"": ""node:12951512321""}",matched: digital
CMS Info Systems,22.0,low,Hyderabad,Telangana,India,,17.4619077,78.4894935,https://www.cms.com/,,,,,,,,office=security,openstreetmap,"{""openstreetmap"": ""node:8739653925""}",matched: systems
Foinix Digital Services,22.0,low,Hyderabad,Telangana,India,"Hyderabad, 500019",17.4378273,78.3080838,https://foinixdigital.in,+91 9441100849,,,,,,,office=advertising_agency | description=Digital Marketing Agency in Hyderabad - Foinix Digital Services,openstreetmap,"{""openstreetmap"": ""node:11113377356""}",matched: digital
Kohli Center on Intelligent Systems(KCIS),22.0,low,Hyderabad,Telangana,India,,17.4450861,78.3495595,https://kcis.iiit.ac.in/,,,,,,,,building=university,openstreetmap,"{""openstreetmap"": ""relation:6203684""}",matched: systems
Reliance Digital,22.0,low,Hyderabad,Telangana,India,"sy no:1009, lgf,nexus mall, KPHB 9th Phase Road, Hyderabad, 500072",17.4843639,78.388981,https://www.reliancedigitalstores.in/reliance-digital-electronics-retail-and-repair-shop-balanagar-hyderabad-243296/Home?utm_source=locator&utm_medium=googleplaces,08928933428,,,,,,,shop=electronics,openstreetmap,"{""openstreetmap"": ""node:11358156627""}",matched: digital
Sharkify Insurance,22.0,low,Hyderabad,Telangana,India,"Awfis, Oyster Complex, Hyderabad, 500082",17.4293852,78.4560056,https://sharkify.in,8712228651,,,,,,,"office=insurance | description=Sharkify Insurance, a broker for Care Insurance, delivers personalized insurance solutions, ensuring secure and affordable coverage for individuals and businesses with a customer-first approach.",openstreetmap,"{""openstreetmap"": ""node:12385809957""}",matched: solutions
Sunder Travels Taxi Service,22.0,low,Hyderabad,Telangana,India,"Shop No:1, Plot No.46, NH 44, behind Diamond kanta, Umda Nagar, Gaganpahad, Hyderabad, 500052",17.3028497,78.4188671,https://sundertravelscabservice.com/,919989304150,,,,,,,"shop=travel_agency | description=We are Sunder Travels, your trusted taxi service in Hyderabad for all travel needs Whether you need airport taxi service, city tours, or corporate travel solutions, our professional drivers ensure comfortable and timely journeys.",openstreetmap,"{""openstreetmap"": ""node:13909092496""}",matched: solutions
Heritage Projects & Consultant,22.0,low,Jaipur,Rajasthan,India,"204, Elements Mall, DCM, Ajmer road, Jaipur, 302021",26.8951343,75.7484941,https://hpcjindia.in,+918058212586,,,,,,,"office=architect | description=Heritage Project and Consultant (HPC) is a leading construction company in Jaipur, offering turnkey solutions, architecture, interiors, and project management with quality, timely delivery, and professionalism.",openstreetmap,"{""openstreetmap"": ""way:1431518979""}",matched: solutions
SH Digital Media Experience Centre,22.0,low,Kochi,Kerala,India,"Seaport Airport Road, Kochi, 682021",10.027349,76.3372538,https://www.shdigimedia.com/,+91-9656-335394,,,,,,,shop=hifi,openstreetmap,"{""openstreetmap"": ""node:13325974258""}",matched: digital
Bajaj Capital,22.0,low,Madurai,Tamil Nadu,India,"272/273, 5, First Floor, Suriya Towers, Goods Shed Street, Madurai Main, Madurai, Tamil Nadu",9.9234541,78.1139029,https://www.bajajcapital.com/,0452 234 5885,,,,,,,"office=financial | description=Here at BajajCapital Limited, we offer personalized investment solutions to individual investors, Non-Resident Indians (NRIs), and High Networth clients, among others.",openstreetmap,"{""openstreetmap"": ""node:12858458758""}",matched: solutions
Appectual IT Solutions,22.0,low,Mumbai,Maharashtra,India,Peru Baug,19.1654135,72.8527191,http://www.appectual.com/,7738141539,,,,,,,,openstreetmap,"{""openstreetmap"": ""way:84982607""}",matched: solutions
Brightlist Global,22.0,low,Mumbai,Maharashtra,India,"6th floor, WeWork Lightbridge, Hiranandani Business Park, Saki Vihar Rd, Tunga Village, Chandivali, Powai, Mumbai, 400072",19.1162001,72.8892275,https://brightlistglobal.com/,918097044024,,,,,,,"description=Brightlist Global HR Services is Powai's leading placement and recruitment agency, delivering comprehensive staffing solutions across all sectors in Mumbai and beyond.",openstreetmap,"{""openstreetmap"": ""node:13828018530""}",matched: solutions
Ebrahim Travels,22.0,low,Mumbai,Maharashtra,India,"6th floor, WeWork Lightbridge, Hiranandani Business Park, Saki Vihar Rd, Tunga Village, Chandivali, Powai, Mumbai, 400072",19.1161868,72.8892343,https://ebrahimtravels.com/,919820162992,,,,,,,"shop=travel_agency | description=Ebrahim Travels in Powai, Mumbai offers complete travel solutions for all your vacation needs. We specialize in domestic and international tour packages, group tours, and holiday packages tailored to create unforgettable experiences.",openstreetmap,"{""openstreetmap"": ""node:13828167358""}",matched: solutions
Growing Sphere,22.0,low,Mumbai,Maharashtra,India,"Hari Om Nagar, Damoji Patil Wadi, Mulund East, Mumbai, 400081",19.1748156,72.9723548,https://www.growingsphere.com/,917506212213,,,,,,,"shop=travel_agency | description=We are Growing Sphere Private Limited, specializing in comprehensive hospitality and lifestyle management solutions. Our expert team crafts tailor-made vacation experiences, holiday tour packages, and seamless domestic and international tours.",openstreetmap,"{""openstreetmap"": ""node:13912515871""}",matched: solutions
Mithila Chemist,22.0,low,Mumbai,Maharashtra,India,"Shop No 6 Ground floor, Chandrangan Residency, Type B, Shill Road, next to Torrent Electricity Office, near Diva railway station, east, Diva, Dombivali",19.1850253,73.0419689,https://mithila-chemist-east.grexa.site/,919967884435,,,,,,,"amenity=pharmacy | description=Mithila Chemist And General Store is your trusted medical store in Diva, offering healthcare solutions under one roof. We provide quality medicines, life-saving injections, and a wide range of surgical & healthcare products to meet all your health needs.",openstreetmap,"{""openstreetmap"": ""node:13909184920""}",matched: solutions
PALINDIA BUSINESS SOLUTIONS LTD,22.0,low,Mumbai,Maharashtra,India,"417 Gemstar commercial complex, kachpada, Ramchandra Gali, Malad, 400064",19.1898373,72.840567,www.pbsworld.in,02265335577,,,,,,,,openstreetmap,"{""openstreetmap"": ""node:3186236175""}",matched: solutions
PICKMYURL Digital Marketing Agency,22.0,low,Mumbai,Maharashtra,India,"Ganesh Tower, Dada Patil Marg, Thane West, 400602",19.1868711,72.9748663,https://pickmyurl.com/,+9122401222285,,,,,,,office=advertising_agency,openstreetmap,"{""openstreetmap"": ""node:11066383273""}",matched: digital
Sociomark - Digital Marketing Agency,22.0,low,Mumbai,Maharashtra,India,"225, NBC Complex, Sector 11, CBD Belapur, Sakal Bhavan Marg, Navi Mumbai, 400614",19.0166477,73.0393628,https://www.sociomark.in/,+919819988640,,,,,,,office=advertising_agency,openstreetmap,"{""openstreetmap"": ""node:6503502797""}",matched: digital
Disayana Digital LLP,22.0,low,Navi Mumbai,Maharashtra,India,"C 109, Everest Tower, Chickenghar Road, kalyan, 421301",19.242879,73.139719,https://disayana.com,+91 9221800646,,,,,,,office=advertising_agency | description=Digital marketing and web designing provider in kalyan.,openstreetmap,"{""openstreetmap"": ""node:13124928614""}",matched: digital
Digital paradize,22.0,low,New Delhi,Delhi,India,"G36, Outer Circle, new delhi, 110001",28.6328607,77.2168736,https://digitalparadize.in/blog/best-digital-marketing-courses-in-delhi/,+91- 9582634403,,,,,,,office=educational_institution,openstreetmap,"{""openstreetmap"": ""node:11736313335""}",matched: digital
Hashbrown Systems Pvt Ltd,22.0,low,New Delhi,Delhi,India,"703, Vikrant Tower, New Delhi, 110008",28.645834,77.1781956,www.hashbrown.in,,,,,,,,,openstreetmap,"{""openstreetmap"": ""node:2699462101""}",matched: systems
Odd Loop - Creative Digital & Social Media Marketing Agency,22.0,low,New Delhi,Delhi,India,"25,2, New Rohtak Road, New Delhi, 11005",28.6654198,77.1741385,https://www.oddloopagency.com/,+919871595823,,,,,,,office=advertising_agency,openstreetmap,"{""openstreetmap"": ""node:8520824440""}",matched: digital
Abroad Solutions India,22.0,low,Noida,Uttar Pradesh,India,"Plot No.68, Okhla Industrial Area Phase 3, New Delhi, 110020",28.5495343,77.2675591,https://www.abroadsolutions.com/,+91 7991 203 281,,,,,,,"building=commercial | description=Overseas Career, Education, Migration and Tourism Organisation",openstreetmap,"{""openstreetmap"": ""way:291875439""}",matched: solutions
Digital Story Studio,22.0,low,Noida,Uttar Pradesh,India,"8/334, lalita park, Laxmi nagar, new delhi, 110092",28.6311589,77.2744813,https://maps.app.goo.gl/bJV9hfy456Qotazj8,8810696407,,,,,,,craft=photographer,openstreetmap,"{""openstreetmap"": ""node:13661031751""}",matched: digital
Gaura Travel Solutions,22.0,low,Noida,Uttar Pradesh,India,"1st Floor, FS Plaza, 105, Jagat Farm, Sector Gamma 1, Greater Noida, 201310",28.4821836,77.4989513,https://www.gauratravelsolutions.com/,919711737879,,,,,,,"shop=travel_agency | description=Embark on your next adventure with Gaura Travel Solutions, your dedicated travel partner since 2015. Located in Greater Noida, this premier agency specialises in crafting seamless travel experiences.",openstreetmap,"{""openstreetmap"": ""node:13902440613""}",matched: solutions
Green Globe Solutions,22.0,low,Noida,Uttar Pradesh,India,"Ghaziabad, 201014",28.6465785,77.3611394,https://www.facebook.com/globegreen024,095402 03999,,,,,,,amenity=Electrical appliance wholesaler,openstreetmap,"{""openstreetmap"": ""node:13512212601""}",matched: solutions
Inspirisys Solutions Limited,22.0,low,Noida,Uttar Pradesh,India,93,28.5484441,77.2527461,https://www.inspirisys.com,+91 11 4004 4880,,,,,,,craft=electronics_repair | description=Official service center for Seagate,openstreetmap,"{""openstreetmap"": ""node:9938974274""}",matched: solutions
KENT RO SYSTEMS LTD,22.0,low,Noida,Uttar Pradesh,India,"C-56/46, C Block, Phase 2,, Industrial Area, Sector 62,, Noida, 201309",28.6155146,77.3666034,https://www.kent.co.in/?utm_source=Google-Local-Business&utm_medium=Local-Business&utm_term=Water-Purifier&utm_content=1&utm_campaign=Local-Business,,,,,,,,office=private | building=commercial,openstreetmap,"{""openstreetmap"": ""way:351565594""}",matched: systems
Khurana Digital Color Solution,22.0,low,Noida,Uttar Pradesh,India,"96, 110019",28.5481888,77.2518593,https://khuranadcs.com/,+91-11-2642-4919;+91-11-2644-8414;+91-11-2644-8415;+91-11-2644-8416;+91-98110-18246;+91-98101-14286;+91-93109-40500,,,,,,,shop=copyshop,openstreetmap,"{""openstreetmap"": ""node:6006353163""}",matched: digital
Marketing Spirits - The Future of Digital Excellence,22.0,low,Noida,Uttar Pradesh,India,"F-39/B, Vikas Marg, New Delhi, 110092",28.6364987,77.2823509,http://marketingspirits.com,+91 9958080618,,,,,,,,openstreetmap,"{""openstreetmap"": ""node:3837227050""}",matched: digital
Prasad Solutions Private Limited,22.0,low,Noida,Uttar Pradesh,India,,28.5486504,77.251818,https://www.prasad-solutions.com/,+91-11-4055-6770,,,,,,,,openstreetmap,"{""openstreetmap"": ""node:2637118446""}",matched: solutions
Zaitoon Digital Agency,22.0,low,Noida,Uttar Pradesh,India,"12A, TDI Centre, Jasola, New Delhi, 110025",28.5376795,77.2874203,https://zaitoonagency.com/,+91114500454,,,,,,,,openstreetmap,"{""openstreetmap"": ""way:266074799""}",matched: digital
Geniebee Infosolutions,22.0,low,Pune,Maharashtra,India,"301, Balewadi Road, Pune, 411045",18.5753491,73.766267,https://geniebee.co,+917588876699,,,,,,,office=company,openstreetmap,"{""openstreetmap"": ""node:12943719904""}",matched: office=company
Naik Homeopathy,22.0,low,Pune,Maharashtra,India,"Lilashree Building, 2nd floor, opp. of Ayurvedic Rasshala Prabhat galli, 9, Karve Rd, Pune, 411004",18.5115138,73.8364625,https://naikhomoeopathy.com/,919552528129,,,,,,,"description=Naik Homeopathy brings over 40 years of trusted homeopathic healing across Asia. Led by renowned doctors, we specialize in thyroid treatment, weight loss solutions, and obesity therapy using natural homeopathic medicine.",openstreetmap,"{""openstreetmap"": ""node:13922662570""}",matched: solutions
Reliance Digital,22.0,low,Pune,Maharashtra,India,"Balewadi High Street, Baner, Pune, 411045",18.5635424,73.7765209,http://www.reliancedigital.in/,+912029526081,,,,,,,shop=electronics,openstreetmap,"{""openstreetmap"": ""node:9401950404""}",matched: digital
Swapnsahyadri Pest Solutions,22.0,low,Pune,Maharashtra,India,"S No.154, Haveli, Shop No.16 H No. 4 Savitri Complex, DSK Vishwa Rd, near Bikaner Sweets, Dhayari, Pune, 411041",18.4471855,73.8098972,https://connectitapp.in/swapnsahyadri-pest-solutions,918698359356,,,,,,,"craft=cleaning | description=We are Swapnsahyadri Pest Solutions, providing expert pest control services in Dhayari, Pune. Our specialized treatments include bed bug treatment, termite treatment, cockroach pest control, and mosquito control with 24-hour availability.",openstreetmap,"{""openstreetmap"": ""node:13906473078""}",matched: solutions
DSIT Solutions,22.0,low,Vadodara,Gujarat,India,"283, Makarpura Main Road, vadodara, 390010",22.2554394,73.1941138,https://www.dsit.co.in/,919874948640,,,,,,,office=advertising_agency,openstreetmap,"{""openstreetmap"": ""node:13525554171""}",matched: solutions
Mark Digital,22.0,low,Vadodara,Gujarat,India,"SF-6, F-6, Shivalaya Complex, 2nd, Vasna - Tandalja Rd, Ashwamegh Nagar, Vasna,, Vadodara, 390007",22.2945783,73.1519972,https://markdigital.in/,+91 8866433766,,,,,,,office=advertising_agency,openstreetmap,"{""openstreetmap"": ""node:13852310971""}",matched: digital
Digital Seva,22.0,low,Vijayawada,Andhra Pradesh,India,"4-13/6, Vaddeswaram Main Road, 522503",16.4488502,80.6110764,https://www.meeseva.in/,7382512764,,,,,,,office=government,openstreetmap,"{""openstreetmap"": ""node:5641031622""}",matched: digital
Paisa Pulse,22.0,low,Vijayawada,Andhra Pradesh,India,"2nd floor, Nishanth apartment, 54-20/2-3A/1, near Sneha cars, Srinivasa Nagar Bank Colony, Kanuru",16.5132747,80.6702152,https://www.paisapulse.com/,917981643315,,,,,,,"office=financial_advisor | description=Paisa Pulse is your trusted financial partner specializing in home loans, education loans, business loans, and personal loan solutions. As experienced loan consultants and financial planners, we offer hassle-free lending with quick approvals and transpare",openstreetmap,"{""openstreetmap"": ""node:13928910946""}",matched: solutions
8 Cloud 8,21.0,low,Bengaluru,Karnataka,India,,13.0552429,77.6020012,,,,,,,,,shop=clothes,openstreetmap,"{""openstreetmap"": ""node:11331367482""}",matched: cloud
Alembic Cloud Forest (u/c),21.0,low,Bengaluru,Karnataka,India,,12.9862893,77.7578167,,,,,,,,,,openstreetmap,"{""openstreetmap"": ""way:1454051734""}",matched: cloud
Cloud,21.0,low,Bengaluru,Karnataka,India,,12.9568246,77.728935,,,,,,,,,building=office,openstreetmap,"{""openstreetmap"": ""way:1130957355""}",matched: cloud
Cloud 8,21.0,low,Bengaluru,Karnataka,India,,13.0817003,77.5486667,,,,,,,,,shop=clothes,openstreetmap,"{""openstreetmap"": ""node:7227496251""}",matched: cloud
Cloud Dental Care,21.0,low,Bengaluru,Karnataka,India,,12.9139064,77.6081076,,,,,,,,,amenity=dentist,openstreetmap,"{""openstreetmap"": ""node:11291647601""}",matched: cloud
Cloud Nine Villas,21.0,low,Bengaluru,Karnataka,India,,12.8071859,77.687204,,,,,,,,,,openstreetmap,"{""openstreetmap"": ""way:838531702""}",matched: cloud
Omm Nom Nomm - Cloud kitchen,21.0,low,Bengaluru,Karnataka,India,,12.9393554,77.6179771,,,,,,,,,amenity=ice_cream,openstreetmap,"{""openstreetmap"": ""node:11398011949""}",matched: cloud
SKAV Silver Cloud,21.0,low,Bengaluru,Karnataka,India,,13.0189728,77.5498132,,,,,,,,,,openstreetmap,"{""openstreetmap"": ""way:1217139667""}",matched: cloud
Centre of Excellence in Cyber Security,21.0,low,Gandhinagar,Gujarat,India,,23.2098923,72.6620213,,,,,,,,,building=university,openstreetmap,"{""openstreetmap"": ""way:1486398663""}",matched: cyber security
CLOUD 9  UNISEX,21.0,low,Guwahati,Assam,India,,26.1236632,91.7984009,,,,,,,,,shop=beauty,openstreetmap,"{""openstreetmap"": ""node:13517102233""}",matched: cloud
Cloud 9,21.0,low,Mumbai,Maharashtra,India,,19.0597866,72.9011429,,,,,,,,,,openstreetmap,"{""openstreetmap"": ""node:13594656619""}",matched: cloud
Reliable Cloud city MRS,21.0,low,Mumbai,Maharashtra,India,,19.1699756,73.000867,,,,,,,,,,openstreetmap,"{""openstreetmap"": ""way:257468934""}",matched: cloud
Rishabh Cloud 9,21.0,low,Noida,Uttar Pradesh,India,,28.6455204,77.3846047,,,,,,,,,,openstreetmap,"{""openstreetmap"": ""way:1409138960""}",matched: cloud
White cloud laundry,21.0,low,Panaji/Goa,Goa,India,,15.5269822,73.8265199,,,,,,,,,shop=laundry,openstreetmap,"{""openstreetmap"": ""node:4759448122""}",matched: cloud
AppArchet LLC,21.0,low,Pune,Maharashtra,India,"3, Heaven Green Society, Opposite to Euro School, Undri, Pune, 411060",18.4530799,73.9161634,htttps://apparchetllc.com,,,,,,,,office=it,openstreetmap,"{""openstreetmap"": ""node:10220974154""}",matched: office=it; negative hints: school
Charcoal Eats/B Burger Cloud Kitchen,21.0,low,Pune,Maharashtra,India,,18.5596289,73.7900197,,,,,,,,,craft=caterer,openstreetmap,"{""openstreetmap"": ""node:13601852557""}",matched: cloud
cloud 9,21.0,low,Pune,Maharashtra,India,,18.4772699,73.9107243,,,,,,,,,,openstreetmap,"{""openstreetmap"": ""node:4327203990""}",matched: cloud
Orthos Orthopedic and Spine Centre,21.0,low,Pune,Maharashtra,India,"Gera's Imperium Rise, 214, Hinjawadi Phase 2 Rd, Hinjawadi Phase II, Hinjawadi Rajiv Gandhi Infotech Park,Hinjawadi, Pune, 411057",18.5961784,73.7175115,,,,,,,,,amenity=clinic,openstreetmap,"{""openstreetmap"": ""node:12373619396""}","matched: technology, infotech; negative hints: clinic"
Cloud 9 Trip,21.0,low,Vijayawada,Andhra Pradesh,India,,16.5041348,80.6501563,,,,,,,,,shop=travel_agency,openstreetmap,"{""openstreetmap"": ""node:12994276243""}",matched: cloud
add-on Scans & Labs,20.0,low,Bengaluru,Karnataka,India,"#5, MGR Complex, Sarjapur Road, Bangalore, 560035",12.911704,77.6817197,https://addonhealthcare.com/,080 4225 5500,,,,,,,,openstreetmap,"{""openstreetmap"": ""node:4446926802""}",matched: labs
Digital Jahid Media,20.0,low,Bengaluru,Karnataka,India,,12.9179115,77.4838938,https://www.digitaljahidmedia.com/,,,,,,,,building=yes,openstreetmap,"{""openstreetmap"": ""way:347574122""}",matched: digital
EzPG Network Solutions Pvt Ltd,20.0,low,Bengaluru,Karnataka,India,,12.90482,77.6089173,https://www.ezpg.in/,,,,,,,,office=yes,openstreetmap,"{""openstreetmap"": ""node:6911955109""}",matched: solutions
Savi Forex and Tours Private Limited,20.0,low,Bengaluru,Karnataka,India,"46/2, Mathrushree Mansion, Block 1 , Shop No 2, Garvebhavipalya, Bengaluru, - 560068",12.8922171,77.6384192,https://saviforex.com/,,,,,,,,"amenity=bureau_de_change | description=Savi Forex is your trusted partner for currency exchange in Bangalore, offering competitive rates, RBI-compliant secure transactions, and doorstep delivery. With a wide range of currencies and customized solutions for students, tourists, and business.",openstreetmap,"{""openstreetmap"": ""node:12522293984""}",matched: solutions
Two Roads Technological Solutions,20.0,low,Bengaluru,Karnataka,India,"Suite 354, Evoma, Old Madras Road, Bengaluru, 560049",13.0226556,77.7122086,www.tworoads.co.in,,,,,,,,,openstreetmap,"{""openstreetmap"": ""node:3558139008""}",matched: solutions
Auxost | Digital Marketing Agency,20.0,low,Bhopal,Madhya Pradesh,India,,23.2143475,77.4380498,https://auxost.com/,,,,,,,,"description=Auxost is a digital marketing agency in Bhopal, specializing in providing marketing services digitally through social media marketing, influencers, content strategies, website development, web design, SEO,, SEM, email marketing, meme marketing, .",openstreetmap,"{""openstreetmap"": ""node:12655778661""}",matched: digital
Aarthi Scans & Labs,20.0,low,Chennai,Tamil Nadu,India,"3, 1st Main Road",12.9758423,80.2193076,https://aarthiscan.com/,+917305079758,,,,,,,,openstreetmap,"{""openstreetmap"": ""node:8573649179""}",matched: labs
ASK 2 PRO,20.0,low,Chennai,Tamil Nadu,India,,13.1211019,80.1515005,https://ask2pro.com/,,,,,,,,description=B2B Business Solutions,openstreetmap,"{""openstreetmap"": ""node:12618660301""}",matched: solutions
GoFix Solutions - Head Office,20.0,low,Chennai,Tamil Nadu,India,"No.18, 41, E VK Sampath Rd, Vepery, Periyamet, 600007",13.0836587,80.2627243,https://gofix.co.in/,,,,,,,,"building=yes | description=GoFix Solutions India, a subsidiary of Congruence Holdings Pvt Ltd, specializes in repairing all types of
mobile phones and laptops, with expertise in Apple products like iPhones, iPads, and Apple
Watches. Using state-of-the-art equipment and machines, we",openstreetmap,"{""openstreetmap"": ""way:354261545""}",matched: solutions
GURUBARAN,20.0,low,Chennai,Tamil Nadu,India,"134 A, Arcot Road, Chennai, 600092",13.047745,80.1968463,https://gurubaran.in/,,,,,,,,description=DIGITAL MARKETING SERVICES CHENNAI,openstreetmap,"{""openstreetmap"": ""way:1213510141""}",matched: digital
Wacto,20.0,low,Chennai,Tamil Nadu,India,"85, Padmini complex, 2nd floor Gandhi nagar 1st main road, Chennai, 600020",13.0071216,80.255945,https://wacto.in/,,,,,,,,description=Omnichannel Marketing Solutions Provider,openstreetmap,"{""openstreetmap"": ""way:218163952""}",matched: solutions
ScienTrik Engineering Solutions,20.0,low,Coimbatore,Tamil Nadu,India,"NO 56, 8th street, Cross cut Road , Gandhipuram, 641 012",11.0184027,76.9652037,www.scientrik.com,,,,,,,,building=yes,openstreetmap,"{""openstreetmap"": ""way:1250904062""}",matched: solutions
Hawkworx Digital Marketing,20.0,low,Gurugram,Haryana,India,"OAHFEO WORKSPACES, 1094P,, Huda Colony, Sector 46, Gurugram, 122003",28.4364082,77.0516759,https://hawkworx.com,,,,,,,,"description=HawkWorx Digital is a leading website designing & development company in Gurgaon, delivering modern, responsive, and SEO-friendly websites for startups, small businesses, and enterprises. We specialize in business website designing,",openstreetmap,"{""openstreetmap"": ""node:13328525717""}",matched: digital
M2M Cybernetics,20.0,low,Gurugram,Haryana,India,"301, 4B, Mehrauli Gurgaon Road, Gurgaon, 122002",28.482859,77.1043088,http://www.m2mcybernetics.com,,,,,,,,office=company,openstreetmap,"{""openstreetmap"": ""node:267122070""}",matched: office=company
Sheet Metal Solutions,20.0,low,Gurugram,Haryana,India,"Plot - 2, Basai Chowk, Basai Enclave, Vikas Nagar, Sector 9, Gurugram, Haryana 122001",28.4568253,76.9896586,https://sheetmetalsolutions.co.in/,,,,,,,,craft=metal_construction | building=yes,openstreetmap,"{""openstreetmap"": ""way:1510233714""}",matched: solutions
iQi Solutions Pvt Ltd,20.0,low,Hyderabad,Telangana,India,"8-3-833/167, Sri Nagar Colony Main Road, hyderabad, 500073",17.4301373,78.4302537,https://www.trakkin.in/,,,,,,,,building=commercial,openstreetmap,"{""openstreetmap"": ""way:340234130""}",matched: solutions
Dr. Lal Path Labs,20.0,low,Indore,Madhya Pradesh,India,"Chandra lok square, Chandra lok square, Indore",22.7569453,75.8989153,https://www.lalpathlabs.com/,9993399884,,,,,,,,openstreetmap,"{""openstreetmap"": ""node:6201561022""}",matched: labs
Himank.digital,20.0,low,Indore,Madhya Pradesh,India,"193, Limbodi Main Road phase 1, Indore, 452020",22.6621357,75.8903879,https://himankpatel.com/,,,,,,,,description=Grow Your Business in this digital era with Himank Patel Digital Marketer,openstreetmap,"{""openstreetmap"": ""way:699852402""}",matched: digital
OMR Digital,20.0,low,Indore,Madhya Pradesh,India,"305-308, Commerce House, Janjeerwala square, Indore, 452001",22.7252527,75.8828086,https://www.omrdigital.com,,,,,,,,office=private,openstreetmap,"{""openstreetmap"": ""node:6503321830""}",matched: digital
Smile Indore Dental Solutions,20.0,low,Indore,Madhya Pradesh,India,The Magnate Building,22.7270911,75.8833516,www.smileindore.com,,,,,,,,amenity=dentist,openstreetmap,"{""openstreetmap"": ""node:6202835048""}",matched: solutions
MSM Coretech Innovations,20.0,low,Jaipur,Rajasthan,India,"311, Sector 7, Shipra Path, Mansarovar, Jaipur, 302020",26.8581499,75.7726635,https://msmcoretech.com/,,,,,,,,"building=commercial | description=MSM CoreTech Innovations is a team of thinkers, coders, graphic designers, and digital marketers who believe good tech should just work, cleanly, clearly, and without guesswork.",openstreetmap,"{""openstreetmap"": ""way:576969472""}",matched: digital
Freezonfoodz Frozen Chicken Three Idiots Media,20.0,low,Kochi,Kerala,India,"Nethaji Road Edappally, Ernakulam, 682024",10.0337366,76.3041681,https://threeidiotsmedia.com/,,,,,,,,"office=advertising_agency | shop=frozen_food | description=Three Idiots Media is a Creative Media Agency In Kochi specialising in Branding,Ad films,Digital marketing,Movie production and Movie distribution.",openstreetmap,"{""openstreetmap"": ""node:7473029217""}",matched: digital
Moldbreaker Studio,20.0,low,Kolkata,West Bengal,India,,22.6314782,88.4736349,https://moldbreaker.studio,,,,,,,,description=A design & digital marketing studio.,openstreetmap,"{""openstreetmap"": ""node:10619979229""}",matched: digital
Tophill Digital Marketing,20.0,low,Kolkata,West Bengal,India,"9, Sarada Moni Park, Palpara 2nd Auto Stand, Bansdroni, kolkata, 700070",22.4596625,88.3535916,https://tophilldigitalmarketing.com,,,,,,,,,openstreetmap,"{""openstreetmap"": ""node:13394141112""}",matched: digital
Aarthi Scans & Labs,20.0,low,Mumbai,Maharashtra,India,"Acharya Donde Marg, Mumbai, 400012",19.0001134,72.846718,http://www.aarthiscan.com/,+91-7349673496,,,,,,,,openstreetmap,"{""openstreetmap"": ""node:13737585131""}",matched: labs
"F1 Shed , Virtual Labs",20.0,low,Mumbai,Maharashtra,India,,19.133516,72.9189652,http://vlabs.iitb.ac.in/vlab/,+91-22-25764227,,,,,,,"building=garage | description=Office of Virtual Labs, IIT Bombay.",openstreetmap,"{""openstreetmap"": ""way:622549204""}",matched: labs
Vyas Giannetti Creative,20.0,low,Mumbai,Maharashtra,India,"A3/105, Sitaram Jadhav Marg, Lower Parel (W), Mumbai, 400013",18.9945149,72.8282115,https://www.vgc.in/,,,,,,,,"building=yes | description=VGC was founded in 1997 with the vision to transform the marketplace through Strategic Integrated Design and Innovative Communication Solutions. We have worked with over 100 leading brands, over two decades and today we are one of India’s top creative age",openstreetmap,"{""openstreetmap"": ""relation:5351001""}",matched: solutions
ZOOT DIGITAL PRIVATE LTD.,20.0,low,Mumbai,Maharashtra,India,"203, First Floor, Haware Fantasia Business Park Corporate wing, F-188, Sector 30A, Vashi, Navi Mumbai, Maharashtra 400705, Navi Mumbai, 400705",19.0655514,73.0024064,https://zootwebagency.com/,,,,,,,,"description=ZOOT DIGITAL PRIVATE LTD. – Your Partner for Digital Growth in Navi Mumbai

In today’s fast-paced online marketplace, having a strong digital presence is no longer optional—it’s essential. At ZOOT DIGITAL PRIVATE LTD., we specialize in delivering customiz",openstreetmap,"{""openstreetmap"": ""way:353772720""}",matched: digital
Ascent Business Solutions,20.0,low,Nagpur,Maharashtra,India,Nagpur,21.1198608,79.0487717,https://ascent-group.com/,,,,,,,,building=office,openstreetmap,"{""openstreetmap"": ""way:477500070""}",matched: solutions
Technokrafts Labs Pvt. Ltd.,20.0,low,Nashik,Maharashtra,India,"9, Sadgurukrupa Apartment, Aditya Nagar, Ashoka Marg, Nashik, 422011",19.9776441,73.8014324,https://www.technokrafts.com/,+91 253 2237780,,,,,,,,openstreetmap,"{""openstreetmap"": ""node:3287267927""}",matched: labs
Kraftshala,20.0,low,New Delhi,Delhi,India,"C-12, Feroze Gandhi Road, Delhi, 110024",28.5680646,77.2429952,https://www.kraftshala.com/,,,,,,,,"building=yes | description=Kraftshala is a fast-growing ed-tech company in India, that provides pay-after-placement courses in digital marketing.",openstreetmap,"{""openstreetmap"": ""way:1318613116""}",matched: digital
PS Law Firm,20.0,low,New Delhi,Delhi,India,,28.6294655,77.2321852,https://pslaw.co.in/,,,,,,,,"description=""PS Law Firm, based in New Delhi, is a renowned legal practice offering expert services in corporate law, litigation, intellectual property, and more. With a team of experienced professionals, the firm is dedicated to providing tailored legal solutions",openstreetmap,"{""openstreetmap"": ""node:3424259565""}",matched: solutions
Rank Tech Digital,20.0,low,New Delhi,Delhi,India,,28.6061522,77.0697384,https://ranktechdigital.com,,,,,,,,"office=advertising_agency | description=Rank Tech Digital is a Digital Marketing company specializes in Search Engine Optimization, Social Media Management, Graphic Designing, etc.",openstreetmap,"{""openstreetmap"": ""node:9909294637""}",matched: digital
AgreeYa Solutions Pvt. Ltd.,20.0,low,Noida,Uttar Pradesh,India,"B38 C/2, Sector 57, Noida, 201301",28.6051305,77.3546615,https://agreeya.com/,,,,,,,,building=yes,openstreetmap,"{""openstreetmap"": ""way:351117084""}",matched: solutions
Call Your Dhobi,20.0,low,Noida,Uttar Pradesh,India,"13/49, Geeta Colony Road, delhi, 110031",28.6394093,77.2732703,https://www.callyourdhobi.com/,9318433302,,,,,,,"description=Call your Dhobi is a new startup focused on meeting your day-to-day laundry needs. We understand that in this fast-moving world, you have to manage life in all its spheres.",openstreetmap,"{""openstreetmap"": ""node:10027880566""}",matched: startup
Figmanet Solutions Pvt Ltd,20.0,low,Noida,Uttar Pradesh,India,"4, 2nd Floor, B41, B Block, Sector 2, Noida, Uttar Pradesh 201301, Noida, 201301",28.5872929,77.3169546,https://www.figmanetsolutions.com/,,,,,,,,building=yes,openstreetmap,"{""openstreetmap"": ""way:348479308""}",matched: solutions
Mify Solutions Pvt. Ltd.,20.0,low,Noida,Uttar Pradesh,India,"H-163, Sector-63, Noida, 201301",28.6253374,77.3790074,https://www.mifysolutions.com/,,,,,,,,office=advertising_agency,openstreetmap,"{""openstreetmap"": ""node:10035546319""}",matched: solutions
panache softech Pvt Ltd,20.0,low,Noida,Uttar Pradesh,India,"A-44A, Noida, 201301",28.5799232,77.3148978,https://www.digitalaka.com/,,,,,,,,building=yes | description=DigitalAka is one of the top companies which offer latest Email marketing solutions worldwide. Also help you reach out to your targeted market in World,openstreetmap,"{""openstreetmap"": ""way:351852466""}",matched: solutions
Viswasi Digital Private Limited,20.0,low,Noida,Uttar Pradesh,India,,28.622584,77.3832315,https://www.viswasidigital.com/,,,,,,,,"description=Website Developer, Digital Marketer, Web Designer",openstreetmap,"{""openstreetmap"": ""node:10286840039""}",matched: digital
Eternal Solutions System,20.0,low,Pune,Maharashtra,India,"Signature Height, 803 C Wing, Wakad, Wakad, Pune, 411057",18.5980963,73.7529216,https://eternalsolutionssystem.com/,,,,,,,,building=apartments,openstreetmap,"{""openstreetmap"": ""way:359573655""}",matched: solutions
Osumare,20.0,low,Pune,Maharashtra,India,"8/565, Osumare, Survey No.43, Pathare - Thube Nagar, Kharadi, Pune, Maharashtra, 411014",18.5618408,73.9392839,https://osumare.com/,,,,,,,,"building=industrial | description=We tailor strategies to your unique goals, from SEO to social media, ensuring the perfect fit for your business. When you choose Osumare, you choose a digital marketing partner dedicated to your success. Join us and watch your business thrive online!",openstreetmap,"{""openstreetmap"": ""way:359795550""}",matched: digital
Chevli Softwares Solution,20.0,low,Surat,Gujarat,India,"M12/13, VIP Road, Surat, 395007",21.1342912,72.7906341,https://gsmchevli.com/,+91 98257 83454,,,,,,,shop=computer,openstreetmap,"{""openstreetmap"": ""node:11277389355""}",matched: computer
Citizen Digital Foundation,20.0,low,Thiruvananthapuram,Kerala,India,,8.5059747,76.9612889,https://citizendigitalfoundation.org,,,,,,,,office=ngo,openstreetmap,"{""openstreetmap"": ""node:13048461935""}",matched: digital
Indic Digital Archive Foundation,20.0,low,Thiruvananthapuram,Kerala,India,"MBRA-A4, Mathrubhumi Road, Thiruvananthapuram",8.4943993,76.9431374,https://indicarchive.org,,,,,,,,"office=ngo | description=Indic Digital Archive Foundation is a non-profit organisation that works on digital archival and preservation of Indic language cultural artefacts such as books, publications, and documents, making them available for open access.",openstreetmap,"{""openstreetmap"": ""node:13536708274""}",matched: digital
"Mamo TechnoLabs LLP , Vadodara",20.0,low,Vadodara,Gujarat,India,,22.2667002,73.2014976,https://mamotechnolabs.com/,,,,,,,,"description=MaMo Technolabs LLP – Web & Digital Marketing Company
Office No 27 to 29, RAAMA EMPERRO, 4th Floor,		 Besides Shell Petrol Pump, Jagdish Farshan Outlet,		 Manjalpur, Vadodara, Gujarat – 390011, India",openstreetmap,"{""openstreetmap"": ""node:13793986689""}",matched: digital
AM Digital Studio,20.0,low,Vijayawada,Andhra Pradesh,India,"munni kerana shop, sanath nagar",16.4937523,80.6774483,https://9052833777,,,,,,,,craft=photographer,openstreetmap,"{""openstreetmap"": ""node:12993650532""}",matched: digital
